segment_id,local_frame,original_video_frame,video_time_sec,segment_time_sec,excel_interval_start,excel_interval_end,segment_start_sec,segment_end_sec,source_video
scan_09_00,1,125,5.0,0.0,09:00:00,09:00:10,5.0,25.0,Week3_Behaviour_Dataset/data/videos/Unibo_scan_windows_clean.mp4
scan_09_00,2,126,5.04,0.04,09:00:00,09:00:10,5.0,25.0,Week3_Behaviour_Dataset/data/videos/Unibo_scan_windows_clean.mp4
scan_09_00,3,127,5.08,0.08,09:00:00,09:00:10,5.0,25.0,Week3_Behaviour_Dataset/data/videos/Unibo_scan_windows_clean.mp4
scan_09_00,4,128,5.12,0.12,09:00:00,09:00:10,5.0,25.0,Week3_Behaviour_Dataset/data/videos/Unibo_scan_windows_clean.mp4
scan_09_00,5,129,5.16,0.16,09:00:00,09:00:10,5.0,25.0,Week3_Behaviour_Dataset/data/videos/Unibo_scan_windows_clean.mp4
scan_09_00,6,130,5.2,0.2,09:00:00,09:00:10,5.0,25.0,Week3_Behaviour_Dataset/data/videos/Unibo_scan_windows_clean.mp4
scan_09_00,7,131,5.24,0.24,09:00:00,09:00:10,5.0,25.0,Week3_Behaviour_Dataset/data/videos/Unibo_scan_windows_clean.mp4
scan_09_00,8,132,5.28,0.28,09:00:00,09:00:10,5.0,25.0,Week3_Behaviour_Dataset/data/videos/Unibo_scan_windows_clean.mp4
scan_09_00,9,133,5.32,0.32,09:00:00,09:00:10,5.0,25.0,Week3_Behaviour_Dataset/data/videos/Unibo_scan_windows_clean.mp4
scan_09_00,10,134,5.36,0.36,09:00:00,09:00:10,5.0,25.0,Week3_Behaviour_Dataset/data/videos/Unibo_scan_windows_clean.mp4
scan_09_00,11,135,5.4,0.4,09:00:00,09:00:10,5.0,25.0,Week3_Behaviour_Dataset/data/videos/Unibo_scan_windows_clean.mp4
scan_09_00,12,136,5.44,0.44,09:00:00,09:00:10,5.0,25.0,Week3_Behaviour_Dataset/data/videos/Unibo_scan_windows_clean.mp4
scan_09_00,13,137,5.48,0.48,09:00:00,09:00:10,5.0,25.0,Week3_Behaviour_Dataset/data/videos/Unibo_scan_windows_clean.mp4
scan_09_00,14,138,5.52,0.52,09:00:00,09:00:10,5.0,25.0,Week3_Behaviour_Dataset/data/videos/Unibo_scan_windows_clean.mp4
scan_09_00,15,139,5.56,0.56,09:00:00,09:00:10,5.0,25.0,Week3_Behaviour_Dataset/data/videos/Unibo_scan_windows_clean.mp4
scan_09_00,16,140,5.6,0.6,09:00:00,09:00:10,5.0,25.0,Week3_Behaviour_Dataset/data/videos/Unibo_scan_windows_clean.mp4
scan_09_00,17,141,5.64,0.64,09:00:00,09:00:10,5.0,25.0,Week3_Behaviour_Dataset/data/videos/Unibo_scan_windows_clean.mp4
scan_09_00,18,142,5.68,0.68,09:00:00,09:00:10,5.0,25.0,Week3_Behaviour_Dataset/data/videos/Unibo_scan_windows_clean.mp4
scan_09_00,19,143,5.72,0.72,09:00:00,09:00:10,5.0,25.0,Week3_Behaviour_Dataset/data/videos/Unibo_scan_windows_clean.mp4
scan_09_00,20,144,5.76,0.76,09:00:00,09:00:10,5.0,25.0,Week3_Behaviour_Dataset/data/videos/Unibo_scan_windows_clean.mp4
scan_09_00,21,145,5.8,0.8,09:00:00,09:00:10,5.0,25.0,Week3_Behaviour_Dataset/data/videos/Unibo_scan_windows_clean.mp4
scan_09_00,22,146,5.84,0.84,09:00:00,09:00:10,5.0,25.0,Week3_Behaviour_Dataset/data/videos/Unibo_scan_windows_clean.mp4
scan_09_00,23,147,5.88,0.88,09:00:00,09:00:10,5.0,25.0,Week3_Behaviour_Dataset/data/videos/Unibo_scan_windows_clean.mp4
scan_09_00,24,148,5.92,0.92,09:00:00,09:00:10,5.0,25.0,Week3_Behaviour_Dataset/data/videos/Unibo_scan_windows_clean.mp4
scan_09_00,25,149,5.96,0.96,09:00:00,09:00:10,5.0,25.0,Week3_Behaviour_Dataset/data/videos/Unibo_scan_windows_clean.mp4
scan_09_00,26,150,6.0,1.0,09:00:00,09:00:10,5.0,25.0,Week3_Behaviour_Dataset/data/videos/Unibo_scan_windows_clean.mp4
scan_09_00,27,151,6.04,1.04,09:00:00,09:00:10,5.0,25.0,Week3_Behaviour_Dataset/data/videos/Unibo_scan_windows_clean.mp4
scan_09_00,28,152,6.08,1.08,09:00:00,09:00:10,5.0,25.0,Week3_Behaviour_Dataset/data/videos/Unibo_scan_windows_clean.mp4
scan_09_00,29,153,6.12,1.12,09:00:00,09:00:10,5.0,25.0,Week3_Behaviour_Dataset/data/videos/Unibo_scan_windows_clean.mp4
scan_09_00,30,154,6.16,1.16,09:00:00,09:00:10,5.0,25.0,Week3_Behaviour_Dataset/data/videos/Unibo_scan_windows_clean.mp4
scan_09_00,31,155,6.2,1.2,09:00:00,09:00:10,5.0,25.0,Week3_Behaviour_Dataset/data/videos/Unibo_scan_windows_clean.mp4
scan_09_00,32,156,6.24,1.24,09:00:00,09:00:10,5.0,25.0,Week3_Behaviour_Dataset/data/videos/Unibo_scan_windows_clean.mp4
scan_09_00,33,157,6.28,1.28,09:00:00,09:00:10,5.0,25.0,Week3_Behaviour_Dataset/data/videos/Unibo_scan_windows_clean.mp4
scan_09_00,34,158,6.32,1.32,09:00:00,09:00:10,5.0,25.0,Week3_Behaviour_Dataset/data/videos/Unibo_scan_windows_clean.mp4
scan_09_00,35,159,6.36,1.36,09:00:00,09:00:10,5.0,25.0,Week3_Behaviour_Dataset/data/videos/Unibo_scan_windows_clean.mp4
scan_09_00,36,160,6.4,1.4,09:00:00,09:00:10,5.0,25.0,Week3_Behaviour_Dataset/data/videos/Unibo_scan_windows_clean.mp4
scan_09_00,37,161,6.44,1.44,09:00:00,09:00:10,5.0,25.0,Week3_Behaviour_Dataset/data/videos/Unibo_scan_windows_clean.mp4
scan_09_00,38,162,6.48,1.48,09:00:00,09:00:10,5.0,25.0,Week3_Behaviour_Dataset/data/videos/Unibo_scan_windows_clean.mp4
scan_09_00,39,163,6.52,1.52,09:00:00,09:00:10,5.0,25.0,Week3_Behaviour_Dataset/data/videos/Unibo_scan_windows_clean.mp4
scan_09_00,40,164,6.56,1.56,09:00:00,09:00:10,5.0,25.0,Week3_Behaviour_Dataset/data/videos/Unibo_scan_windows_clean.mp4
scan_09_00,41,165,6.6,1.6,09:00:00,09:00:10,5.0,25.0,Week3_Behaviour_Dataset/data/videos/Unibo_scan_windows_clean.mp4
scan_09_00,42,166,6.64,1.64,09:00:00,09:00:10,5.0,25.0,Week3_Behaviour_Dataset/data/videos/Unibo_scan_windows_clean.mp4
scan_09_00,43,167,6.68,1.68,09:00:00,09:00:10,5.0,25.0,Week3_Behaviour_Dataset/data/videos/Unibo_scan_windows_clean.mp4
scan_09_00,44,168,6.72,1.72,09:00:00,09:00:10,5.0,25.0,Week3_Behaviour_Dataset/data/videos/Unibo_scan_windows_clean.mp4
scan_09_00,45,169,6.76,1.76,09:00:00,09:00:10,5.0,25.0,Week3_Behaviour_Dataset/data/videos/Unibo_scan_windows_clean.mp4
scan_09_00,46,170,6.8,1.8,09:00:00,09:00:10,5.0,25.0,Week3_Behaviour_Dataset/data/videos/Unibo_scan_windows_clean.mp4
scan_09_00,47,171,6.84,1.84,09:00:00,09:00:10,5.0,25.0,Week3_Behaviour_Dataset/data/videos/Unibo_scan_windows_clean.mp4
scan_09_00,48,172,6.88,1.88,09:00:00,09:00:10,5.0,25.0,Week3_Behaviour_Dataset/data/videos/Unibo_scan_windows_clean.mp4
scan_09_00,49,173,6.92,1.92,09:00:00,09:00:10,5.0,25.0,Week3_Behaviour_Dataset/data/videos/Unibo_scan_windows_clean.mp4
scan_09_00,50,174,6.96,1.96,09:00:00,09:00:10,5.0,25.0,Week3_Behaviour_Dataset/data/videos/Unibo_scan_windows_clean.mp4
scan_09_00,51,175,7.0,2.0,09:00:00,09:00:10,5.0,25.0,Week3_Behaviour_Dataset/data/videos/Unibo_scan_windows_clean.mp4
scan_09_00,52,176,7.04,2.04,09:00:00,09:00:10,5.0,25.0,Week3_Behaviour_Dataset/data/videos/Unibo_scan_windows_clean.mp4
scan_09_00,53,177,7.08,2.08,09:00:00,09:00:10,5.0,25.0,Week3_Behaviour_Dataset/data/videos/Unibo_scan_windows_clean.mp4
scan_09_00,54,178,7.12,2.12,09:00:00,09:00:10,5.0,25.0,Week3_Behaviour_Dataset/data/videos/Unibo_scan_windows_clean.mp4
scan_09_00,55,179,7.16,2.16,09:00:00,09:00:10,5.0,25.0,Week3_Behaviour_Dataset/data/videos/Unibo_scan_windows_clean.mp4
scan_09_00,56,180,7.2,2.2,09:00:00,09:00:10,5.0,25.0,Week3_Behaviour_Dataset/data/videos/Unibo_scan_windows_clean.mp4
scan_09_00,57,181,7.24,2.24,09:00:00,09:00:10,5.0,25.0,Week3_Behaviour_Dataset/data/videos/Unibo_scan_windows_clean.mp4
scan_09_00,58,182,7.28,2.28,09:00:00,09:00:10,5.0,25.0,Week3_Behaviour_Dataset/data/videos/Unibo_scan_windows_clean.mp4
scan_09_00,59,183,7.32,2.32,09:00:00,09:00:10,5.0,25.0,Week3_Behaviour_Dataset/data/videos/Unibo_scan_windows_clean.mp4
scan_09_00,60,184,7.36,2.36,09:00:00,09:00:10,5.0,25.0,Week3_Behaviour_Dataset/data/videos/Unibo_scan_windows_clean.mp4
scan_09_00,61,185,7.4,2.4,09:00:00,09:00:10,5.0,25.0,Week3_Behaviour_Dataset/data/videos/Unibo_scan_windows_clean.mp4
scan_09_00,62,186,7.44,2.44,09:00:00,09:00:10,5.0,25.0,Week3_Behaviour_Dataset/data/videos/Unibo_scan_windows_clean.mp4
scan_09_00,63,187,7.48,2.48,09:00:00,09:00:10,5.0,25.0,Week3_Behaviour_Dataset/data/videos/Unibo_scan_windows_clean.mp4
scan_09_00,64,188,7.52,2.52,09:00:00,09:00:10,5.0,25.0,Week3_Behaviour_Dataset/data/videos/Unibo_scan_windows_clean.mp4
scan_09_00,65,189,7.56,2.56,09:00:00,09:00:10,5.0,25.0,Week3_Behaviour_Dataset/data/videos/Unibo_scan_windows_clean.mp4
scan_09_00,66,190,7.6,2.6,09:00:00,09:00:10,5.0,25.0,Week3_Behaviour_Dataset/data/videos/Unibo_scan_windows_clean.mp4
scan_09_00,67,191,7.64,2.64,09:00:00,09:00:10,5.0,25.0,Week3_Behaviour_Dataset/data/videos/Unibo_scan_windows_clean.mp4
scan_09_00,68,192,7.68,2.68,09:00:00,09:00:10,5.0,25.0,Week3_Behaviour_Dataset/data/videos/Unibo_scan_windows_clean.mp4
scan_09_00,69,193,7.72,2.72,09:00:00,09:00:10,5.0,25.0,Week3_Behaviour_Dataset/data/videos/Unibo_scan_windows_clean.mp4
scan_09_00,70,194,7.76,2.76,09:00:00,09:00:10,5.0,25.0,Week3_Behaviour_Dataset/data/videos/Unibo_scan_windows_clean.mp4
scan_09_00,71,195,7.8,2.8,09:00:00,09:00:10,5.0,25.0,Week3_Behaviour_Dataset/data/videos/Unibo_scan_windows_clean.mp4
scan_09_00,72,196,7.84,2.84,09:00:00,09:00:10,5.0,25.0,Week3_Behaviour_Dataset/data/videos/Unibo_scan_windows_clean.mp4
scan_09_00,73,197,7.88,2.88,09:00:00,09:00:10,5.0,25.0,Week3_Behaviour_Dataset/data/videos/Unibo_scan_windows_clean.mp4
scan_09_00,74,198,7.92,2.92,09:00:00,09:00:10,5.0,25.0,Week3_Behaviour_Dataset/data/videos/Unibo_scan_windows_clean.mp4
scan_09_00,75,199,7.96,2.96,09:00:00,09:00:10,5.0,25.0,Week3_Behaviour_Dataset/data/videos/Unibo_scan_windows_clean.mp4
scan_09_00,76,200,8.0,3.0,09:00:00,09:00:10,5.0,25.0,Week3_Behaviour_Dataset/data/videos/Unibo_scan_windows_clean.mp4
scan_09_00,77,201,8.04,3.04,09:00:00,09:00:10,5.0,25.0,Week3_Behaviour_Dataset/data/videos/Unibo_scan_windows_clean.mp4
scan_09_00,78,202,8.08,3.08,09:00:00,09:00:10,5.0,25.0,Week3_Behaviour_Dataset/data/videos/Unibo_scan_windows_clean.mp4
scan_09_00,79,203,8.12,3.12,09:00:00,09:00:10,5.0,25.0,Week3_Behaviour_Dataset/data/videos/Unibo_scan_windows_clean.mp4
scan_09_00,80,204,8.16,3.16,09:00:00,09:00:10,5.0,25.0,Week3_Behaviour_Dataset/data/videos/Unibo_scan_windows_clean.mp4
scan_09_00,81,205,8.2,3.2,09:00:00,09:00:10,5.0,25.0,Week3_Behaviour_Dataset/data/videos/Unibo_scan_windows_clean.mp4
scan_09_00,82,206,8.24,3.24,09:00:00,09:00:10,5.0,25.0,Week3_Behaviour_Dataset/data/videos/Unibo_scan_windows_clean.mp4
scan_09_00,83,207,8.28,3.28,09:00:00,09:00:10,5.0,25.0,Week3_Behaviour_Dataset/data/videos/Unibo_scan_windows_clean.mp4
scan_09_00,84,208,8.32,3.32,09:00:00,09:00:10,5.0,25.0,Week3_Behaviour_Dataset/data/videos/Unibo_scan_windows_clean.mp4
scan_09_00,85,209,8.36,3.36,09:00:00,09:00:10,5.0,25.0,Week3_Behaviour_Dataset/data/videos/Unibo_scan_windows_clean.mp4
scan_09_00,86,210,8.4,3.4,09:00:00,09:00:10,5.0,25.0,Week3_Behaviour_Dataset/data/videos/Unibo_scan_windows_clean.mp4
scan_09_00,87,211,8.44,3.44,09:00:00,09:00:10,5.0,25.0,Week3_Behaviour_Dataset/data/videos/Unibo_scan_windows_clean.mp4
scan_09_00,88,212,8.48,3.48,09:00:00,09:00:10,5.0,25.0,Week3_Behaviour_Dataset/data/videos/Unibo_scan_windows_clean.mp4
scan_09_00,89,213,8.52,3.52,09:00:00,09:00:10,5.0,25.0,Week3_Behaviour_Dataset/data/videos/Unibo_scan_windows_clean.mp4
scan_09_00,90,214,8.56,3.56,09:00:00,09:00:10,5.0,25.0,Week3_Behaviour_Dataset/data/videos/Unibo_scan_windows_clean.mp4
scan_09_00,91,215,8.6,3.6,09:00:00,09:00:10,5.0,25.0,Week3_Behaviour_Dataset/data/videos/Unibo_scan_windows_clean.mp4
scan_09_00,92,216,8.64,3.64,09:00:00,09:00:10,5.0,25.0,Week3_Behaviour_Dataset/data/videos/Unibo_scan_windows_clean.mp4
scan_09_00,93,217,8.68,3.68,09:00:00,09:00:10,5.0,25.0,Week3_Behaviour_Dataset/data/videos/Unibo_scan_windows_clean.mp4
scan_09_00,94,218,8.72,3.72,09:00:00,09:00:10,5.0,25.0,Week3_Behaviour_Dataset/data/videos/Unibo_scan_windows_clean.mp4
scan_09_00,95,219,8.76,3.76,09:00:00,09:00:10,5.0,25.0,Week3_Behaviour_Dataset/data/videos/Unibo_scan_windows_clean.mp4
scan_09_00,96,220,8.8,3.8,09:00:00,09:00:10,5.0,25.0,Week3_Behaviour_Dataset/data/videos/Unibo_scan_windows_clean.mp4
scan_09_00,97,221,8.84,3.84,09:00:00,09:00:10,5.0,25.0,Week3_Behaviour_Dataset/data/videos/Unibo_scan_windows_clean.mp4
scan_09_00,98,222,8.88,3.88,09:00:00,09:00:10,5.0,25.0,Week3_Behaviour_Dataset/data/videos/Unibo_scan_windows_clean.mp4
scan_09_00,99,223,8.92,3.92,09:00:00,09:00:10,5.0,25.0,Week3_Behaviour_Dataset/data/videos/Unibo_scan_windows_clean.mp4
scan_09_00,100,224,8.96,3.96,09:00:00,09:00:10,5.0,25.0,Week3_Behaviour_Dataset/data/videos/Unibo_scan_windows_clean.mp4
scan_09_00,101,225,9.0,4.0,09:00:00,09:00:10,5.0,25.0,Week3_Behaviour_Dataset/data/videos/Unibo_scan_windows_clean.mp4
scan_09_00,102,226,9.04,4.04,09:00:00,09:00:10,5.0,25.0,Week3_Behaviour_Dataset/data/videos/Unibo_scan_windows_clean.mp4
scan_09_00,103,227,9.08,4.08,09:00:00,09:00:10,5.0,25.0,Week3_Behaviour_Dataset/data/videos/Unibo_scan_windows_clean.mp4
scan_09_00,104,228,9.12,4.12,09:00:00,09:00:10,5.0,25.0,Week3_Behaviour_Dataset/data/videos/Unibo_scan_windows_clean.mp4
scan_09_00,105,229,9.16,4.16,09:00:00,09:00:10,5.0,25.0,Week3_Behaviour_Dataset/data/videos/Unibo_scan_windows_clean.mp4
scan_09_00,106,230,9.2,4.2,09:00:00,09:00:10,5.0,25.0,Week3_Behaviour_Dataset/data/videos/Unibo_scan_windows_clean.mp4
scan_09_00,107,231,9.24,4.24,09:00:00,09:00:10,5.0,25.0,Week3_Behaviour_Dataset/data/videos/Unibo_scan_windows_clean.mp4
scan_09_00,108,232,9.28,4.28,09:00:00,09:00:10,5.0,25.0,Week3_Behaviour_Dataset/data/videos/Unibo_scan_windows_clean.mp4
scan_09_00,109,233,9.32,4.32,09:00:00,09:00:10,5.0,25.0,Week3_Behaviour_Dataset/data/videos/Unibo_scan_windows_clean.mp4
scan_09_00,110,234,9.36,4.36,09:00:00,09:00:10,5.0,25.0,Week3_Behaviour_Dataset/data/videos/Unibo_scan_windows_clean.mp4
scan_09_00,111,235,9.4,4.4,09:00:00,09:00:10,5.0,25.0,Week3_Behaviour_Dataset/data/videos/Unibo_scan_windows_clean.mp4
scan_09_00,112,236,9.44,4.44,09:00:00,09:00:10,5.0,25.0,Week3_Behaviour_Dataset/data/videos/Unibo_scan_windows_clean.mp4
scan_09_00,113,237,9.48,4.48,09:00:00,09:00:10,5.0,25.0,Week3_Behaviour_Dataset/data/videos/Unibo_scan_windows_clean.mp4
scan_09_00,114,238,9.52,4.52,09:00:00,09:00:10,5.0,25.0,Week3_Behaviour_Dataset/data/videos/Unibo_scan_windows_clean.mp4
scan_09_00,115,239,9.56,4.56,09:00:00,09:00:10,5.0,25.0,Week3_Behaviour_Dataset/data/videos/Unibo_scan_windows_clean.mp4
scan_09_00,116,240,9.6,4.6,09:00:00,09:00:10,5.0,25.0,Week3_Behaviour_Dataset/data/videos/Unibo_scan_windows_clean.mp4
scan_09_00,117,241,9.64,4.64,09:00:00,09:00:10,5.0,25.0,Week3_Behaviour_Dataset/data/videos/Unibo_scan_windows_clean.mp4
scan_09_00,118,242,9.68,4.68,09:00:00,09:00:10,5.0,25.0,Week3_Behaviour_Dataset/data/videos/Unibo_scan_windows_clean.mp4
scan_09_00,119,243,9.72,4.72,09:00:00,09:00:10,5.0,25.0,Week3_Behaviour_Dataset/data/videos/Unibo_scan_windows_clean.mp4
scan_09_00,120,244,9.76,4.76,09:00:00,09:00:10,5.0,25.0,Week3_Behaviour_Dataset/data/videos/Unibo_scan_windows_clean.mp4
scan_09_00,121,245,9.8,4.8,09:00:00,09:00:10,5.0,25.0,Week3_Behaviour_Dataset/data/videos/Unibo_scan_windows_clean.mp4
scan_09_00,122,246,9.84,4.84,09:00:00,09:00:10,5.0,25.0,Week3_Behaviour_Dataset/data/videos/Unibo_scan_windows_clean.mp4
scan_09_00,123,247,9.88,4.88,09:00:00,09:00:10,5.0,25.0,Week3_Behaviour_Dataset/data/videos/Unibo_scan_windows_clean.mp4
scan_09_00,124,248,9.92,4.92,09:00:00,09:00:10,5.0,25.0,Week3_Behaviour_Dataset/data/videos/Unibo_scan_windows_clean.mp4
scan_09_00,125,249,9.96,4.96,09:00:00,09:00:10,5.0,25.0,Week3_Behaviour_Dataset/data/videos/Unibo_scan_windows_clean.mp4
scan_09_00,126,250,10.0,5.0,09:00:00,09:00:10,5.0,25.0,Week3_Behaviour_Dataset/data/videos/Unibo_scan_windows_clean.mp4
scan_09_00,127,251,10.04,5.04,09:00:00,09:00:10,5.0,25.0,Week3_Behaviour_Dataset/data/videos/Unibo_scan_windows_clean.mp4
scan_09_00,128,252,10.08,5.08,09:00:00,09:00:10,5.0,25.0,Week3_Behaviour_Dataset/data/videos/Unibo_scan_windows_clean.mp4
scan_09_00,129,253,10.12,5.12,09:00:00,09:00:10,5.0,25.0,Week3_Behaviour_Dataset/data/videos/Unibo_scan_windows_clean.mp4
scan_09_00,130,254,10.16,5.16,09:00:00,09:00:10,5.0,25.0,Week3_Behaviour_Dataset/data/videos/Unibo_scan_windows_clean.mp4
scan_09_00,131,255,10.2,5.2,09:00:00,09:00:10,5.0,25.0,Week3_Behaviour_Dataset/data/videos/Unibo_scan_windows_clean.mp4
scan_09_00,132,256,10.24,5.24,09:00:00,09:00:10,5.0,25.0,Week3_Behaviour_Dataset/data/videos/Unibo_scan_windows_clean.mp4
scan_09_00,133,257,10.28,5.28,09:00:00,09:00:10,5.0,25.0,Week3_Behaviour_Dataset/data/videos/Unibo_scan_windows_clean.mp4
scan_09_00,134,258,10.32,5.32,09:00:00,09:00:10,5.0,25.0,Week3_Behaviour_Dataset/data/videos/Unibo_scan_windows_clean.mp4
scan_09_00,135,259,10.36,5.36,09:00:00,09:00:10,5.0,25.0,Week3_Behaviour_Dataset/data/videos/Unibo_scan_windows_clean.mp4
scan_09_00,136,260,10.4,5.4,09:00:00,09:00:10,5.0,25.0,Week3_Behaviour_Dataset/data/videos/Unibo_scan_windows_clean.mp4
scan_09_00,137,261,10.44,5.44,09:00:00,09:00:10,5.0,25.0,Week3_Behaviour_Dataset/data/videos/Unibo_scan_windows_clean.mp4
scan_09_00,138,262,10.48,5.48,09:00:00,09:00:10,5.0,25.0,Week3_Behaviour_Dataset/data/videos/Unibo_scan_windows_clean.mp4
scan_09_00,139,263,10.52,5.52,09:00:00,09:00:10,5.0,25.0,Week3_Behaviour_Dataset/data/videos/Unibo_scan_windows_clean.mp4
scan_09_00,140,264,10.56,5.56,09:00:00,09:00:10,5.0,25.0,Week3_Behaviour_Dataset/data/videos/Unibo_scan_windows_clean.mp4
scan_09_00,141,265,10.6,5.6,09:00:00,09:00:10,5.0,25.0,Week3_Behaviour_Dataset/data/videos/Unibo_scan_windows_clean.mp4
scan_09_00,142,266,10.64,5.64,09:00:00,09:00:10,5.0,25.0,Week3_Behaviour_Dataset/data/videos/Unibo_scan_windows_clean.mp4
scan_09_00,143,267,10.68,5.68,09:00:00,09:00:10,5.0,25.0,Week3_Behaviour_Dataset/data/videos/Unibo_scan_windows_clean.mp4
scan_09_00,144,268,10.72,5.72,09:00:00,09:00:10,5.0,25.0,Week3_Behaviour_Dataset/data/videos/Unibo_scan_windows_clean.mp4
scan_09_00,145,269,10.76,5.76,09:00:00,09:00:10,5.0,25.0,Week3_Behaviour_Dataset/data/videos/Unibo_scan_windows_clean.mp4
scan_09_00,146,270,10.8,5.8,09:00:00,09:00:10,5.0,25.0,Week3_Behaviour_Dataset/data/videos/Unibo_scan_windows_clean.mp4
scan_09_00,147,271,10.84,5.84,09:00:00,09:00:10,5.0,25.0,Week3_Behaviour_Dataset/data/videos/Unibo_scan_windows_clean.mp4
scan_09_00,148,272,10.88,5.88,09:00:00,09:00:10,5.0,25.0,Week3_Behaviour_Dataset/data/videos/Unibo_scan_windows_clean.mp4
scan_09_00,149,273,10.92,5.92,09:00:00,09:00:10,5.0,25.0,Week3_Behaviour_Dataset/data/videos/Unibo_scan_windows_clean.mp4
scan_09_00,150,274,10.96,5.96,09:00:00,09:00:10,5.0,25.0,Week3_Behaviour_Dataset/data/videos/Unibo_scan_windows_clean.mp4
scan_09_00,151,275,11.0,6.0,09:00:00,09:00:10,5.0,25.0,Week3_Behaviour_Dataset/data/videos/Unibo_scan_windows_clean.mp4
scan_09_00,152,276,11.04,6.04,09:00:00,09:00:10,5.0,25.0,Week3_Behaviour_Dataset/data/videos/Unibo_scan_windows_clean.mp4
scan_09_00,153,277,11.08,6.08,09:00:00,09:00:10,5.0,25.0,Week3_Behaviour_Dataset/data/videos/Unibo_scan_windows_clean.mp4
scan_09_00,154,278,11.12,6.12,09:00:00,09:00:10,5.0,25.0,Week3_Behaviour_Dataset/data/videos/Unibo_scan_windows_clean.mp4
scan_09_00,155,279,11.16,6.16,09:00:00,09:00:10,5.0,25.0,Week3_Behaviour_Dataset/data/videos/Unibo_scan_windows_clean.mp4
scan_09_00,156,280,11.2,6.2,09:00:00,09:00:10,5.0,25.0,Week3_Behaviour_Dataset/data/videos/Unibo_scan_windows_clean.mp4
scan_09_00,157,281,11.24,6.24,09:00:00,09:00:10,5.0,25.0,Week3_Behaviour_Dataset/data/videos/Unibo_scan_windows_clean.mp4
scan_09_00,158,282,11.28,6.28,09:00:00,09:00:10,5.0,25.0,Week3_Behaviour_Dataset/data/videos/Unibo_scan_windows_clean.mp4
scan_09_00,159,283,11.32,6.32,09:00:00,09:00:10,5.0,25.0,Week3_Behaviour_Dataset/data/videos/Unibo_scan_windows_clean.mp4
scan_09_00,160,284,11.36,6.36,09:00:00,09:00:10,5.0,25.0,Week3_Behaviour_Dataset/data/videos/Unibo_scan_windows_clean.mp4
scan_09_00,161,285,11.4,6.4,09:00:00,09:00:10,5.0,25.0,Week3_Behaviour_Dataset/data/videos/Unibo_scan_windows_clean.mp4
scan_09_00,162,286,11.44,6.44,09:00:00,09:00:10,5.0,25.0,Week3_Behaviour_Dataset/data/videos/Unibo_scan_windows_clean.mp4
scan_09_00,163,287,11.48,6.48,09:00:00,09:00:10,5.0,25.0,Week3_Behaviour_Dataset/data/videos/Unibo_scan_windows_clean.mp4
scan_09_00,164,288,11.52,6.52,09:00:00,09:00:10,5.0,25.0,Week3_Behaviour_Dataset/data/videos/Unibo_scan_windows_clean.mp4
scan_09_00,165,289,11.56,6.56,09:00:00,09:00:10,5.0,25.0,Week3_Behaviour_Dataset/data/videos/Unibo_scan_windows_clean.mp4
scan_09_00,166,290,11.6,6.6,09:00:00,09:00:10,5.0,25.0,Week3_Behaviour_Dataset/data/videos/Unibo_scan_windows_clean.mp4
scan_09_00,167,291,11.64,6.64,09:00:00,09:00:10,5.0,25.0,Week3_Behaviour_Dataset/data/videos/Unibo_scan_windows_clean.mp4
scan_09_00,168,292,11.68,6.68,09:00:00,09:00:10,5.0,25.0,Week3_Behaviour_Dataset/data/videos/Unibo_scan_windows_clean.mp4
scan_09_00,169,293,11.72,6.72,09:00:00,09:00:10,5.0,25.0,Week3_Behaviour_Dataset/data/videos/Unibo_scan_windows_clean.mp4
scan_09_00,170,294,11.76,6.76,09:00:00,09:00:10,5.0,25.0,Week3_Behaviour_Dataset/data/videos/Unibo_scan_windows_clean.mp4
scan_09_00,171,295,11.8,6.8,09:00:00,09:00:10,5.0,25.0,Week3_Behaviour_Dataset/data/videos/Unibo_scan_windows_clean.mp4
scan_09_00,172,296,11.84,6.84,09:00:00,09:00:10,5.0,25.0,Week3_Behaviour_Dataset/data/videos/Unibo_scan_windows_clean.mp4
scan_09_00,173,297,11.88,6.88,09:00:00,09:00:10,5.0,25.0,Week3_Behaviour_Dataset/data/videos/Unibo_scan_windows_clean.mp4
scan_09_00,174,298,11.92,6.92,09:00:00,09:00:10,5.0,25.0,Week3_Behaviour_Dataset/data/videos/Unibo_scan_windows_clean.mp4
scan_09_00,175,299,11.96,6.96,09:00:00,09:00:10,5.0,25.0,Week3_Behaviour_Dataset/data/videos/Unibo_scan_windows_clean.mp4
scan_09_00,176,300,12.0,7.0,09:00:00,09:00:10,5.0,25.0,Week3_Behaviour_Dataset/data/videos/Unibo_scan_windows_clean.mp4
scan_09_00,177,301,12.04,7.04,09:00:00,09:00:10,5.0,25.0,Week3_Behaviour_Dataset/data/videos/Unibo_scan_windows_clean.mp4
scan_09_00,178,302,12.08,7.08,09:00:00,09:00:10,5.0,25.0,Week3_Behaviour_Dataset/data/videos/Unibo_scan_windows_clean.mp4
scan_09_00,179,303,12.12,7.12,09:00:00,09:00:10,5.0,25.0,Week3_Behaviour_Dataset/data/videos/Unibo_scan_windows_clean.mp4
scan_09_00,180,304,12.16,7.16,09:00:00,09:00:10,5.0,25.0,Week3_Behaviour_Dataset/data/videos/Unibo_scan_windows_clean.mp4
scan_09_00,181,305,12.2,7.2,09:00:00,09:00:10,5.0,25.0,Week3_Behaviour_Dataset/data/videos/Unibo_scan_windows_clean.mp4
scan_09_00,182,306,12.24,7.24,09:00:00,09:00:10,5.0,25.0,Week3_Behaviour_Dataset/data/videos/Unibo_scan_windows_clean.mp4
scan_09_00,183,307,12.28,7.28,09:00:00,09:00:10,5.0,25.0,Week3_Behaviour_Dataset/data/videos/Unibo_scan_windows_clean.mp4
scan_09_00,184,308,12.32,7.32,09:00:00,09:00:10,5.0,25.0,Week3_Behaviour_Dataset/data/videos/Unibo_scan_windows_clean.mp4
scan_09_00,185,309,12.36,7.36,09:00:00,09:00:10,5.0,25.0,Week3_Behaviour_Dataset/data/videos/Unibo_scan_windows_clean.mp4
scan_09_00,186,310,12.4,7.4,09:00:00,09:00:10,5.0,25.0,Week3_Behaviour_Dataset/data/videos/Unibo_scan_windows_clean.mp4
scan_09_00,187,311,12.44,7.44,09:00:00,09:00:10,5.0,25.0,Week3_Behaviour_Dataset/data/videos/Unibo_scan_windows_clean.mp4
scan_09_00,188,312,12.48,7.48,09:00:00,09:00:10,5.0,25.0,Week3_Behaviour_Dataset/data/videos/Unibo_scan_windows_clean.mp4
scan_09_00,189,313,12.52,7.52,09:00:00,09:00:10,5.0,25.0,Week3_Behaviour_Dataset/data/videos/Unibo_scan_windows_clean.mp4
scan_09_00,190,314,12.56,7.56,09:00:00,09:00:10,5.0,25.0,Week3_Behaviour_Dataset/data/videos/Unibo_scan_windows_clean.mp4
scan_09_00,191,315,12.6,7.6,09:00:00,09:00:10,5.0,25.0,Week3_Behaviour_Dataset/data/videos/Unibo_scan_windows_clean.mp4
scan_09_00,192,316,12.64,7.64,09:00:00,09:00:10,5.0,25.0,Week3_Behaviour_Dataset/data/videos/Unibo_scan_windows_clean.mp4
scan_09_00,193,317,12.68,7.68,09:00:00,09:00:10,5.0,25.0,Week3_Behaviour_Dataset/data/videos/Unibo_scan_windows_clean.mp4
scan_09_00,194,318,12.72,7.72,09:00:00,09:00:10,5.0,25.0,Week3_Behaviour_Dataset/data/videos/Unibo_scan_windows_clean.mp4
scan_09_00,195,319,12.76,7.76,09:00:00,09:00:10,5.0,25.0,Week3_Behaviour_Dataset/data/videos/Unibo_scan_windows_clean.mp4
scan_09_00,196,320,12.8,7.8,09:00:00,09:00:10,5.0,25.0,Week3_Behaviour_Dataset/data/videos/Unibo_scan_windows_clean.mp4
scan_09_00,197,321,12.84,7.84,09:00:00,09:00:10,5.0,25.0,Week3_Behaviour_Dataset/data/videos/Unibo_scan_windows_clean.mp4
scan_09_00,198,322,12.88,7.88,09:00:00,09:00:10,5.0,25.0,Week3_Behaviour_Dataset/data/videos/Unibo_scan_windows_clean.mp4
scan_09_00,199,323,12.92,7.92,09:00:00,09:00:10,5.0,25.0,Week3_Behaviour_Dataset/data/videos/Unibo_scan_windows_clean.mp4
scan_09_00,200,324,12.96,7.96,09:00:00,09:00:10,5.0,25.0,Week3_Behaviour_Dataset/data/videos/Unibo_scan_windows_clean.mp4
scan_09_00,201,325,13.0,8.0,09:00:00,09:00:10,5.0,25.0,Week3_Behaviour_Dataset/data/videos/Unibo_scan_windows_clean.mp4
scan_09_00,202,326,13.04,8.04,09:00:00,09:00:10,5.0,25.0,Week3_Behaviour_Dataset/data/videos/Unibo_scan_windows_clean.mp4
scan_09_00,203,327,13.08,8.08,09:00:00,09:00:10,5.0,25.0,Week3_Behaviour_Dataset/data/videos/Unibo_scan_windows_clean.mp4
scan_09_00,204,328,13.12,8.12,09:00:00,09:00:10,5.0,25.0,Week3_Behaviour_Dataset/data/videos/Unibo_scan_windows_clean.mp4
scan_09_00,205,329,13.16,8.16,09:00:00,09:00:10,5.0,25.0,Week3_Behaviour_Dataset/data/videos/Unibo_scan_windows_clean.mp4
scan_09_00,206,330,13.2,8.2,09:00:00,09:00:10,5.0,25.0,Week3_Behaviour_Dataset/data/videos/Unibo_scan_windows_clean.mp4
scan_09_00,207,331,13.24,8.24,09:00:00,09:00:10,5.0,25.0,Week3_Behaviour_Dataset/data/videos/Unibo_scan_windows_clean.mp4
scan_09_00,208,332,13.28,8.28,09:00:00,09:00:10,5.0,25.0,Week3_Behaviour_Dataset/data/videos/Unibo_scan_windows_clean.mp4
scan_09_00,209,333,13.32,8.32,09:00:00,09:00:10,5.0,25.0,Week3_Behaviour_Dataset/data/videos/Unibo_scan_windows_clean.mp4
scan_09_00,210,334,13.36,8.36,09:00:00,09:00:10,5.0,25.0,Week3_Behaviour_Dataset/data/videos/Unibo_scan_windows_clean.mp4
scan_09_00,211,335,13.4,8.4,09:00:00,09:00:10,5.0,25.0,Week3_Behaviour_Dataset/data/videos/Unibo_scan_windows_clean.mp4
scan_09_00,212,336,13.44,8.44,09:00:00,09:00:10,5.0,25.0,Week3_Behaviour_Dataset/data/videos/Unibo_scan_windows_clean.mp4
scan_09_00,213,337,13.48,8.48,09:00:00,09:00:10,5.0,25.0,Week3_Behaviour_Dataset/data/videos/Unibo_scan_windows_clean.mp4
scan_09_00,214,338,13.52,8.52,09:00:00,09:00:10,5.0,25.0,Week3_Behaviour_Dataset/data/videos/Unibo_scan_windows_clean.mp4
scan_09_00,215,339,13.56,8.56,09:00:00,09:00:10,5.0,25.0,Week3_Behaviour_Dataset/data/videos/Unibo_scan_windows_clean.mp4
scan_09_00,216,340,13.6,8.6,09:00:00,09:00:10,5.0,25.0,Week3_Behaviour_Dataset/data/videos/Unibo_scan_windows_clean.mp4
scan_09_00,217,341,13.64,8.64,09:00:00,09:00:10,5.0,25.0,Week3_Behaviour_Dataset/data/videos/Unibo_scan_windows_clean.mp4
scan_09_00,218,342,13.68,8.68,09:00:00,09:00:10,5.0,25.0,Week3_Behaviour_Dataset/data/videos/Unibo_scan_windows_clean.mp4
scan_09_00,219,343,13.72,8.72,09:00:00,09:00:10,5.0,25.0,Week3_Behaviour_Dataset/data/videos/Unibo_scan_windows_clean.mp4
scan_09_00,220,344,13.76,8.76,09:00:00,09:00:10,5.0,25.0,Week3_Behaviour_Dataset/data/videos/Unibo_scan_windows_clean.mp4
scan_09_00,221,345,13.8,8.8,09:00:00,09:00:10,5.0,25.0,Week3_Behaviour_Dataset/data/videos/Unibo_scan_windows_clean.mp4
scan_09_00,222,346,13.84,8.84,09:00:00,09:00:10,5.0,25.0,Week3_Behaviour_Dataset/data/videos/Unibo_scan_windows_clean.mp4
scan_09_00,223,347,13.88,8.88,09:00:00,09:00:10,5.0,25.0,Week3_Behaviour_Dataset/data/videos/Unibo_scan_windows_clean.mp4
scan_09_00,224,348,13.92,8.92,09:00:00,09:00:10,5.0,25.0,Week3_Behaviour_Dataset/data/videos/Unibo_scan_windows_clean.mp4
scan_09_00,225,349,13.96,8.96,09:00:00,09:00:10,5.0,25.0,Week3_Behaviour_Dataset/data/videos/Unibo_scan_windows_clean.mp4
scan_09_00,226,350,14.0,9.0,09:00:00,09:00:10,5.0,25.0,Week3_Behaviour_Dataset/data/videos/Unibo_scan_windows_clean.mp4
scan_09_00,227,351,14.04,9.04,09:00:00,09:00:10,5.0,25.0,Week3_Behaviour_Dataset/data/videos/Unibo_scan_windows_clean.mp4
scan_09_00,228,352,14.08,9.08,09:00:00,09:00:10,5.0,25.0,Week3_Behaviour_Dataset/data/videos/Unibo_scan_windows_clean.mp4
scan_09_00,229,353,14.12,9.12,09:00:00,09:00:10,5.0,25.0,Week3_Behaviour_Dataset/data/videos/Unibo_scan_windows_clean.mp4
scan_09_00,230,354,14.16,9.16,09:00:00,09:00:10,5.0,25.0,Week3_Behaviour_Dataset/data/videos/Unibo_scan_windows_clean.mp4
scan_09_00,231,355,14.2,9.2,09:00:00,09:00:10,5.0,25.0,Week3_Behaviour_Dataset/data/videos/Unibo_scan_windows_clean.mp4
scan_09_00,232,356,14.24,9.24,09:00:00,09:00:10,5.0,25.0,Week3_Behaviour_Dataset/data/videos/Unibo_scan_windows_clean.mp4
scan_09_00,233,357,14.28,9.28,09:00:00,09:00:10,5.0,25.0,Week3_Behaviour_Dataset/data/videos/Unibo_scan_windows_clean.mp4
scan_09_00,234,358,14.32,9.32,09:00:00,09:00:10,5.0,25.0,Week3_Behaviour_Dataset/data/videos/Unibo_scan_windows_clean.mp4
scan_09_00,235,359,14.36,9.36,09:00:00,09:00:10,5.0,25.0,Week3_Behaviour_Dataset/data/videos/Unibo_scan_windows_clean.mp4
scan_09_00,236,360,14.4,9.4,09:00:00,09:00:10,5.0,25.0,Week3_Behaviour_Dataset/data/videos/Unibo_scan_windows_clean.mp4
scan_09_00,237,361,14.44,9.44,09:00:00,09:00:10,5.0,25.0,Week3_Behaviour_Dataset/data/videos/Unibo_scan_windows_clean.mp4
scan_09_00,238,362,14.48,9.48,09:00:00,09:00:10,5.0,25.0,Week3_Behaviour_Dataset/data/videos/Unibo_scan_windows_clean.mp4
scan_09_00,239,363,14.52,9.52,09:00:00,09:00:10,5.0,25.0,Week3_Behaviour_Dataset/data/videos/Unibo_scan_windows_clean.mp4
scan_09_00,240,364,14.56,9.56,09:00:00,09:00:10,5.0,25.0,Week3_Behaviour_Dataset/data/videos/Unibo_scan_windows_clean.mp4
scan_09_00,241,365,14.6,9.6,09:00:00,09:00:10,5.0,25.0,Week3_Behaviour_Dataset/data/videos/Unibo_scan_windows_clean.mp4
scan_09_00,242,366,14.64,9.64,09:00:00,09:00:10,5.0,25.0,Week3_Behaviour_Dataset/data/videos/Unibo_scan_windows_clean.mp4
scan_09_00,243,367,14.68,9.68,09:00:00,09:00:10,5.0,25.0,Week3_Behaviour_Dataset/data/videos/Unibo_scan_windows_clean.mp4
scan_09_00,244,368,14.72,9.72,09:00:00,09:00:10,5.0,25.0,Week3_Behaviour_Dataset/data/videos/Unibo_scan_windows_clean.mp4
scan_09_00,245,369,14.76,9.76,09:00:00,09:00:10,5.0,25.0,Week3_Behaviour_Dataset/data/videos/Unibo_scan_windows_clean.mp4
scan_09_00,246,370,14.8,9.8,09:00:00,09:00:10,5.0,25.0,Week3_Behaviour_Dataset/data/videos/Unibo_scan_windows_clean.mp4
scan_09_00,247,371,14.84,9.84,09:00:00,09:00:10,5.0,25.0,Week3_Behaviour_Dataset/data/videos/Unibo_scan_windows_clean.mp4
scan_09_00,248,372,14.88,9.88,09:00:00,09:00:10,5.0,25.0,Week3_Behaviour_Dataset/data/videos/Unibo_scan_windows_clean.mp4
scan_09_00,249,373,14.92,9.92,09:00:00,09:00:10,5.0,25.0,Week3_Behaviour_Dataset/data/videos/Unibo_scan_windows_clean.mp4
scan_09_00,250,374,14.96,9.96,09:00:00,09:00:10,5.0,25.0,Week3_Behaviour_Dataset/data/videos/Unibo_scan_windows_clean.mp4
scan_09_00,251,375,15.0,10.0,09:00:00,09:00:10,5.0,25.0,Week3_Behaviour_Dataset/data/videos/Unibo_scan_windows_clean.mp4
scan_09_00,252,376,15.04,10.04,09:00:00,09:00:10,5.0,25.0,Week3_Behaviour_Dataset/data/videos/Unibo_scan_windows_clean.mp4
scan_09_00,253,377,15.08,10.08,09:00:00,09:00:10,5.0,25.0,Week3_Behaviour_Dataset/data/videos/Unibo_scan_windows_clean.mp4
scan_09_00,254,378,15.12,10.12,09:00:00,09:00:10,5.0,25.0,Week3_Behaviour_Dataset/data/videos/Unibo_scan_windows_clean.mp4
scan_09_00,255,379,15.16,10.16,09:00:00,09:00:10,5.0,25.0,Week3_Behaviour_Dataset/data/videos/Unibo_scan_windows_clean.mp4
scan_09_00,256,380,15.2,10.2,09:00:00,09:00:10,5.0,25.0,Week3_Behaviour_Dataset/data/videos/Unibo_scan_windows_clean.mp4
scan_09_00,257,381,15.24,10.24,09:00:00,09:00:10,5.0,25.0,Week3_Behaviour_Dataset/data/videos/Unibo_scan_windows_clean.mp4
scan_09_00,258,382,15.28,10.28,09:00:00,09:00:10,5.0,25.0,Week3_Behaviour_Dataset/data/videos/Unibo_scan_windows_clean.mp4
scan_09_00,259,383,15.32,10.32,09:00:00,09:00:10,5.0,25.0,Week3_Behaviour_Dataset/data/videos/Unibo_scan_windows_clean.mp4
scan_09_00,260,384,15.36,10.36,09:00:00,09:00:10,5.0,25.0,Week3_Behaviour_Dataset/data/videos/Unibo_scan_windows_clean.mp4
scan_09_00,261,385,15.4,10.4,09:00:00,09:00:10,5.0,25.0,Week3_Behaviour_Dataset/data/videos/Unibo_scan_windows_clean.mp4
scan_09_00,262,386,15.44,10.44,09:00:00,09:00:10,5.0,25.0,Week3_Behaviour_Dataset/data/videos/Unibo_scan_windows_clean.mp4
scan_09_00,263,387,15.48,10.48,09:00:00,09:00:10,5.0,25.0,Week3_Behaviour_Dataset/data/videos/Unibo_scan_windows_clean.mp4
scan_09_00,264,388,15.52,10.52,09:00:00,09:00:10,5.0,25.0,Week3_Behaviour_Dataset/data/videos/Unibo_scan_windows_clean.mp4
scan_09_00,265,389,15.56,10.56,09:00:00,09:00:10,5.0,25.0,Week3_Behaviour_Dataset/data/videos/Unibo_scan_windows_clean.mp4
scan_09_00,266,390,15.6,10.6,09:00:00,09:00:10,5.0,25.0,Week3_Behaviour_Dataset/data/videos/Unibo_scan_windows_clean.mp4
scan_09_00,267,391,15.64,10.64,09:00:00,09:00:10,5.0,25.0,Week3_Behaviour_Dataset/data/videos/Unibo_scan_windows_clean.mp4
scan_09_00,268,392,15.68,10.68,09:00:00,09:00:10,5.0,25.0,Week3_Behaviour_Dataset/data/videos/Unibo_scan_windows_clean.mp4
scan_09_00,269,393,15.72,10.72,09:00:00,09:00:10,5.0,25.0,Week3_Behaviour_Dataset/data/videos/Unibo_scan_windows_clean.mp4
scan_09_00,270,394,15.76,10.76,09:00:00,09:00:10,5.0,25.0,Week3_Behaviour_Dataset/data/videos/Unibo_scan_windows_clean.mp4
scan_09_00,271,395,15.8,10.8,09:00:00,09:00:10,5.0,25.0,Week3_Behaviour_Dataset/data/videos/Unibo_scan_windows_clean.mp4
scan_09_00,272,396,15.84,10.84,09:00:00,09:00:10,5.0,25.0,Week3_Behaviour_Dataset/data/videos/Unibo_scan_windows_clean.mp4
scan_09_00,273,397,15.88,10.88,09:00:00,09:00:10,5.0,25.0,Week3_Behaviour_Dataset/data/videos/Unibo_scan_windows_clean.mp4
scan_09_00,274,398,15.92,10.92,09:00:00,09:00:10,5.0,25.0,Week3_Behaviour_Dataset/data/videos/Unibo_scan_windows_clean.mp4
scan_09_00,275,399,15.96,10.96,09:00:00,09:00:10,5.0,25.0,Week3_Behaviour_Dataset/data/videos/Unibo_scan_windows_clean.mp4
scan_09_00,276,400,16.0,11.0,09:00:00,09:00:10,5.0,25.0,Week3_Behaviour_Dataset/data/videos/Unibo_scan_windows_clean.mp4
scan_09_00,277,401,16.04,11.04,09:00:00,09:00:10,5.0,25.0,Week3_Behaviour_Dataset/data/videos/Unibo_scan_windows_clean.mp4
scan_09_00,278,402,16.08,11.08,09:00:00,09:00:10,5.0,25.0,Week3_Behaviour_Dataset/data/videos/Unibo_scan_windows_clean.mp4
scan_09_00,279,403,16.12,11.12,09:00:00,09:00:10,5.0,25.0,Week3_Behaviour_Dataset/data/videos/Unibo_scan_windows_clean.mp4
scan_09_00,280,404,16.16,11.16,09:00:00,09:00:10,5.0,25.0,Week3_Behaviour_Dataset/data/videos/Unibo_scan_windows_clean.mp4
scan_09_00,281,405,16.2,11.2,09:00:00,09:00:10,5.0,25.0,Week3_Behaviour_Dataset/data/videos/Unibo_scan_windows_clean.mp4
scan_09_00,282,406,16.24,11.24,09:00:00,09:00:10,5.0,25.0,Week3_Behaviour_Dataset/data/videos/Unibo_scan_windows_clean.mp4
scan_09_00,283,407,16.28,11.28,09:00:00,09:00:10,5.0,25.0,Week3_Behaviour_Dataset/data/videos/Unibo_scan_windows_clean.mp4
scan_09_00,284,408,16.32,11.32,09:00:00,09:00:10,5.0,25.0,Week3_Behaviour_Dataset/data/videos/Unibo_scan_windows_clean.mp4
scan_09_00,285,409,16.36,11.36,09:00:00,09:00:10,5.0,25.0,Week3_Behaviour_Dataset/data/videos/Unibo_scan_windows_clean.mp4
scan_09_00,286,410,16.4,11.4,09:00:00,09:00:10,5.0,25.0,Week3_Behaviour_Dataset/data/videos/Unibo_scan_windows_clean.mp4
scan_09_00,287,411,16.44,11.44,09:00:00,09:00:10,5.0,25.0,Week3_Behaviour_Dataset/data/videos/Unibo_scan_windows_clean.mp4
scan_09_00,288,412,16.48,11.48,09:00:00,09:00:10,5.0,25.0,Week3_Behaviour_Dataset/data/videos/Unibo_scan_windows_clean.mp4
scan_09_00,289,413,16.52,11.52,09:00:00,09:00:10,5.0,25.0,Week3_Behaviour_Dataset/data/videos/Unibo_scan_windows_clean.mp4
scan_09_00,290,414,16.56,11.56,09:00:00,09:00:10,5.0,25.0,Week3_Behaviour_Dataset/data/videos/Unibo_scan_windows_clean.mp4
scan_09_00,291,415,16.6,11.6,09:00:00,09:00:10,5.0,25.0,Week3_Behaviour_Dataset/data/videos/Unibo_scan_windows_clean.mp4
scan_09_00,292,416,16.64,11.64,09:00:00,09:00:10,5.0,25.0,Week3_Behaviour_Dataset/data/videos/Unibo_scan_windows_clean.mp4
scan_09_00,293,417,16.68,11.68,09:00:00,09:00:10,5.0,25.0,Week3_Behaviour_Dataset/data/videos/Unibo_scan_windows_clean.mp4
scan_09_00,294,418,16.72,11.72,09:00:00,09:00:10,5.0,25.0,Week3_Behaviour_Dataset/data/videos/Unibo_scan_windows_clean.mp4
scan_09_00,295,419,16.76,11.76,09:00:00,09:00:10,5.0,25.0,Week3_Behaviour_Dataset/data/videos/Unibo_scan_windows_clean.mp4
scan_09_00,296,420,16.8,11.8,09:00:00,09:00:10,5.0,25.0,Week3_Behaviour_Dataset/data/videos/Unibo_scan_windows_clean.mp4
scan_09_00,297,421,16.84,11.84,09:00:00,09:00:10,5.0,25.0,Week3_Behaviour_Dataset/data/videos/Unibo_scan_windows_clean.mp4
scan_09_00,298,422,16.88,11.88,09:00:00,09:00:10,5.0,25.0,Week3_Behaviour_Dataset/data/videos/Unibo_scan_windows_clean.mp4
scan_09_00,299,423,16.92,11.92,09:00:00,09:00:10,5.0,25.0,Week3_Behaviour_Dataset/data/videos/Unibo_scan_windows_clean.mp4
scan_09_00,300,424,16.96,11.96,09:00:00,09:00:10,5.0,25.0,Week3_Behaviour_Dataset/data/videos/Unibo_scan_windows_clean.mp4
scan_09_00,301,425,17.0,12.0,09:00:00,09:00:10,5.0,25.0,Week3_Behaviour_Dataset/data/videos/Unibo_scan_windows_clean.mp4
scan_09_00,302,426,17.04,12.04,09:00:00,09:00:10,5.0,25.0,Week3_Behaviour_Dataset/data/videos/Unibo_scan_windows_clean.mp4
scan_09_00,303,427,17.08,12.08,09:00:00,09:00:10,5.0,25.0,Week3_Behaviour_Dataset/data/videos/Unibo_scan_windows_clean.mp4
scan_09_00,304,428,17.12,12.12,09:00:00,09:00:10,5.0,25.0,Week3_Behaviour_Dataset/data/videos/Unibo_scan_windows_clean.mp4
scan_09_00,305,429,17.16,12.16,09:00:00,09:00:10,5.0,25.0,Week3_Behaviour_Dataset/data/videos/Unibo_scan_windows_clean.mp4
scan_09_00,306,430,17.2,12.2,09:00:00,09:00:10,5.0,25.0,Week3_Behaviour_Dataset/data/videos/Unibo_scan_windows_clean.mp4
scan_09_00,307,431,17.24,12.24,09:00:00,09:00:10,5.0,25.0,Week3_Behaviour_Dataset/data/videos/Unibo_scan_windows_clean.mp4
scan_09_00,308,432,17.28,12.28,09:00:00,09:00:10,5.0,25.0,Week3_Behaviour_Dataset/data/videos/Unibo_scan_windows_clean.mp4
scan_09_00,309,433,17.32,12.32,09:00:00,09:00:10,5.0,25.0,Week3_Behaviour_Dataset/data/videos/Unibo_scan_windows_clean.mp4
scan_09_00,310,434,17.36,12.36,09:00:00,09:00:10,5.0,25.0,Week3_Behaviour_Dataset/data/videos/Unibo_scan_windows_clean.mp4
scan_09_00,311,435,17.4,12.4,09:00:00,09:00:10,5.0,25.0,Week3_Behaviour_Dataset/data/videos/Unibo_scan_windows_clean.mp4
scan_09_00,312,436,17.44,12.44,09:00:00,09:00:10,5.0,25.0,Week3_Behaviour_Dataset/data/videos/Unibo_scan_windows_clean.mp4
scan_09_00,313,437,17.48,12.48,09:00:00,09:00:10,5.0,25.0,Week3_Behaviour_Dataset/data/videos/Unibo_scan_windows_clean.mp4
scan_09_00,314,438,17.52,12.52,09:00:00,09:00:10,5.0,25.0,Week3_Behaviour_Dataset/data/videos/Unibo_scan_windows_clean.mp4
scan_09_00,315,439,17.56,12.56,09:00:00,09:00:10,5.0,25.0,Week3_Behaviour_Dataset/data/videos/Unibo_scan_windows_clean.mp4
scan_09_00,316,440,17.6,12.6,09:00:00,09:00:10,5.0,25.0,Week3_Behaviour_Dataset/data/videos/Unibo_scan_windows_clean.mp4
scan_09_00,317,441,17.64,12.64,09:00:00,09:00:10,5.0,25.0,Week3_Behaviour_Dataset/data/videos/Unibo_scan_windows_clean.mp4
scan_09_00,318,442,17.68,12.68,09:00:00,09:00:10,5.0,25.0,Week3_Behaviour_Dataset/data/videos/Unibo_scan_windows_clean.mp4
scan_09_00,319,443,17.72,12.72,09:00:00,09:00:10,5.0,25.0,Week3_Behaviour_Dataset/data/videos/Unibo_scan_windows_clean.mp4
scan_09_00,320,444,17.76,12.76,09:00:00,09:00:10,5.0,25.0,Week3_Behaviour_Dataset/data/videos/Unibo_scan_windows_clean.mp4
scan_09_00,321,445,17.8,12.8,09:00:00,09:00:10,5.0,25.0,Week3_Behaviour_Dataset/data/videos/Unibo_scan_windows_clean.mp4
scan_09_00,322,446,17.84,12.84,09:00:00,09:00:10,5.0,25.0,Week3_Behaviour_Dataset/data/videos/Unibo_scan_windows_clean.mp4
scan_09_00,323,447,17.88,12.88,09:00:00,09:00:10,5.0,25.0,Week3_Behaviour_Dataset/data/videos/Unibo_scan_windows_clean.mp4
scan_09_00,324,448,17.92,12.92,09:00:00,09:00:10,5.0,25.0,Week3_Behaviour_Dataset/data/videos/Unibo_scan_windows_clean.mp4
scan_09_00,325,449,17.96,12.96,09:00:00,09:00:10,5.0,25.0,Week3_Behaviour_Dataset/data/videos/Unibo_scan_windows_clean.mp4
scan_09_00,326,450,18.0,13.0,09:00:00,09:00:10,5.0,25.0,Week3_Behaviour_Dataset/data/videos/Unibo_scan_windows_clean.mp4
scan_09_00,327,451,18.04,13.04,09:00:00,09:00:10,5.0,25.0,Week3_Behaviour_Dataset/data/videos/Unibo_scan_windows_clean.mp4
scan_09_00,328,452,18.08,13.08,09:00:00,09:00:10,5.0,25.0,Week3_Behaviour_Dataset/data/videos/Unibo_scan_windows_clean.mp4
scan_09_00,329,453,18.12,13.12,09:00:00,09:00:10,5.0,25.0,Week3_Behaviour_Dataset/data/videos/Unibo_scan_windows_clean.mp4
scan_09_00,330,454,18.16,13.16,09:00:00,09:00:10,5.0,25.0,Week3_Behaviour_Dataset/data/videos/Unibo_scan_windows_clean.mp4
scan_09_00,331,455,18.2,13.2,09:00:00,09:00:10,5.0,25.0,Week3_Behaviour_Dataset/data/videos/Unibo_scan_windows_clean.mp4
scan_09_00,332,456,18.24,13.24,09:00:00,09:00:10,5.0,25.0,Week3_Behaviour_Dataset/data/videos/Unibo_scan_windows_clean.mp4
scan_09_00,333,457,18.28,13.28,09:00:00,09:00:10,5.0,25.0,Week3_Behaviour_Dataset/data/videos/Unibo_scan_windows_clean.mp4
scan_09_00,334,458,18.32,13.32,09:00:00,09:00:10,5.0,25.0,Week3_Behaviour_Dataset/data/videos/Unibo_scan_windows_clean.mp4
scan_09_00,335,459,18.36,13.36,09:00:00,09:00:10,5.0,25.0,Week3_Behaviour_Dataset/data/videos/Unibo_scan_windows_clean.mp4
scan_09_00,336,460,18.4,13.4,09:00:00,09:00:10,5.0,25.0,Week3_Behaviour_Dataset/data/videos/Unibo_scan_windows_clean.mp4
scan_09_00,337,461,18.44,13.44,09:00:00,09:00:10,5.0,25.0,Week3_Behaviour_Dataset/data/videos/Unibo_scan_windows_clean.mp4
scan_09_00,338,462,18.48,13.48,09:00:00,09:00:10,5.0,25.0,Week3_Behaviour_Dataset/data/videos/Unibo_scan_windows_clean.mp4
scan_09_00,339,463,18.52,13.52,09:00:00,09:00:10,5.0,25.0,Week3_Behaviour_Dataset/data/videos/Unibo_scan_windows_clean.mp4
scan_09_00,340,464,18.56,13.56,09:00:00,09:00:10,5.0,25.0,Week3_Behaviour_Dataset/data/videos/Unibo_scan_windows_clean.mp4
scan_09_00,341,465,18.6,13.6,09:00:00,09:00:10,5.0,25.0,Week3_Behaviour_Dataset/data/videos/Unibo_scan_windows_clean.mp4
scan_09_00,342,466,18.64,13.64,09:00:00,09:00:10,5.0,25.0,Week3_Behaviour_Dataset/data/videos/Unibo_scan_windows_clean.mp4
scan_09_00,343,467,18.68,13.68,09:00:00,09:00:10,5.0,25.0,Week3_Behaviour_Dataset/data/videos/Unibo_scan_windows_clean.mp4
scan_09_00,344,468,18.72,13.72,09:00:00,09:00:10,5.0,25.0,Week3_Behaviour_Dataset/data/videos/Unibo_scan_windows_clean.mp4
scan_09_00,345,469,18.76,13.76,09:00:00,09:00:10,5.0,25.0,Week3_Behaviour_Dataset/data/videos/Unibo_scan_windows_clean.mp4
scan_09_00,346,470,18.8,13.8,09:00:00,09:00:10,5.0,25.0,Week3_Behaviour_Dataset/data/videos/Unibo_scan_windows_clean.mp4
scan_09_00,347,471,18.84,13.84,09:00:00,09:00:10,5.0,25.0,Week3_Behaviour_Dataset/data/videos/Unibo_scan_windows_clean.mp4
scan_09_00,348,472,18.88,13.88,09:00:00,09:00:10,5.0,25.0,Week3_Behaviour_Dataset/data/videos/Unibo_scan_windows_clean.mp4
scan_09_00,349,473,18.92,13.92,09:00:00,09:00:10,5.0,25.0,Week3_Behaviour_Dataset/data/videos/Unibo_scan_windows_clean.mp4
scan_09_00,350,474,18.96,13.96,09:00:00,09:00:10,5.0,25.0,Week3_Behaviour_Dataset/data/videos/Unibo_scan_windows_clean.mp4
scan_09_00,351,475,19.0,14.0,09:00:00,09:00:10,5.0,25.0,Week3_Behaviour_Dataset/data/videos/Unibo_scan_windows_clean.mp4
scan_09_00,352,476,19.04,14.04,09:00:00,09:00:10,5.0,25.0,Week3_Behaviour_Dataset/data/videos/Unibo_scan_windows_clean.mp4
scan_09_00,353,477,19.08,14.08,09:00:00,09:00:10,5.0,25.0,Week3_Behaviour_Dataset/data/videos/Unibo_scan_windows_clean.mp4
scan_09_00,354,478,19.12,14.12,09:00:00,09:00:10,5.0,25.0,Week3_Behaviour_Dataset/data/videos/Unibo_scan_windows_clean.mp4
scan_09_00,355,479,19.16,14.16,09:00:00,09:00:10,5.0,25.0,Week3_Behaviour_Dataset/data/videos/Unibo_scan_windows_clean.mp4
scan_09_00,356,480,19.2,14.2,09:00:00,09:00:10,5.0,25.0,Week3_Behaviour_Dataset/data/videos/Unibo_scan_windows_clean.mp4
scan_09_00,357,481,19.24,14.24,09:00:00,09:00:10,5.0,25.0,Week3_Behaviour_Dataset/data/videos/Unibo_scan_windows_clean.mp4
scan_09_00,358,482,19.28,14.28,09:00:00,09:00:10,5.0,25.0,Week3_Behaviour_Dataset/data/videos/Unibo_scan_windows_clean.mp4
scan_09_00,359,483,19.32,14.32,09:00:00,09:00:10,5.0,25.0,Week3_Behaviour_Dataset/data/videos/Unibo_scan_windows_clean.mp4
scan_09_00,360,484,19.36,14.36,09:00:00,09:00:10,5.0,25.0,Week3_Behaviour_Dataset/data/videos/Unibo_scan_windows_clean.mp4
scan_09_00,361,485,19.4,14.4,09:00:00,09:00:10,5.0,25.0,Week3_Behaviour_Dataset/data/videos/Unibo_scan_windows_clean.mp4
scan_09_00,362,486,19.44,14.44,09:00:00,09:00:10,5.0,25.0,Week3_Behaviour_Dataset/data/videos/Unibo_scan_windows_clean.mp4
scan_09_00,363,487,19.48,14.48,09:00:00,09:00:10,5.0,25.0,Week3_Behaviour_Dataset/data/videos/Unibo_scan_windows_clean.mp4
scan_09_00,364,488,19.52,14.52,09:00:00,09:00:10,5.0,25.0,Week3_Behaviour_Dataset/data/videos/Unibo_scan_windows_clean.mp4
scan_09_00,365,489,19.56,14.56,09:00:00,09:00:10,5.0,25.0,Week3_Behaviour_Dataset/data/videos/Unibo_scan_windows_clean.mp4
scan_09_00,366,490,19.6,14.6,09:00:00,09:00:10,5.0,25.0,Week3_Behaviour_Dataset/data/videos/Unibo_scan_windows_clean.mp4
scan_09_00,367,491,19.64,14.64,09:00:00,09:00:10,5.0,25.0,Week3_Behaviour_Dataset/data/videos/Unibo_scan_windows_clean.mp4
scan_09_00,368,492,19.68,14.68,09:00:00,09:00:10,5.0,25.0,Week3_Behaviour_Dataset/data/videos/Unibo_scan_windows_clean.mp4
scan_09_00,369,493,19.72,14.72,09:00:00,09:00:10,5.0,25.0,Week3_Behaviour_Dataset/data/videos/Unibo_scan_windows_clean.mp4
scan_09_00,370,494,19.76,14.76,09:00:00,09:00:10,5.0,25.0,Week3_Behaviour_Dataset/data/videos/Unibo_scan_windows_clean.mp4
scan_09_00,371,495,19.8,14.8,09:00:00,09:00:10,5.0,25.0,Week3_Behaviour_Dataset/data/videos/Unibo_scan_windows_clean.mp4
scan_09_00,372,496,19.84,14.84,09:00:00,09:00:10,5.0,25.0,Week3_Behaviour_Dataset/data/videos/Unibo_scan_windows_clean.mp4
scan_09_00,373,497,19.88,14.88,09:00:00,09:00:10,5.0,25.0,Week3_Behaviour_Dataset/data/videos/Unibo_scan_windows_clean.mp4
scan_09_00,374,498,19.92,14.92,09:00:00,09:00:10,5.0,25.0,Week3_Behaviour_Dataset/data/videos/Unibo_scan_windows_clean.mp4
scan_09_00,375,499,19.96,14.96,09:00:00,09:00:10,5.0,25.0,Week3_Behaviour_Dataset/data/videos/Unibo_scan_windows_clean.mp4
scan_09_00,376,500,20.0,15.0,09:00:00,09:00:10,5.0,25.0,Week3_Behaviour_Dataset/data/videos/Unibo_scan_windows_clean.mp4
scan_09_00,377,501,20.04,15.04,09:00:00,09:00:10,5.0,25.0,Week3_Behaviour_Dataset/data/videos/Unibo_scan_windows_clean.mp4
scan_09_00,378,502,20.08,15.08,09:00:00,09:00:10,5.0,25.0,Week3_Behaviour_Dataset/data/videos/Unibo_scan_windows_clean.mp4
scan_09_00,379,503,20.12,15.12,09:00:00,09:00:10,5.0,25.0,Week3_Behaviour_Dataset/data/videos/Unibo_scan_windows_clean.mp4
scan_09_00,380,504,20.16,15.16,09:00:00,09:00:10,5.0,25.0,Week3_Behaviour_Dataset/data/videos/Unibo_scan_windows_clean.mp4
scan_09_00,381,505,20.2,15.2,09:00:00,09:00:10,5.0,25.0,Week3_Behaviour_Dataset/data/videos/Unibo_scan_windows_clean.mp4
scan_09_00,382,506,20.24,15.24,09:00:00,09:00:10,5.0,25.0,Week3_Behaviour_Dataset/data/videos/Unibo_scan_windows_clean.mp4
scan_09_00,383,507,20.28,15.28,09:00:00,09:00:10,5.0,25.0,Week3_Behaviour_Dataset/data/videos/Unibo_scan_windows_clean.mp4
scan_09_00,384,508,20.32,15.32,09:00:00,09:00:10,5.0,25.0,Week3_Behaviour_Dataset/data/videos/Unibo_scan_windows_clean.mp4
scan_09_00,385,509,20.36,15.36,09:00:00,09:00:10,5.0,25.0,Week3_Behaviour_Dataset/data/videos/Unibo_scan_windows_clean.mp4
scan_09_00,386,510,20.4,15.4,09:00:00,09:00:10,5.0,25.0,Week3_Behaviour_Dataset/data/videos/Unibo_scan_windows_clean.mp4
scan_09_00,387,511,20.44,15.44,09:00:00,09:00:10,5.0,25.0,Week3_Behaviour_Dataset/data/videos/Unibo_scan_windows_clean.mp4
scan_09_00,388,512,20.48,15.48,09:00:00,09:00:10,5.0,25.0,Week3_Behaviour_Dataset/data/videos/Unibo_scan_windows_clean.mp4
scan_09_00,389,513,20.52,15.52,09:00:00,09:00:10,5.0,25.0,Week3_Behaviour_Dataset/data/videos/Unibo_scan_windows_clean.mp4
scan_09_00,390,514,20.56,15.56,09:00:00,09:00:10,5.0,25.0,Week3_Behaviour_Dataset/data/videos/Unibo_scan_windows_clean.mp4
scan_09_00,391,515,20.6,15.6,09:00:00,09:00:10,5.0,25.0,Week3_Behaviour_Dataset/data/videos/Unibo_scan_windows_clean.mp4
scan_09_00,392,516,20.64,15.64,09:00:00,09:00:10,5.0,25.0,Week3_Behaviour_Dataset/data/videos/Unibo_scan_windows_clean.mp4
scan_09_00,393,517,20.68,15.68,09:00:00,09:00:10,5.0,25.0,Week3_Behaviour_Dataset/data/videos/Unibo_scan_windows_clean.mp4
scan_09_00,394,518,20.72,15.72,09:00:00,09:00:10,5.0,25.0,Week3_Behaviour_Dataset/data/videos/Unibo_scan_windows_clean.mp4
scan_09_00,395,519,20.76,15.76,09:00:00,09:00:10,5.0,25.0,Week3_Behaviour_Dataset/data/videos/Unibo_scan_windows_clean.mp4
scan_09_00,396,520,20.8,15.8,09:00:00,09:00:10,5.0,25.0,Week3_Behaviour_Dataset/data/videos/Unibo_scan_windows_clean.mp4
scan_09_00,397,521,20.84,15.84,09:00:00,09:00:10,5.0,25.0,Week3_Behaviour_Dataset/data/videos/Unibo_scan_windows_clean.mp4
scan_09_00,398,522,20.88,15.88,09:00:00,09:00:10,5.0,25.0,Week3_Behaviour_Dataset/data/videos/Unibo_scan_windows_clean.mp4
scan_09_00,399,523,20.92,15.92,09:00:00,09:00:10,5.0,25.0,Week3_Behaviour_Dataset/data/videos/Unibo_scan_windows_clean.mp4
scan_09_00,400,524,20.96,15.96,09:00:00,09:00:10,5.0,25.0,Week3_Behaviour_Dataset/data/videos/Unibo_scan_windows_clean.mp4
scan_09_00,401,525,21.0,16.0,09:00:00,09:00:10,5.0,25.0,Week3_Behaviour_Dataset/data/videos/Unibo_scan_windows_clean.mp4
scan_09_00,402,526,21.04,16.04,09:00:00,09:00:10,5.0,25.0,Week3_Behaviour_Dataset/data/videos/Unibo_scan_windows_clean.mp4
scan_09_00,403,527,21.08,16.08,09:00:00,09:00:10,5.0,25.0,Week3_Behaviour_Dataset/data/videos/Unibo_scan_windows_clean.mp4
scan_09_00,404,528,21.12,16.12,09:00:00,09:00:10,5.0,25.0,Week3_Behaviour_Dataset/data/videos/Unibo_scan_windows_clean.mp4
scan_09_00,405,529,21.16,16.16,09:00:00,09:00:10,5.0,25.0,Week3_Behaviour_Dataset/data/videos/Unibo_scan_windows_clean.mp4
scan_09_00,406,530,21.2,16.2,09:00:00,09:00:10,5.0,25.0,Week3_Behaviour_Dataset/data/videos/Unibo_scan_windows_clean.mp4
scan_09_00,407,531,21.24,16.24,09:00:00,09:00:10,5.0,25.0,Week3_Behaviour_Dataset/data/videos/Unibo_scan_windows_clean.mp4
scan_09_00,408,532,21.28,16.28,09:00:00,09:00:10,5.0,25.0,Week3_Behaviour_Dataset/data/videos/Unibo_scan_windows_clean.mp4
scan_09_00,409,533,21.32,16.32,09:00:00,09:00:10,5.0,25.0,Week3_Behaviour_Dataset/data/videos/Unibo_scan_windows_clean.mp4
scan_09_00,410,534,21.36,16.36,09:00:00,09:00:10,5.0,25.0,Week3_Behaviour_Dataset/data/videos/Unibo_scan_windows_clean.mp4
scan_09_00,411,535,21.4,16.4,09:00:00,09:00:10,5.0,25.0,Week3_Behaviour_Dataset/data/videos/Unibo_scan_windows_clean.mp4
scan_09_00,412,536,21.44,16.44,09:00:00,09:00:10,5.0,25.0,Week3_Behaviour_Dataset/data/videos/Unibo_scan_windows_clean.mp4
scan_09_00,413,537,21.48,16.48,09:00:00,09:00:10,5.0,25.0,Week3_Behaviour_Dataset/data/videos/Unibo_scan_windows_clean.mp4
scan_09_00,414,538,21.52,16.52,09:00:00,09:00:10,5.0,25.0,Week3_Behaviour_Dataset/data/videos/Unibo_scan_windows_clean.mp4
scan_09_00,415,539,21.56,16.56,09:00:00,09:00:10,5.0,25.0,Week3_Behaviour_Dataset/data/videos/Unibo_scan_windows_clean.mp4
scan_09_00,416,540,21.6,16.6,09:00:00,09:00:10,5.0,25.0,Week3_Behaviour_Dataset/data/videos/Unibo_scan_windows_clean.mp4
scan_09_00,417,541,21.64,16.64,09:00:00,09:00:10,5.0,25.0,Week3_Behaviour_Dataset/data/videos/Unibo_scan_windows_clean.mp4
scan_09_00,418,542,21.68,16.68,09:00:00,09:00:10,5.0,25.0,Week3_Behaviour_Dataset/data/videos/Unibo_scan_windows_clean.mp4
scan_09_00,419,543,21.72,16.72,09:00:00,09:00:10,5.0,25.0,Week3_Behaviour_Dataset/data/videos/Unibo_scan_windows_clean.mp4
scan_09_00,420,544,21.76,16.76,09:00:00,09:00:10,5.0,25.0,Week3_Behaviour_Dataset/data/videos/Unibo_scan_windows_clean.mp4
scan_09_00,421,545,21.8,16.8,09:00:00,09:00:10,5.0,25.0,Week3_Behaviour_Dataset/data/videos/Unibo_scan_windows_clean.mp4
scan_09_00,422,546,21.84,16.84,09:00:00,09:00:10,5.0,25.0,Week3_Behaviour_Dataset/data/videos/Unibo_scan_windows_clean.mp4
scan_09_00,423,547,21.88,16.88,09:00:00,09:00:10,5.0,25.0,Week3_Behaviour_Dataset/data/videos/Unibo_scan_windows_clean.mp4
scan_09_00,424,548,21.92,16.92,09:00:00,09:00:10,5.0,25.0,Week3_Behaviour_Dataset/data/videos/Unibo_scan_windows_clean.mp4
scan_09_00,425,549,21.96,16.96,09:00:00,09:00:10,5.0,25.0,Week3_Behaviour_Dataset/data/videos/Unibo_scan_windows_clean.mp4
scan_09_00,426,550,22.0,17.0,09:00:00,09:00:10,5.0,25.0,Week3_Behaviour_Dataset/data/videos/Unibo_scan_windows_clean.mp4
scan_09_00,427,551,22.04,17.04,09:00:00,09:00:10,5.0,25.0,Week3_Behaviour_Dataset/data/videos/Unibo_scan_windows_clean.mp4
scan_09_00,428,552,22.08,17.08,09:00:00,09:00:10,5.0,25.0,Week3_Behaviour_Dataset/data/videos/Unibo_scan_windows_clean.mp4
scan_09_00,429,553,22.12,17.12,09:00:00,09:00:10,5.0,25.0,Week3_Behaviour_Dataset/data/videos/Unibo_scan_windows_clean.mp4
scan_09_00,430,554,22.16,17.16,09:00:00,09:00:10,5.0,25.0,Week3_Behaviour_Dataset/data/videos/Unibo_scan_windows_clean.mp4
scan_09_00,431,555,22.2,17.2,09:00:00,09:00:10,5.0,25.0,Week3_Behaviour_Dataset/data/videos/Unibo_scan_windows_clean.mp4
scan_09_00,432,556,22.24,17.24,09:00:00,09:00:10,5.0,25.0,Week3_Behaviour_Dataset/data/videos/Unibo_scan_windows_clean.mp4
scan_09_00,433,557,22.28,17.28,09:00:00,09:00:10,5.0,25.0,Week3_Behaviour_Dataset/data/videos/Unibo_scan_windows_clean.mp4
scan_09_00,434,558,22.32,17.32,09:00:00,09:00:10,5.0,25.0,Week3_Behaviour_Dataset/data/videos/Unibo_scan_windows_clean.mp4
scan_09_00,435,559,22.36,17.36,09:00:00,09:00:10,5.0,25.0,Week3_Behaviour_Dataset/data/videos/Unibo_scan_windows_clean.mp4
scan_09_00,436,560,22.4,17.4,09:00:00,09:00:10,5.0,25.0,Week3_Behaviour_Dataset/data/videos/Unibo_scan_windows_clean.mp4
scan_09_00,437,561,22.44,17.44,09:00:00,09:00:10,5.0,25.0,Week3_Behaviour_Dataset/data/videos/Unibo_scan_windows_clean.mp4
scan_09_00,438,562,22.48,17.48,09:00:00,09:00:10,5.0,25.0,Week3_Behaviour_Dataset/data/videos/Unibo_scan_windows_clean.mp4
scan_09_00,439,563,22.52,17.52,09:00:00,09:00:10,5.0,25.0,Week3_Behaviour_Dataset/data/videos/Unibo_scan_windows_clean.mp4
scan_09_00,440,564,22.56,17.56,09:00:00,09:00:10,5.0,25.0,Week3_Behaviour_Dataset/data/videos/Unibo_scan_windows_clean.mp4
scan_09_00,441,565,22.6,17.6,09:00:00,09:00:10,5.0,25.0,Week3_Behaviour_Dataset/data/videos/Unibo_scan_windows_clean.mp4
scan_09_00,442,566,22.64,17.64,09:00:00,09:00:10,5.0,25.0,Week3_Behaviour_Dataset/data/videos/Unibo_scan_windows_clean.mp4
scan_09_00,443,567,22.68,17.68,09:00:00,09:00:10,5.0,25.0,Week3_Behaviour_Dataset/data/videos/Unibo_scan_windows_clean.mp4
scan_09_00,444,568,22.72,17.72,09:00:00,09:00:10,5.0,25.0,Week3_Behaviour_Dataset/data/videos/Unibo_scan_windows_clean.mp4
scan_09_00,445,569,22.76,17.76,09:00:00,09:00:10,5.0,25.0,Week3_Behaviour_Dataset/data/videos/Unibo_scan_windows_clean.mp4
scan_09_00,446,570,22.8,17.8,09:00:00,09:00:10,5.0,25.0,Week3_Behaviour_Dataset/data/videos/Unibo_scan_windows_clean.mp4
scan_09_00,447,571,22.84,17.84,09:00:00,09:00:10,5.0,25.0,Week3_Behaviour_Dataset/data/videos/Unibo_scan_windows_clean.mp4
scan_09_00,448,572,22.88,17.88,09:00:00,09:00:10,5.0,25.0,Week3_Behaviour_Dataset/data/videos/Unibo_scan_windows_clean.mp4
scan_09_00,449,573,22.92,17.92,09:00:00,09:00:10,5.0,25.0,Week3_Behaviour_Dataset/data/videos/Unibo_scan_windows_clean.mp4
scan_09_00,450,574,22.96,17.96,09:00:00,09:00:10,5.0,25.0,Week3_Behaviour_Dataset/data/videos/Unibo_scan_windows_clean.mp4
scan_09_00,451,575,23.0,18.0,09:00:00,09:00:10,5.0,25.0,Week3_Behaviour_Dataset/data/videos/Unibo_scan_windows_clean.mp4
scan_09_00,452,576,23.04,18.04,09:00:00,09:00:10,5.0,25.0,Week3_Behaviour_Dataset/data/videos/Unibo_scan_windows_clean.mp4
scan_09_00,453,577,23.08,18.08,09:00:00,09:00:10,5.0,25.0,Week3_Behaviour_Dataset/data/videos/Unibo_scan_windows_clean.mp4
scan_09_00,454,578,23.12,18.12,09:00:00,09:00:10,5.0,25.0,Week3_Behaviour_Dataset/data/videos/Unibo_scan_windows_clean.mp4
scan_09_00,455,579,23.16,18.16,09:00:00,09:00:10,5.0,25.0,Week3_Behaviour_Dataset/data/videos/Unibo_scan_windows_clean.mp4
scan_09_00,456,580,23.2,18.2,09:00:00,09:00:10,5.0,25.0,Week3_Behaviour_Dataset/data/videos/Unibo_scan_windows_clean.mp4
scan_09_00,457,581,23.24,18.24,09:00:00,09:00:10,5.0,25.0,Week3_Behaviour_Dataset/data/videos/Unibo_scan_windows_clean.mp4
scan_09_00,458,582,23.28,18.28,09:00:00,09:00:10,5.0,25.0,Week3_Behaviour_Dataset/data/videos/Unibo_scan_windows_clean.mp4
scan_09_00,459,583,23.32,18.32,09:00:00,09:00:10,5.0,25.0,Week3_Behaviour_Dataset/data/videos/Unibo_scan_windows_clean.mp4
scan_09_00,460,584,23.36,18.36,09:00:00,09:00:10,5.0,25.0,Week3_Behaviour_Dataset/data/videos/Unibo_scan_windows_clean.mp4
scan_09_00,461,585,23.4,18.4,09:00:00,09:00:10,5.0,25.0,Week3_Behaviour_Dataset/data/videos/Unibo_scan_windows_clean.mp4
scan_09_00,462,586,23.44,18.44,09:00:00,09:00:10,5.0,25.0,Week3_Behaviour_Dataset/data/videos/Unibo_scan_windows_clean.mp4
scan_09_00,463,587,23.48,18.48,09:00:00,09:00:10,5.0,25.0,Week3_Behaviour_Dataset/data/videos/Unibo_scan_windows_clean.mp4
scan_09_00,464,588,23.52,18.52,09:00:00,09:00:10,5.0,25.0,Week3_Behaviour_Dataset/data/videos/Unibo_scan_windows_clean.mp4
scan_09_00,465,589,23.56,18.56,09:00:00,09:00:10,5.0,25.0,Week3_Behaviour_Dataset/data/videos/Unibo_scan_windows_clean.mp4
scan_09_00,466,590,23.6,18.6,09:00:00,09:00:10,5.0,25.0,Week3_Behaviour_Dataset/data/videos/Unibo_scan_windows_clean.mp4
scan_09_00,467,591,23.64,18.64,09:00:00,09:00:10,5.0,25.0,Week3_Behaviour_Dataset/data/videos/Unibo_scan_windows_clean.mp4
scan_09_00,468,592,23.68,18.68,09:00:00,09:00:10,5.0,25.0,Week3_Behaviour_Dataset/data/videos/Unibo_scan_windows_clean.mp4
scan_09_00,469,593,23.72,18.72,09:00:00,09:00:10,5.0,25.0,Week3_Behaviour_Dataset/data/videos/Unibo_scan_windows_clean.mp4
scan_09_00,470,594,23.76,18.76,09:00:00,09:00:10,5.0,25.0,Week3_Behaviour_Dataset/data/videos/Unibo_scan_windows_clean.mp4
scan_09_00,471,595,23.8,18.8,09:00:00,09:00:10,5.0,25.0,Week3_Behaviour_Dataset/data/videos/Unibo_scan_windows_clean.mp4
scan_09_00,472,596,23.84,18.84,09:00:00,09:00:10,5.0,25.0,Week3_Behaviour_Dataset/data/videos/Unibo_scan_windows_clean.mp4
scan_09_00,473,597,23.88,18.88,09:00:00,09:00:10,5.0,25.0,Week3_Behaviour_Dataset/data/videos/Unibo_scan_windows_clean.mp4
scan_09_00,474,598,23.92,18.92,09:00:00,09:00:10,5.0,25.0,Week3_Behaviour_Dataset/data/videos/Unibo_scan_windows_clean.mp4
scan_09_00,475,599,23.96,18.96,09:00:00,09:00:10,5.0,25.0,Week3_Behaviour_Dataset/data/videos/Unibo_scan_windows_clean.mp4
scan_09_00,476,600,24.0,19.0,09:00:00,09:00:10,5.0,25.0,Week3_Behaviour_Dataset/data/videos/Unibo_scan_windows_clean.mp4
scan_09_00,477,601,24.04,19.04,09:00:00,09:00:10,5.0,25.0,Week3_Behaviour_Dataset/data/videos/Unibo_scan_windows_clean.mp4
scan_09_00,478,602,24.08,19.08,09:00:00,09:00:10,5.0,25.0,Week3_Behaviour_Dataset/data/videos/Unibo_scan_windows_clean.mp4
scan_09_00,479,603,24.12,19.12,09:00:00,09:00:10,5.0,25.0,Week3_Behaviour_Dataset/data/videos/Unibo_scan_windows_clean.mp4
scan_09_00,480,604,24.16,19.16,09:00:00,09:00:10,5.0,25.0,Week3_Behaviour_Dataset/data/videos/Unibo_scan_windows_clean.mp4
scan_09_00,481,605,24.2,19.2,09:00:00,09:00:10,5.0,25.0,Week3_Behaviour_Dataset/data/videos/Unibo_scan_windows_clean.mp4
scan_09_00,482,606,24.24,19.24,09:00:00,09:00:10,5.0,25.0,Week3_Behaviour_Dataset/data/videos/Unibo_scan_windows_clean.mp4
scan_09_00,483,607,24.28,19.28,09:00:00,09:00:10,5.0,25.0,Week3_Behaviour_Dataset/data/videos/Unibo_scan_windows_clean.mp4
scan_09_00,484,608,24.32,19.32,09:00:00,09:00:10,5.0,25.0,Week3_Behaviour_Dataset/data/videos/Unibo_scan_windows_clean.mp4
scan_09_00,485,609,24.36,19.36,09:00:00,09:00:10,5.0,25.0,Week3_Behaviour_Dataset/data/videos/Unibo_scan_windows_clean.mp4
scan_09_00,486,610,24.4,19.4,09:00:00,09:00:10,5.0,25.0,Week3_Behaviour_Dataset/data/videos/Unibo_scan_windows_clean.mp4
scan_09_00,487,611,24.44,19.44,09:00:00,09:00:10,5.0,25.0,Week3_Behaviour_Dataset/data/videos/Unibo_scan_windows_clean.mp4
scan_09_00,488,612,24.48,19.48,09:00:00,09:00:10,5.0,25.0,Week3_Behaviour_Dataset/data/videos/Unibo_scan_windows_clean.mp4
scan_09_00,489,613,24.52,19.52,09:00:00,09:00:10,5.0,25.0,Week3_Behaviour_Dataset/data/videos/Unibo_scan_windows_clean.mp4
scan_09_00,490,614,24.56,19.56,09:00:00,09:00:10,5.0,25.0,Week3_Behaviour_Dataset/data/videos/Unibo_scan_windows_clean.mp4
scan_09_00,491,615,24.6,19.6,09:00:00,09:00:10,5.0,25.0,Week3_Behaviour_Dataset/data/videos/Unibo_scan_windows_clean.mp4
scan_09_00,492,616,24.64,19.64,09:00:00,09:00:10,5.0,25.0,Week3_Behaviour_Dataset/data/videos/Unibo_scan_windows_clean.mp4
scan_09_00,493,617,24.68,19.68,09:00:00,09:00:10,5.0,25.0,Week3_Behaviour_Dataset/data/videos/Unibo_scan_windows_clean.mp4
scan_09_00,494,618,24.72,19.72,09:00:00,09:00:10,5.0,25.0,Week3_Behaviour_Dataset/data/videos/Unibo_scan_windows_clean.mp4
scan_09_00,495,619,24.76,19.76,09:00:00,09:00:10,5.0,25.0,Week3_Behaviour_Dataset/data/videos/Unibo_scan_windows_clean.mp4
scan_09_00,496,620,24.8,19.8,09:00:00,09:00:10,5.0,25.0,Week3_Behaviour_Dataset/data/videos/Unibo_scan_windows_clean.mp4
scan_09_00,497,621,24.84,19.84,09:00:00,09:00:10,5.0,25.0,Week3_Behaviour_Dataset/data/videos/Unibo_scan_windows_clean.mp4
scan_09_00,498,622,24.88,19.88,09:00:00,09:00:10,5.0,25.0,Week3_Behaviour_Dataset/data/videos/Unibo_scan_windows_clean.mp4
scan_09_00,499,623,24.92,19.92,09:00:00,09:00:10,5.0,25.0,Week3_Behaviour_Dataset/data/videos/Unibo_scan_windows_clean.mp4
scan_09_00,500,624,24.96,19.96,09:00:00,09:00:10,5.0,25.0,Week3_Behaviour_Dataset/data/videos/Unibo_scan_windows_clean.mp4
scan_09_10,1,750,30.0,0.0,09:10:00,09:10:10,30.0,45.0,Week3_Behaviour_Dataset/data/videos/Unibo_scan_windows_clean.mp4
scan_09_10,2,751,30.04,0.04,09:10:00,09:10:10,30.0,45.0,Week3_Behaviour_Dataset/data/videos/Unibo_scan_windows_clean.mp4
scan_09_10,3,752,30.08,0.08,09:10:00,09:10:10,30.0,45.0,Week3_Behaviour_Dataset/data/videos/Unibo_scan_windows_clean.mp4
scan_09_10,4,753,30.12,0.12,09:10:00,09:10:10,30.0,45.0,Week3_Behaviour_Dataset/data/videos/Unibo_scan_windows_clean.mp4
scan_09_10,5,754,30.16,0.16,09:10:00,09:10:10,30.0,45.0,Week3_Behaviour_Dataset/data/videos/Unibo_scan_windows_clean.mp4
scan_09_10,6,755,30.2,0.2,09:10:00,09:10:10,30.0,45.0,Week3_Behaviour_Dataset/data/videos/Unibo_scan_windows_clean.mp4
scan_09_10,7,756,30.24,0.24,09:10:00,09:10:10,30.0,45.0,Week3_Behaviour_Dataset/data/videos/Unibo_scan_windows_clean.mp4
scan_09_10,8,757,30.28,0.28,09:10:00,09:10:10,30.0,45.0,Week3_Behaviour_Dataset/data/videos/Unibo_scan_windows_clean.mp4
scan_09_10,9,758,30.32,0.32,09:10:00,09:10:10,30.0,45.0,Week3_Behaviour_Dataset/data/videos/Unibo_scan_windows_clean.mp4
scan_09_10,10,759,30.36,0.36,09:10:00,09:10:10,30.0,45.0,Week3_Behaviour_Dataset/data/videos/Unibo_scan_windows_clean.mp4
scan_09_10,11,760,30.4,0.4,09:10:00,09:10:10,30.0,45.0,Week3_Behaviour_Dataset/data/videos/Unibo_scan_windows_clean.mp4
scan_09_10,12,761,30.44,0.44,09:10:00,09:10:10,30.0,45.0,Week3_Behaviour_Dataset/data/videos/Unibo_scan_windows_clean.mp4
scan_09_10,13,762,30.48,0.48,09:10:00,09:10:10,30.0,45.0,Week3_Behaviour_Dataset/data/videos/Unibo_scan_windows_clean.mp4
scan_09_10,14,763,30.52,0.52,09:10:00,09:10:10,30.0,45.0,Week3_Behaviour_Dataset/data/videos/Unibo_scan_windows_clean.mp4
scan_09_10,15,764,30.56,0.56,09:10:00,09:10:10,30.0,45.0,Week3_Behaviour_Dataset/data/videos/Unibo_scan_windows_clean.mp4
scan_09_10,16,765,30.6,0.6,09:10:00,09:10:10,30.0,45.0,Week3_Behaviour_Dataset/data/videos/Unibo_scan_windows_clean.mp4
scan_09_10,17,766,30.64,0.64,09:10:00,09:10:10,30.0,45.0,Week3_Behaviour_Dataset/data/videos/Unibo_scan_windows_clean.mp4
scan_09_10,18,767,30.68,0.68,09:10:00,09:10:10,30.0,45.0,Week3_Behaviour_Dataset/data/videos/Unibo_scan_windows_clean.mp4
scan_09_10,19,768,30.72,0.72,09:10:00,09:10:10,30.0,45.0,Week3_Behaviour_Dataset/data/videos/Unibo_scan_windows_clean.mp4
scan_09_10,20,769,30.76,0.76,09:10:00,09:10:10,30.0,45.0,Week3_Behaviour_Dataset/data/videos/Unibo_scan_windows_clean.mp4
scan_09_10,21,770,30.8,0.8,09:10:00,09:10:10,30.0,45.0,Week3_Behaviour_Dataset/data/videos/Unibo_scan_windows_clean.mp4
scan_09_10,22,771,30.84,0.84,09:10:00,09:10:10,30.0,45.0,Week3_Behaviour_Dataset/data/videos/Unibo_scan_windows_clean.mp4
scan_09_10,23,772,30.88,0.88,09:10:00,09:10:10,30.0,45.0,Week3_Behaviour_Dataset/data/videos/Unibo_scan_windows_clean.mp4
scan_09_10,24,773,30.92,0.92,09:10:00,09:10:10,30.0,45.0,Week3_Behaviour_Dataset/data/videos/Unibo_scan_windows_clean.mp4
scan_09_10,25,774,30.96,0.96,09:10:00,09:10:10,30.0,45.0,Week3_Behaviour_Dataset/data/videos/Unibo_scan_windows_clean.mp4
scan_09_10,26,775,31.0,1.0,09:10:00,09:10:10,30.0,45.0,Week3_Behaviour_Dataset/data/videos/Unibo_scan_windows_clean.mp4
scan_09_10,27,776,31.04,1.04,09:10:00,09:10:10,30.0,45.0,Week3_Behaviour_Dataset/data/videos/Unibo_scan_windows_clean.mp4
scan_09_10,28,777,31.08,1.08,09:10:00,09:10:10,30.0,45.0,Week3_Behaviour_Dataset/data/videos/Unibo_scan_windows_clean.mp4
scan_09_10,29,778,31.12,1.12,09:10:00,09:10:10,30.0,45.0,Week3_Behaviour_Dataset/data/videos/Unibo_scan_windows_clean.mp4
scan_09_10,30,779,31.16,1.16,09:10:00,09:10:10,30.0,45.0,Week3_Behaviour_Dataset/data/videos/Unibo_scan_windows_clean.mp4
scan_09_10,31,780,31.2,1.2,09:10:00,09:10:10,30.0,45.0,Week3_Behaviour_Dataset/data/videos/Unibo_scan_windows_clean.mp4
scan_09_10,32,781,31.24,1.24,09:10:00,09:10:10,30.0,45.0,Week3_Behaviour_Dataset/data/videos/Unibo_scan_windows_clean.mp4
scan_09_10,33,782,31.28,1.28,09:10:00,09:10:10,30.0,45.0,Week3_Behaviour_Dataset/data/videos/Unibo_scan_windows_clean.mp4
scan_09_10,34,783,31.32,1.32,09:10:00,09:10:10,30.0,45.0,Week3_Behaviour_Dataset/data/videos/Unibo_scan_windows_clean.mp4
scan_09_10,35,784,31.36,1.36,09:10:00,09:10:10,30.0,45.0,Week3_Behaviour_Dataset/data/videos/Unibo_scan_windows_clean.mp4
scan_09_10,36,785,31.4,1.4,09:10:00,09:10:10,30.0,45.0,Week3_Behaviour_Dataset/data/videos/Unibo_scan_windows_clean.mp4
scan_09_10,37,786,31.44,1.44,09:10:00,09:10:10,30.0,45.0,Week3_Behaviour_Dataset/data/videos/Unibo_scan_windows_clean.mp4
scan_09_10,38,787,31.48,1.48,09:10:00,09:10:10,30.0,45.0,Week3_Behaviour_Dataset/data/videos/Unibo_scan_windows_clean.mp4
scan_09_10,39,788,31.52,1.52,09:10:00,09:10:10,30.0,45.0,Week3_Behaviour_Dataset/data/videos/Unibo_scan_windows_clean.mp4
scan_09_10,40,789,31.56,1.56,09:10:00,09:10:10,30.0,45.0,Week3_Behaviour_Dataset/data/videos/Unibo_scan_windows_clean.mp4
scan_09_10,41,790,31.6,1.6,09:10:00,09:10:10,30.0,45.0,Week3_Behaviour_Dataset/data/videos/Unibo_scan_windows_clean.mp4
scan_09_10,42,791,31.64,1.64,09:10:00,09:10:10,30.0,45.0,Week3_Behaviour_Dataset/data/videos/Unibo_scan_windows_clean.mp4
scan_09_10,43,792,31.68,1.68,09:10:00,09:10:10,30.0,45.0,Week3_Behaviour_Dataset/data/videos/Unibo_scan_windows_clean.mp4
scan_09_10,44,793,31.72,1.72,09:10:00,09:10:10,30.0,45.0,Week3_Behaviour_Dataset/data/videos/Unibo_scan_windows_clean.mp4
scan_09_10,45,794,31.76,1.76,09:10:00,09:10:10,30.0,45.0,Week3_Behaviour_Dataset/data/videos/Unibo_scan_windows_clean.mp4
scan_09_10,46,795,31.8,1.8,09:10:00,09:10:10,30.0,45.0,Week3_Behaviour_Dataset/data/videos/Unibo_scan_windows_clean.mp4
scan_09_10,47,796,31.84,1.84,09:10:00,09:10:10,30.0,45.0,Week3_Behaviour_Dataset/data/videos/Unibo_scan_windows_clean.mp4
scan_09_10,48,797,31.88,1.88,09:10:00,09:10:10,30.0,45.0,Week3_Behaviour_Dataset/data/videos/Unibo_scan_windows_clean.mp4
scan_09_10,49,798,31.92,1.92,09:10:00,09:10:10,30.0,45.0,Week3_Behaviour_Dataset/data/videos/Unibo_scan_windows_clean.mp4
scan_09_10,50,799,31.96,1.96,09:10:00,09:10:10,30.0,45.0,Week3_Behaviour_Dataset/data/videos/Unibo_scan_windows_clean.mp4
scan_09_10,51,800,32.0,2.0,09:10:00,09:10:10,30.0,45.0,Week3_Behaviour_Dataset/data/videos/Unibo_scan_windows_clean.mp4
scan_09_10,52,801,32.04,2.04,09:10:00,09:10:10,30.0,45.0,Week3_Behaviour_Dataset/data/videos/Unibo_scan_windows_clean.mp4
scan_09_10,53,802,32.08,2.08,09:10:00,09:10:10,30.0,45.0,Week3_Behaviour_Dataset/data/videos/Unibo_scan_windows_clean.mp4
scan_09_10,54,803,32.12,2.12,09:10:00,09:10:10,30.0,45.0,Week3_Behaviour_Dataset/data/videos/Unibo_scan_windows_clean.mp4
scan_09_10,55,804,32.16,2.16,09:10:00,09:10:10,30.0,45.0,Week3_Behaviour_Dataset/data/videos/Unibo_scan_windows_clean.mp4
scan_09_10,56,805,32.2,2.2,09:10:00,09:10:10,30.0,45.0,Week3_Behaviour_Dataset/data/videos/Unibo_scan_windows_clean.mp4
scan_09_10,57,806,32.24,2.24,09:10:00,09:10:10,30.0,45.0,Week3_Behaviour_Dataset/data/videos/Unibo_scan_windows_clean.mp4
scan_09_10,58,807,32.28,2.28,09:10:00,09:10:10,30.0,45.0,Week3_Behaviour_Dataset/data/videos/Unibo_scan_windows_clean.mp4
scan_09_10,59,808,32.32,2.32,09:10:00,09:10:10,30.0,45.0,Week3_Behaviour_Dataset/data/videos/Unibo_scan_windows_clean.mp4
scan_09_10,60,809,32.36,2.36,09:10:00,09:10:10,30.0,45.0,Week3_Behaviour_Dataset/data/videos/Unibo_scan_windows_clean.mp4
scan_09_10,61,810,32.4,2.4,09:10:00,09:10:10,30.0,45.0,Week3_Behaviour_Dataset/data/videos/Unibo_scan_windows_clean.mp4
scan_09_10,62,811,32.44,2.44,09:10:00,09:10:10,30.0,45.0,Week3_Behaviour_Dataset/data/videos/Unibo_scan_windows_clean.mp4
scan_09_10,63,812,32.48,2.48,09:10:00,09:10:10,30.0,45.0,Week3_Behaviour_Dataset/data/videos/Unibo_scan_windows_clean.mp4
scan_09_10,64,813,32.52,2.52,09:10:00,09:10:10,30.0,45.0,Week3_Behaviour_Dataset/data/videos/Unibo_scan_windows_clean.mp4
scan_09_10,65,814,32.56,2.56,09:10:00,09:10:10,30.0,45.0,Week3_Behaviour_Dataset/data/videos/Unibo_scan_windows_clean.mp4
scan_09_10,66,815,32.6,2.6,09:10:00,09:10:10,30.0,45.0,Week3_Behaviour_Dataset/data/videos/Unibo_scan_windows_clean.mp4
scan_09_10,67,816,32.64,2.64,09:10:00,09:10:10,30.0,45.0,Week3_Behaviour_Dataset/data/videos/Unibo_scan_windows_clean.mp4
scan_09_10,68,817,32.68,2.68,09:10:00,09:10:10,30.0,45.0,Week3_Behaviour_Dataset/data/videos/Unibo_scan_windows_clean.mp4
scan_09_10,69,818,32.72,2.72,09:10:00,09:10:10,30.0,45.0,Week3_Behaviour_Dataset/data/videos/Unibo_scan_windows_clean.mp4
scan_09_10,70,819,32.76,2.76,09:10:00,09:10:10,30.0,45.0,Week3_Behaviour_Dataset/data/videos/Unibo_scan_windows_clean.mp4
scan_09_10,71,820,32.8,2.8,09:10:00,09:10:10,30.0,45.0,Week3_Behaviour_Dataset/data/videos/Unibo_scan_windows_clean.mp4
scan_09_10,72,821,32.84,2.84,09:10:00,09:10:10,30.0,45.0,Week3_Behaviour_Dataset/data/videos/Unibo_scan_windows_clean.mp4
scan_09_10,73,822,32.88,2.88,09:10:00,09:10:10,30.0,45.0,Week3_Behaviour_Dataset/data/videos/Unibo_scan_windows_clean.mp4
scan_09_10,74,823,32.92,2.92,09:10:00,09:10:10,30.0,45.0,Week3_Behaviour_Dataset/data/videos/Unibo_scan_windows_clean.mp4
scan_09_10,75,824,32.96,2.96,09:10:00,09:10:10,30.0,45.0,Week3_Behaviour_Dataset/data/videos/Unibo_scan_windows_clean.mp4
scan_09_10,76,825,33.0,3.0,09:10:00,09:10:10,30.0,45.0,Week3_Behaviour_Dataset/data/videos/Unibo_scan_windows_clean.mp4
scan_09_10,77,826,33.04,3.04,09:10:00,09:10:10,30.0,45.0,Week3_Behaviour_Dataset/data/videos/Unibo_scan_windows_clean.mp4
scan_09_10,78,827,33.08,3.08,09:10:00,09:10:10,30.0,45.0,Week3_Behaviour_Dataset/data/videos/Unibo_scan_windows_clean.mp4
scan_09_10,79,828,33.12,3.12,09:10:00,09:10:10,30.0,45.0,Week3_Behaviour_Dataset/data/videos/Unibo_scan_windows_clean.mp4
scan_09_10,80,829,33.16,3.16,09:10:00,09:10:10,30.0,45.0,Week3_Behaviour_Dataset/data/videos/Unibo_scan_windows_clean.mp4
scan_09_10,81,830,33.2,3.2,09:10:00,09:10:10,30.0,45.0,Week3_Behaviour_Dataset/data/videos/Unibo_scan_windows_clean.mp4
scan_09_10,82,831,33.24,3.24,09:10:00,09:10:10,30.0,45.0,Week3_Behaviour_Dataset/data/videos/Unibo_scan_windows_clean.mp4
scan_09_10,83,832,33.28,3.28,09:10:00,09:10:10,30.0,45.0,Week3_Behaviour_Dataset/data/videos/Unibo_scan_windows_clean.mp4
scan_09_10,84,833,33.32,3.32,09:10:00,09:10:10,30.0,45.0,Week3_Behaviour_Dataset/data/videos/Unibo_scan_windows_clean.mp4
scan_09_10,85,834,33.36,3.36,09:10:00,09:10:10,30.0,45.0,Week3_Behaviour_Dataset/data/videos/Unibo_scan_windows_clean.mp4
scan_09_10,86,835,33.4,3.4,09:10:00,09:10:10,30.0,45.0,Week3_Behaviour_Dataset/data/videos/Unibo_scan_windows_clean.mp4
scan_09_10,87,836,33.44,3.44,09:10:00,09:10:10,30.0,45.0,Week3_Behaviour_Dataset/data/videos/Unibo_scan_windows_clean.mp4
scan_09_10,88,837,33.48,3.48,09:10:00,09:10:10,30.0,45.0,Week3_Behaviour_Dataset/data/videos/Unibo_scan_windows_clean.mp4
scan_09_10,89,838,33.52,3.52,09:10:00,09:10:10,30.0,45.0,Week3_Behaviour_Dataset/data/videos/Unibo_scan_windows_clean.mp4
scan_09_10,90,839,33.56,3.56,09:10:00,09:10:10,30.0,45.0,Week3_Behaviour_Dataset/data/videos/Unibo_scan_windows_clean.mp4
scan_09_10,91,840,33.6,3.6,09:10:00,09:10:10,30.0,45.0,Week3_Behaviour_Dataset/data/videos/Unibo_scan_windows_clean.mp4
scan_09_10,92,841,33.64,3.64,09:10:00,09:10:10,30.0,45.0,Week3_Behaviour_Dataset/data/videos/Unibo_scan_windows_clean.mp4
scan_09_10,93,842,33.68,3.68,09:10:00,09:10:10,30.0,45.0,Week3_Behaviour_Dataset/data/videos/Unibo_scan_windows_clean.mp4
scan_09_10,94,843,33.72,3.72,09:10:00,09:10:10,30.0,45.0,Week3_Behaviour_Dataset/data/videos/Unibo_scan_windows_clean.mp4
scan_09_10,95,844,33.76,3.76,09:10:00,09:10:10,30.0,45.0,Week3_Behaviour_Dataset/data/videos/Unibo_scan_windows_clean.mp4
scan_09_10,96,845,33.8,3.8,09:10:00,09:10:10,30.0,45.0,Week3_Behaviour_Dataset/data/videos/Unibo_scan_windows_clean.mp4
scan_09_10,97,846,33.84,3.84,09:10:00,09:10:10,30.0,45.0,Week3_Behaviour_Dataset/data/videos/Unibo_scan_windows_clean.mp4
scan_09_10,98,847,33.88,3.88,09:10:00,09:10:10,30.0,45.0,Week3_Behaviour_Dataset/data/videos/Unibo_scan_windows_clean.mp4
scan_09_10,99,848,33.92,3.92,09:10:00,09:10:10,30.0,45.0,Week3_Behaviour_Dataset/data/videos/Unibo_scan_windows_clean.mp4
scan_09_10,100,849,33.96,3.96,09:10:00,09:10:10,30.0,45.0,Week3_Behaviour_Dataset/data/videos/Unibo_scan_windows_clean.mp4
scan_09_10,101,850,34.0,4.0,09:10:00,09:10:10,30.0,45.0,Week3_Behaviour_Dataset/data/videos/Unibo_scan_windows_clean.mp4
scan_09_10,102,851,34.04,4.04,09:10:00,09:10:10,30.0,45.0,Week3_Behaviour_Dataset/data/videos/Unibo_scan_windows_clean.mp4
scan_09_10,103,852,34.08,4.08,09:10:00,09:10:10,30.0,45.0,Week3_Behaviour_Dataset/data/videos/Unibo_scan_windows_clean.mp4
scan_09_10,104,853,34.12,4.12,09:10:00,09:10:10,30.0,45.0,Week3_Behaviour_Dataset/data/videos/Unibo_scan_windows_clean.mp4
scan_09_10,105,854,34.16,4.16,09:10:00,09:10:10,30.0,45.0,Week3_Behaviour_Dataset/data/videos/Unibo_scan_windows_clean.mp4
scan_09_10,106,855,34.2,4.2,09:10:00,09:10:10,30.0,45.0,Week3_Behaviour_Dataset/data/videos/Unibo_scan_windows_clean.mp4
scan_09_10,107,856,34.24,4.24,09:10:00,09:10:10,30.0,45.0,Week3_Behaviour_Dataset/data/videos/Unibo_scan_windows_clean.mp4
scan_09_10,108,857,34.28,4.28,09:10:00,09:10:10,30.0,45.0,Week3_Behaviour_Dataset/data/videos/Unibo_scan_windows_clean.mp4
scan_09_10,109,858,34.32,4.32,09:10:00,09:10:10,30.0,45.0,Week3_Behaviour_Dataset/data/videos/Unibo_scan_windows_clean.mp4
scan_09_10,110,859,34.36,4.36,09:10:00,09:10:10,30.0,45.0,Week3_Behaviour_Dataset/data/videos/Unibo_scan_windows_clean.mp4
scan_09_10,111,860,34.4,4.4,09:10:00,09:10:10,30.0,45.0,Week3_Behaviour_Dataset/data/videos/Unibo_scan_windows_clean.mp4
scan_09_10,112,861,34.44,4.44,09:10:00,09:10:10,30.0,45.0,Week3_Behaviour_Dataset/data/videos/Unibo_scan_windows_clean.mp4
scan_09_10,113,862,34.48,4.48,09:10:00,09:10:10,30.0,45.0,Week3_Behaviour_Dataset/data/videos/Unibo_scan_windows_clean.mp4
scan_09_10,114,863,34.52,4.52,09:10:00,09:10:10,30.0,45.0,Week3_Behaviour_Dataset/data/videos/Unibo_scan_windows_clean.mp4
scan_09_10,115,864,34.56,4.56,09:10:00,09:10:10,30.0,45.0,Week3_Behaviour_Dataset/data/videos/Unibo_scan_windows_clean.mp4
scan_09_10,116,865,34.6,4.6,09:10:00,09:10:10,30.0,45.0,Week3_Behaviour_Dataset/data/videos/Unibo_scan_windows_clean.mp4
scan_09_10,117,866,34.64,4.64,09:10:00,09:10:10,30.0,45.0,Week3_Behaviour_Dataset/data/videos/Unibo_scan_windows_clean.mp4
scan_09_10,118,867,34.68,4.68,09:10:00,09:10:10,30.0,45.0,Week3_Behaviour_Dataset/data/videos/Unibo_scan_windows_clean.mp4
scan_09_10,119,868,34.72,4.72,09:10:00,09:10:10,30.0,45.0,Week3_Behaviour_Dataset/data/videos/Unibo_scan_windows_clean.mp4
scan_09_10,120,869,34.76,4.76,09:10:00,09:10:10,30.0,45.0,Week3_Behaviour_Dataset/data/videos/Unibo_scan_windows_clean.mp4
scan_09_10,121,870,34.8,4.8,09:10:00,09:10:10,30.0,45.0,Week3_Behaviour_Dataset/data/videos/Unibo_scan_windows_clean.mp4
scan_09_10,122,871,34.84,4.84,09:10:00,09:10:10,30.0,45.0,Week3_Behaviour_Dataset/data/videos/Unibo_scan_windows_clean.mp4
scan_09_10,123,872,34.88,4.88,09:10:00,09:10:10,30.0,45.0,Week3_Behaviour_Dataset/data/videos/Unibo_scan_windows_clean.mp4
scan_09_10,124,873,34.92,4.92,09:10:00,09:10:10,30.0,45.0,Week3_Behaviour_Dataset/data/videos/Unibo_scan_windows_clean.mp4
scan_09_10,125,874,34.96,4.96,09:10:00,09:10:10,30.0,45.0,Week3_Behaviour_Dataset/data/videos/Unibo_scan_windows_clean.mp4
scan_09_10,126,875,35.0,5.0,09:10:00,09:10:10,30.0,45.0,Week3_Behaviour_Dataset/data/videos/Unibo_scan_windows_clean.mp4
scan_09_10,127,876,35.04,5.04,09:10:00,09:10:10,30.0,45.0,Week3_Behaviour_Dataset/data/videos/Unibo_scan_windows_clean.mp4
scan_09_10,128,877,35.08,5.08,09:10:00,09:10:10,30.0,45.0,Week3_Behaviour_Dataset/data/videos/Unibo_scan_windows_clean.mp4
scan_09_10,129,878,35.12,5.12,09:10:00,09:10:10,30.0,45.0,Week3_Behaviour_Dataset/data/videos/Unibo_scan_windows_clean.mp4
scan_09_10,130,879,35.16,5.16,09:10:00,09:10:10,30.0,45.0,Week3_Behaviour_Dataset/data/videos/Unibo_scan_windows_clean.mp4
scan_09_10,131,880,35.2,5.2,09:10:00,09:10:10,30.0,45.0,Week3_Behaviour_Dataset/data/videos/Unibo_scan_windows_clean.mp4
scan_09_10,132,881,35.24,5.24,09:10:00,09:10:10,30.0,45.0,Week3_Behaviour_Dataset/data/videos/Unibo_scan_windows_clean.mp4
scan_09_10,133,882,35.28,5.28,09:10:00,09:10:10,30.0,45.0,Week3_Behaviour_Dataset/data/videos/Unibo_scan_windows_clean.mp4
scan_09_10,134,883,35.32,5.32,09:10:00,09:10:10,30.0,45.0,Week3_Behaviour_Dataset/data/videos/Unibo_scan_windows_clean.mp4
scan_09_10,135,884,35.36,5.36,09:10:00,09:10:10,30.0,45.0,Week3_Behaviour_Dataset/data/videos/Unibo_scan_windows_clean.mp4
scan_09_10,136,885,35.4,5.4,09:10:00,09:10:10,30.0,45.0,Week3_Behaviour_Dataset/data/videos/Unibo_scan_windows_clean.mp4
scan_09_10,137,886,35.44,5.44,09:10:00,09:10:10,30.0,45.0,Week3_Behaviour_Dataset/data/videos/Unibo_scan_windows_clean.mp4
scan_09_10,138,887,35.48,5.48,09:10:00,09:10:10,30.0,45.0,Week3_Behaviour_Dataset/data/videos/Unibo_scan_windows_clean.mp4
scan_09_10,139,888,35.52,5.52,09:10:00,09:10:10,30.0,45.0,Week3_Behaviour_Dataset/data/videos/Unibo_scan_windows_clean.mp4
scan_09_10,140,889,35.56,5.56,09:10:00,09:10:10,30.0,45.0,Week3_Behaviour_Dataset/data/videos/Unibo_scan_windows_clean.mp4
scan_09_10,141,890,35.6,5.6,09:10:00,09:10:10,30.0,45.0,Week3_Behaviour_Dataset/data/videos/Unibo_scan_windows_clean.mp4
scan_09_10,142,891,35.64,5.64,09:10:00,09:10:10,30.0,45.0,Week3_Behaviour_Dataset/data/videos/Unibo_scan_windows_clean.mp4
scan_09_10,143,892,35.68,5.68,09:10:00,09:10:10,30.0,45.0,Week3_Behaviour_Dataset/data/videos/Unibo_scan_windows_clean.mp4
scan_09_10,144,893,35.72,5.72,09:10:00,09:10:10,30.0,45.0,Week3_Behaviour_Dataset/data/videos/Unibo_scan_windows_clean.mp4
scan_09_10,145,894,35.76,5.76,09:10:00,09:10:10,30.0,45.0,Week3_Behaviour_Dataset/data/videos/Unibo_scan_windows_clean.mp4
scan_09_10,146,895,35.8,5.8,09:10:00,09:10:10,30.0,45.0,Week3_Behaviour_Dataset/data/videos/Unibo_scan_windows_clean.mp4
scan_09_10,147,896,35.84,5.84,09:10:00,09:10:10,30.0,45.0,Week3_Behaviour_Dataset/data/videos/Unibo_scan_windows_clean.mp4
scan_09_10,148,897,35.88,5.88,09:10:00,09:10:10,30.0,45.0,Week3_Behaviour_Dataset/data/videos/Unibo_scan_windows_clean.mp4
scan_09_10,149,898,35.92,5.92,09:10:00,09:10:10,30.0,45.0,Week3_Behaviour_Dataset/data/videos/Unibo_scan_windows_clean.mp4
scan_09_10,150,899,35.96,5.96,09:10:00,09:10:10,30.0,45.0,Week3_Behaviour_Dataset/data/videos/Unibo_scan_windows_clean.mp4
scan_09_10,151,900,36.0,6.0,09:10:00,09:10:10,30.0,45.0,Week3_Behaviour_Dataset/data/videos/Unibo_scan_windows_clean.mp4
scan_09_10,152,901,36.04,6.04,09:10:00,09:10:10,30.0,45.0,Week3_Behaviour_Dataset/data/videos/Unibo_scan_windows_clean.mp4
scan_09_10,153,902,36.08,6.08,09:10:00,09:10:10,30.0,45.0,Week3_Behaviour_Dataset/data/videos/Unibo_scan_windows_clean.mp4
scan_09_10,154,903,36.12,6.12,09:10:00,09:10:10,30.0,45.0,Week3_Behaviour_Dataset/data/videos/Unibo_scan_windows_clean.mp4
scan_09_10,155,904,36.16,6.16,09:10:00,09:10:10,30.0,45.0,Week3_Behaviour_Dataset/data/videos/Unibo_scan_windows_clean.mp4
scan_09_10,156,905,36.2,6.2,09:10:00,09:10:10,30.0,45.0,Week3_Behaviour_Dataset/data/videos/Unibo_scan_windows_clean.mp4
scan_09_10,157,906,36.24,6.24,09:10:00,09:10:10,30.0,45.0,Week3_Behaviour_Dataset/data/videos/Unibo_scan_windows_clean.mp4
scan_09_10,158,907,36.28,6.28,09:10:00,09:10:10,30.0,45.0,Week3_Behaviour_Dataset/data/videos/Unibo_scan_windows_clean.mp4
scan_09_10,159,908,36.32,6.32,09:10:00,09:10:10,30.0,45.0,Week3_Behaviour_Dataset/data/videos/Unibo_scan_windows_clean.mp4
scan_09_10,160,909,36.36,6.36,09:10:00,09:10:10,30.0,45.0,Week3_Behaviour_Dataset/data/videos/Unibo_scan_windows_clean.mp4
scan_09_10,161,910,36.4,6.4,09:10:00,09:10:10,30.0,45.0,Week3_Behaviour_Dataset/data/videos/Unibo_scan_windows_clean.mp4
scan_09_10,162,911,36.44,6.44,09:10:00,09:10:10,30.0,45.0,Week3_Behaviour_Dataset/data/videos/Unibo_scan_windows_clean.mp4
scan_09_10,163,912,36.48,6.48,09:10:00,09:10:10,30.0,45.0,Week3_Behaviour_Dataset/data/videos/Unibo_scan_windows_clean.mp4
scan_09_10,164,913,36.52,6.52,09:10:00,09:10:10,30.0,45.0,Week3_Behaviour_Dataset/data/videos/Unibo_scan_windows_clean.mp4
scan_09_10,165,914,36.56,6.56,09:10:00,09:10:10,30.0,45.0,Week3_Behaviour_Dataset/data/videos/Unibo_scan_windows_clean.mp4
scan_09_10,166,915,36.6,6.6,09:10:00,09:10:10,30.0,45.0,Week3_Behaviour_Dataset/data/videos/Unibo_scan_windows_clean.mp4
scan_09_10,167,916,36.64,6.64,09:10:00,09:10:10,30.0,45.0,Week3_Behaviour_Dataset/data/videos/Unibo_scan_windows_clean.mp4
scan_09_10,168,917,36.68,6.68,09:10:00,09:10:10,30.0,45.0,Week3_Behaviour_Dataset/data/videos/Unibo_scan_windows_clean.mp4
scan_09_10,169,918,36.72,6.72,09:10:00,09:10:10,30.0,45.0,Week3_Behaviour_Dataset/data/videos/Unibo_scan_windows_clean.mp4
scan_09_10,170,919,36.76,6.76,09:10:00,09:10:10,30.0,45.0,Week3_Behaviour_Dataset/data/videos/Unibo_scan_windows_clean.mp4
scan_09_10,171,920,36.8,6.8,09:10:00,09:10:10,30.0,45.0,Week3_Behaviour_Dataset/data/videos/Unibo_scan_windows_clean.mp4
scan_09_10,172,921,36.84,6.84,09:10:00,09:10:10,30.0,45.0,Week3_Behaviour_Dataset/data/videos/Unibo_scan_windows_clean.mp4
scan_09_10,173,922,36.88,6.88,09:10:00,09:10:10,30.0,45.0,Week3_Behaviour_Dataset/data/videos/Unibo_scan_windows_clean.mp4
scan_09_10,174,923,36.92,6.92,09:10:00,09:10:10,30.0,45.0,Week3_Behaviour_Dataset/data/videos/Unibo_scan_windows_clean.mp4
scan_09_10,175,924,36.96,6.96,09:10:00,09:10:10,30.0,45.0,Week3_Behaviour_Dataset/data/videos/Unibo_scan_windows_clean.mp4
scan_09_10,176,925,37.0,7.0,09:10:00,09:10:10,30.0,45.0,Week3_Behaviour_Dataset/data/videos/Unibo_scan_windows_clean.mp4
scan_09_10,177,926,37.04,7.04,09:10:00,09:10:10,30.0,45.0,Week3_Behaviour_Dataset/data/videos/Unibo_scan_windows_clean.mp4
scan_09_10,178,927,37.08,7.08,09:10:00,09:10:10,30.0,45.0,Week3_Behaviour_Dataset/data/videos/Unibo_scan_windows_clean.mp4
scan_09_10,179,928,37.12,7.12,09:10:00,09:10:10,30.0,45.0,Week3_Behaviour_Dataset/data/videos/Unibo_scan_windows_clean.mp4
scan_09_10,180,929,37.16,7.16,09:10:00,09:10:10,30.0,45.0,Week3_Behaviour_Dataset/data/videos/Unibo_scan_windows_clean.mp4
scan_09_10,181,930,37.2,7.2,09:10:00,09:10:10,30.0,45.0,Week3_Behaviour_Dataset/data/videos/Unibo_scan_windows_clean.mp4
scan_09_10,182,931,37.24,7.24,09:10:00,09:10:10,30.0,45.0,Week3_Behaviour_Dataset/data/videos/Unibo_scan_windows_clean.mp4
scan_09_10,183,932,37.28,7.28,09:10:00,09:10:10,30.0,45.0,Week3_Behaviour_Dataset/data/videos/Unibo_scan_windows_clean.mp4
scan_09_10,184,933,37.32,7.32,09:10:00,09:10:10,30.0,45.0,Week3_Behaviour_Dataset/data/videos/Unibo_scan_windows_clean.mp4
scan_09_10,185,934,37.36,7.36,09:10:00,09:10:10,30.0,45.0,Week3_Behaviour_Dataset/data/videos/Unibo_scan_windows_clean.mp4
scan_09_10,186,935,37.4,7.4,09:10:00,09:10:10,30.0,45.0,Week3_Behaviour_Dataset/data/videos/Unibo_scan_windows_clean.mp4
scan_09_10,187,936,37.44,7.44,09:10:00,09:10:10,30.0,45.0,Week3_Behaviour_Dataset/data/videos/Unibo_scan_windows_clean.mp4
scan_09_10,188,937,37.48,7.48,09:10:00,09:10:10,30.0,45.0,Week3_Behaviour_Dataset/data/videos/Unibo_scan_windows_clean.mp4
scan_09_10,189,938,37.52,7.52,09:10:00,09:10:10,30.0,45.0,Week3_Behaviour_Dataset/data/videos/Unibo_scan_windows_clean.mp4
scan_09_10,190,939,37.56,7.56,09:10:00,09:10:10,30.0,45.0,Week3_Behaviour_Dataset/data/videos/Unibo_scan_windows_clean.mp4
scan_09_10,191,940,37.6,7.6,09:10:00,09:10:10,30.0,45.0,Week3_Behaviour_Dataset/data/videos/Unibo_scan_windows_clean.mp4
scan_09_10,192,941,37.64,7.64,09:10:00,09:10:10,30.0,45.0,Week3_Behaviour_Dataset/data/videos/Unibo_scan_windows_clean.mp4
scan_09_10,193,942,37.68,7.68,09:10:00,09:10:10,30.0,45.0,Week3_Behaviour_Dataset/data/videos/Unibo_scan_windows_clean.mp4
scan_09_10,194,943,37.72,7.72,09:10:00,09:10:10,30.0,45.0,Week3_Behaviour_Dataset/data/videos/Unibo_scan_windows_clean.mp4
scan_09_10,195,944,37.76,7.76,09:10:00,09:10:10,30.0,45.0,Week3_Behaviour_Dataset/data/videos/Unibo_scan_windows_clean.mp4
scan_09_10,196,945,37.8,7.8,09:10:00,09:10:10,30.0,45.0,Week3_Behaviour_Dataset/data/videos/Unibo_scan_windows_clean.mp4
scan_09_10,197,946,37.84,7.84,09:10:00,09:10:10,30.0,45.0,Week3_Behaviour_Dataset/data/videos/Unibo_scan_windows_clean.mp4
scan_09_10,198,947,37.88,7.88,09:10:00,09:10:10,30.0,45.0,Week3_Behaviour_Dataset/data/videos/Unibo_scan_windows_clean.mp4
scan_09_10,199,948,37.92,7.92,09:10:00,09:10:10,30.0,45.0,Week3_Behaviour_Dataset/data/videos/Unibo_scan_windows_clean.mp4
scan_09_10,200,949,37.96,7.96,09:10:00,09:10:10,30.0,45.0,Week3_Behaviour_Dataset/data/videos/Unibo_scan_windows_clean.mp4
scan_09_10,201,950,38.0,8.0,09:10:00,09:10:10,30.0,45.0,Week3_Behaviour_Dataset/data/videos/Unibo_scan_windows_clean.mp4
scan_09_10,202,951,38.04,8.04,09:10:00,09:10:10,30.0,45.0,Week3_Behaviour_Dataset/data/videos/Unibo_scan_windows_clean.mp4
scan_09_10,203,952,38.08,8.08,09:10:00,09:10:10,30.0,45.0,Week3_Behaviour_Dataset/data/videos/Unibo_scan_windows_clean.mp4
scan_09_10,204,953,38.12,8.12,09:10:00,09:10:10,30.0,45.0,Week3_Behaviour_Dataset/data/videos/Unibo_scan_windows_clean.mp4
scan_09_10,205,954,38.16,8.16,09:10:00,09:10:10,30.0,45.0,Week3_Behaviour_Dataset/data/videos/Unibo_scan_windows_clean.mp4
scan_09_10,206,955,38.2,8.2,09:10:00,09:10:10,30.0,45.0,Week3_Behaviour_Dataset/data/videos/Unibo_scan_windows_clean.mp4
scan_09_10,207,956,38.24,8.24,09:10:00,09:10:10,30.0,45.0,Week3_Behaviour_Dataset/data/videos/Unibo_scan_windows_clean.mp4
scan_09_10,208,957,38.28,8.28,09:10:00,09:10:10,30.0,45.0,Week3_Behaviour_Dataset/data/videos/Unibo_scan_windows_clean.mp4
scan_09_10,209,958,38.32,8.32,09:10:00,09:10:10,30.0,45.0,Week3_Behaviour_Dataset/data/videos/Unibo_scan_windows_clean.mp4
scan_09_10,210,959,38.36,8.36,09:10:00,09:10:10,30.0,45.0,Week3_Behaviour_Dataset/data/videos/Unibo_scan_windows_clean.mp4
scan_09_10,211,960,38.4,8.4,09:10:00,09:10:10,30.0,45.0,Week3_Behaviour_Dataset/data/videos/Unibo_scan_windows_clean.mp4
scan_09_10,212,961,38.44,8.44,09:10:00,09:10:10,30.0,45.0,Week3_Behaviour_Dataset/data/videos/Unibo_scan_windows_clean.mp4
scan_09_10,213,962,38.48,8.48,09:10:00,09:10:10,30.0,45.0,Week3_Behaviour_Dataset/data/videos/Unibo_scan_windows_clean.mp4
scan_09_10,214,963,38.52,8.52,09:10:00,09:10:10,30.0,45.0,Week3_Behaviour_Dataset/data/videos/Unibo_scan_windows_clean.mp4
scan_09_10,215,964,38.56,8.56,09:10:00,09:10:10,30.0,45.0,Week3_Behaviour_Dataset/data/videos/Unibo_scan_windows_clean.mp4
scan_09_10,216,965,38.6,8.6,09:10:00,09:10:10,30.0,45.0,Week3_Behaviour_Dataset/data/videos/Unibo_scan_windows_clean.mp4
scan_09_10,217,966,38.64,8.64,09:10:00,09:10:10,30.0,45.0,Week3_Behaviour_Dataset/data/videos/Unibo_scan_windows_clean.mp4
scan_09_10,218,967,38.68,8.68,09:10:00,09:10:10,30.0,45.0,Week3_Behaviour_Dataset/data/videos/Unibo_scan_windows_clean.mp4
scan_09_10,219,968,38.72,8.72,09:10:00,09:10:10,30.0,45.0,Week3_Behaviour_Dataset/data/videos/Unibo_scan_windows_clean.mp4
scan_09_10,220,969,38.76,8.76,09:10:00,09:10:10,30.0,45.0,Week3_Behaviour_Dataset/data/videos/Unibo_scan_windows_clean.mp4
scan_09_10,221,970,38.8,8.8,09:10:00,09:10:10,30.0,45.0,Week3_Behaviour_Dataset/data/videos/Unibo_scan_windows_clean.mp4
scan_09_10,222,971,38.84,8.84,09:10:00,09:10:10,30.0,45.0,Week3_Behaviour_Dataset/data/videos/Unibo_scan_windows_clean.mp4
scan_09_10,223,972,38.88,8.88,09:10:00,09:10:10,30.0,45.0,Week3_Behaviour_Dataset/data/videos/Unibo_scan_windows_clean.mp4
scan_09_10,224,973,38.92,8.92,09:10:00,09:10:10,30.0,45.0,Week3_Behaviour_Dataset/data/videos/Unibo_scan_windows_clean.mp4
scan_09_10,225,974,38.96,8.96,09:10:00,09:10:10,30.0,45.0,Week3_Behaviour_Dataset/data/videos/Unibo_scan_windows_clean.mp4
scan_09_10,226,975,39.0,9.0,09:10:00,09:10:10,30.0,45.0,Week3_Behaviour_Dataset/data/videos/Unibo_scan_windows_clean.mp4
scan_09_10,227,976,39.04,9.04,09:10:00,09:10:10,30.0,45.0,Week3_Behaviour_Dataset/data/videos/Unibo_scan_windows_clean.mp4
scan_09_10,228,977,39.08,9.08,09:10:00,09:10:10,30.0,45.0,Week3_Behaviour_Dataset/data/videos/Unibo_scan_windows_clean.mp4
scan_09_10,229,978,39.12,9.12,09:10:00,09:10:10,30.0,45.0,Week3_Behaviour_Dataset/data/videos/Unibo_scan_windows_clean.mp4
scan_09_10,230,979,39.16,9.16,09:10:00,09:10:10,30.0,45.0,Week3_Behaviour_Dataset/data/videos/Unibo_scan_windows_clean.mp4
scan_09_10,231,980,39.2,9.2,09:10:00,09:10:10,30.0,45.0,Week3_Behaviour_Dataset/data/videos/Unibo_scan_windows_clean.mp4
scan_09_10,232,981,39.24,9.24,09:10:00,09:10:10,30.0,45.0,Week3_Behaviour_Dataset/data/videos/Unibo_scan_windows_clean.mp4
scan_09_10,233,982,39.28,9.28,09:10:00,09:10:10,30.0,45.0,Week3_Behaviour_Dataset/data/videos/Unibo_scan_windows_clean.mp4
scan_09_10,234,983,39.32,9.32,09:10:00,09:10:10,30.0,45.0,Week3_Behaviour_Dataset/data/videos/Unibo_scan_windows_clean.mp4
scan_09_10,235,984,39.36,9.36,09:10:00,09:10:10,30.0,45.0,Week3_Behaviour_Dataset/data/videos/Unibo_scan_windows_clean.mp4
scan_09_10,236,985,39.4,9.4,09:10:00,09:10:10,30.0,45.0,Week3_Behaviour_Dataset/data/videos/Unibo_scan_windows_clean.mp4
scan_09_10,237,986,39.44,9.44,09:10:00,09:10:10,30.0,45.0,Week3_Behaviour_Dataset/data/videos/Unibo_scan_windows_clean.mp4
scan_09_10,238,987,39.48,9.48,09:10:00,09:10:10,30.0,45.0,Week3_Behaviour_Dataset/data/videos/Unibo_scan_windows_clean.mp4
scan_09_10,239,988,39.52,9.52,09:10:00,09:10:10,30.0,45.0,Week3_Behaviour_Dataset/data/videos/Unibo_scan_windows_clean.mp4
scan_09_10,240,989,39.56,9.56,09:10:00,09:10:10,30.0,45.0,Week3_Behaviour_Dataset/data/videos/Unibo_scan_windows_clean.mp4
scan_09_10,241,990,39.6,9.6,09:10:00,09:10:10,30.0,45.0,Week3_Behaviour_Dataset/data/videos/Unibo_scan_windows_clean.mp4
scan_09_10,242,991,39.64,9.64,09:10:00,09:10:10,30.0,45.0,Week3_Behaviour_Dataset/data/videos/Unibo_scan_windows_clean.mp4
scan_09_10,243,992,39.68,9.68,09:10:00,09:10:10,30.0,45.0,Week3_Behaviour_Dataset/data/videos/Unibo_scan_windows_clean.mp4
scan_09_10,244,993,39.72,9.72,09:10:00,09:10:10,30.0,45.0,Week3_Behaviour_Dataset/data/videos/Unibo_scan_windows_clean.mp4
scan_09_10,245,994,39.76,9.76,09:10:00,09:10:10,30.0,45.0,Week3_Behaviour_Dataset/data/videos/Unibo_scan_windows_clean.mp4
scan_09_10,246,995,39.8,9.8,09:10:00,09:10:10,30.0,45.0,Week3_Behaviour_Dataset/data/videos/Unibo_scan_windows_clean.mp4
scan_09_10,247,996,39.84,9.84,09:10:00,09:10:10,30.0,45.0,Week3_Behaviour_Dataset/data/videos/Unibo_scan_windows_clean.mp4
scan_09_10,248,997,39.88,9.88,09:10:00,09:10:10,30.0,45.0,Week3_Behaviour_Dataset/data/videos/Unibo_scan_windows_clean.mp4
scan_09_10,249,998,39.92,9.92,09:10:00,09:10:10,30.0,45.0,Week3_Behaviour_Dataset/data/videos/Unibo_scan_windows_clean.mp4
scan_09_10,250,999,39.96,9.96,09:10:00,09:10:10,30.0,45.0,Week3_Behaviour_Dataset/data/videos/Unibo_scan_windows_clean.mp4
scan_09_10,251,1000,40.0,10.0,09:10:00,09:10:10,30.0,45.0,Week3_Behaviour_Dataset/data/videos/Unibo_scan_windows_clean.mp4
scan_09_10,252,1001,40.04,10.04,09:10:00,09:10:10,30.0,45.0,Week3_Behaviour_Dataset/data/videos/Unibo_scan_windows_clean.mp4
scan_09_10,253,1002,40.08,10.08,09:10:00,09:10:10,30.0,45.0,Week3_Behaviour_Dataset/data/videos/Unibo_scan_windows_clean.mp4
scan_09_10,254,1003,40.12,10.12,09:10:00,09:10:10,30.0,45.0,Week3_Behaviour_Dataset/data/videos/Unibo_scan_windows_clean.mp4
scan_09_10,255,1004,40.16,10.16,09:10:00,09:10:10,30.0,45.0,Week3_Behaviour_Dataset/data/videos/Unibo_scan_windows_clean.mp4
scan_09_10,256,1005,40.2,10.2,09:10:00,09:10:10,30.0,45.0,Week3_Behaviour_Dataset/data/videos/Unibo_scan_windows_clean.mp4
scan_09_10,257,1006,40.24,10.24,09:10:00,09:10:10,30.0,45.0,Week3_Behaviour_Dataset/data/videos/Unibo_scan_windows_clean.mp4
scan_09_10,258,1007,40.28,10.28,09:10:00,09:10:10,30.0,45.0,Week3_Behaviour_Dataset/data/videos/Unibo_scan_windows_clean.mp4
scan_09_10,259,1008,40.32,10.32,09:10:00,09:10:10,30.0,45.0,Week3_Behaviour_Dataset/data/videos/Unibo_scan_windows_clean.mp4
scan_09_10,260,1009,40.36,10.36,09:10:00,09:10:10,30.0,45.0,Week3_Behaviour_Dataset/data/videos/Unibo_scan_windows_clean.mp4
scan_09_10,261,1010,40.4,10.4,09:10:00,09:10:10,30.0,45.0,Week3_Behaviour_Dataset/data/videos/Unibo_scan_windows_clean.mp4
scan_09_10,262,1011,40.44,10.44,09:10:00,09:10:10,30.0,45.0,Week3_Behaviour_Dataset/data/videos/Unibo_scan_windows_clean.mp4
scan_09_10,263,1012,40.48,10.48,09:10:00,09:10:10,30.0,45.0,Week3_Behaviour_Dataset/data/videos/Unibo_scan_windows_clean.mp4
scan_09_10,264,1013,40.52,10.52,09:10:00,09:10:10,30.0,45.0,Week3_Behaviour_Dataset/data/videos/Unibo_scan_windows_clean.mp4
scan_09_10,265,1014,40.56,10.56,09:10:00,09:10:10,30.0,45.0,Week3_Behaviour_Dataset/data/videos/Unibo_scan_windows_clean.mp4
scan_09_10,266,1015,40.6,10.6,09:10:00,09:10:10,30.0,45.0,Week3_Behaviour_Dataset/data/videos/Unibo_scan_windows_clean.mp4
scan_09_10,267,1016,40.64,10.64,09:10:00,09:10:10,30.0,45.0,Week3_Behaviour_Dataset/data/videos/Unibo_scan_windows_clean.mp4
scan_09_10,268,1017,40.68,10.68,09:10:00,09:10:10,30.0,45.0,Week3_Behaviour_Dataset/data/videos/Unibo_scan_windows_clean.mp4
scan_09_10,269,1018,40.72,10.72,09:10:00,09:10:10,30.0,45.0,Week3_Behaviour_Dataset/data/videos/Unibo_scan_windows_clean.mp4
scan_09_10,270,1019,40.76,10.76,09:10:00,09:10:10,30.0,45.0,Week3_Behaviour_Dataset/data/videos/Unibo_scan_windows_clean.mp4
scan_09_10,271,1020,40.8,10.8,09:10:00,09:10:10,30.0,45.0,Week3_Behaviour_Dataset/data/videos/Unibo_scan_windows_clean.mp4
scan_09_10,272,1021,40.84,10.84,09:10:00,09:10:10,30.0,45.0,Week3_Behaviour_Dataset/data/videos/Unibo_scan_windows_clean.mp4
scan_09_10,273,1022,40.88,10.88,09:10:00,09:10:10,30.0,45.0,Week3_Behaviour_Dataset/data/videos/Unibo_scan_windows_clean.mp4
scan_09_10,274,1023,40.92,10.92,09:10:00,09:10:10,30.0,45.0,Week3_Behaviour_Dataset/data/videos/Unibo_scan_windows_clean.mp4
scan_09_10,275,1024,40.96,10.96,09:10:00,09:10:10,30.0,45.0,Week3_Behaviour_Dataset/data/videos/Unibo_scan_windows_clean.mp4
scan_09_10,276,1025,41.0,11.0,09:10:00,09:10:10,30.0,45.0,Week3_Behaviour_Dataset/data/videos/Unibo_scan_windows_clean.mp4
scan_09_10,277,1026,41.04,11.04,09:10:00,09:10:10,30.0,45.0,Week3_Behaviour_Dataset/data/videos/Unibo_scan_windows_clean.mp4
scan_09_10,278,1027,41.08,11.08,09:10:00,09:10:10,30.0,45.0,Week3_Behaviour_Dataset/data/videos/Unibo_scan_windows_clean.mp4
scan_09_10,279,1028,41.12,11.12,09:10:00,09:10:10,30.0,45.0,Week3_Behaviour_Dataset/data/videos/Unibo_scan_windows_clean.mp4
scan_09_10,280,1029,41.16,11.16,09:10:00,09:10:10,30.0,45.0,Week3_Behaviour_Dataset/data/videos/Unibo_scan_windows_clean.mp4
scan_09_10,281,1030,41.2,11.2,09:10:00,09:10:10,30.0,45.0,Week3_Behaviour_Dataset/data/videos/Unibo_scan_windows_clean.mp4
scan_09_10,282,1031,41.24,11.24,09:10:00,09:10:10,30.0,45.0,Week3_Behaviour_Dataset/data/videos/Unibo_scan_windows_clean.mp4
scan_09_10,283,1032,41.28,11.28,09:10:00,09:10:10,30.0,45.0,Week3_Behaviour_Dataset/data/videos/Unibo_scan_windows_clean.mp4
scan_09_10,284,1033,41.32,11.32,09:10:00,09:10:10,30.0,45.0,Week3_Behaviour_Dataset/data/videos/Unibo_scan_windows_clean.mp4
scan_09_10,285,1034,41.36,11.36,09:10:00,09:10:10,30.0,45.0,Week3_Behaviour_Dataset/data/videos/Unibo_scan_windows_clean.mp4
scan_09_10,286,1035,41.4,11.4,09:10:00,09:10:10,30.0,45.0,Week3_Behaviour_Dataset/data/videos/Unibo_scan_windows_clean.mp4
scan_09_10,287,1036,41.44,11.44,09:10:00,09:10:10,30.0,45.0,Week3_Behaviour_Dataset/data/videos/Unibo_scan_windows_clean.mp4
scan_09_10,288,1037,41.48,11.48,09:10:00,09:10:10,30.0,45.0,Week3_Behaviour_Dataset/data/videos/Unibo_scan_windows_clean.mp4
scan_09_10,289,1038,41.52,11.52,09:10:00,09:10:10,30.0,45.0,Week3_Behaviour_Dataset/data/videos/Unibo_scan_windows_clean.mp4
scan_09_10,290,1039,41.56,11.56,09:10:00,09:10:10,30.0,45.0,Week3_Behaviour_Dataset/data/videos/Unibo_scan_windows_clean.mp4
scan_09_10,291,1040,41.6,11.6,09:10:00,09:10:10,30.0,45.0,Week3_Behaviour_Dataset/data/videos/Unibo_scan_windows_clean.mp4
scan_09_10,292,1041,41.64,11.64,09:10:00,09:10:10,30.0,45.0,Week3_Behaviour_Dataset/data/videos/Unibo_scan_windows_clean.mp4
scan_09_10,293,1042,41.68,11.68,09:10:00,09:10:10,30.0,45.0,Week3_Behaviour_Dataset/data/videos/Unibo_scan_windows_clean.mp4
scan_09_10,294,1043,41.72,11.72,09:10:00,09:10:10,30.0,45.0,Week3_Behaviour_Dataset/data/videos/Unibo_scan_windows_clean.mp4
scan_09_10,295,1044,41.76,11.76,09:10:00,09:10:10,30.0,45.0,Week3_Behaviour_Dataset/data/videos/Unibo_scan_windows_clean.mp4
scan_09_10,296,1045,41.8,11.8,09:10:00,09:10:10,30.0,45.0,Week3_Behaviour_Dataset/data/videos/Unibo_scan_windows_clean.mp4
scan_09_10,297,1046,41.84,11.84,09:10:00,09:10:10,30.0,45.0,Week3_Behaviour_Dataset/data/videos/Unibo_scan_windows_clean.mp4
scan_09_10,298,1047,41.88,11.88,09:10:00,09:10:10,30.0,45.0,Week3_Behaviour_Dataset/data/videos/Unibo_scan_windows_clean.mp4
scan_09_10,299,1048,41.92,11.92,09:10:00,09:10:10,30.0,45.0,Week3_Behaviour_Dataset/data/videos/Unibo_scan_windows_clean.mp4
scan_09_10,300,1049,41.96,11.96,09:10:00,09:10:10,30.0,45.0,Week3_Behaviour_Dataset/data/videos/Unibo_scan_windows_clean.mp4
scan_09_10,301,1050,42.0,12.0,09:10:00,09:10:10,30.0,45.0,Week3_Behaviour_Dataset/data/videos/Unibo_scan_windows_clean.mp4
scan_09_10,302,1051,42.04,12.04,09:10:00,09:10:10,30.0,45.0,Week3_Behaviour_Dataset/data/videos/Unibo_scan_windows_clean.mp4
scan_09_10,303,1052,42.08,12.08,09:10:00,09:10:10,30.0,45.0,Week3_Behaviour_Dataset/data/videos/Unibo_scan_windows_clean.mp4
scan_09_10,304,1053,42.12,12.12,09:10:00,09:10:10,30.0,45.0,Week3_Behaviour_Dataset/data/videos/Unibo_scan_windows_clean.mp4
scan_09_10,305,1054,42.16,12.16,09:10:00,09:10:10,30.0,45.0,Week3_Behaviour_Dataset/data/videos/Unibo_scan_windows_clean.mp4
scan_09_10,306,1055,42.2,12.2,09:10:00,09:10:10,30.0,45.0,Week3_Behaviour_Dataset/data/videos/Unibo_scan_windows_clean.mp4
scan_09_10,307,1056,42.24,12.24,09:10:00,09:10:10,30.0,45.0,Week3_Behaviour_Dataset/data/videos/Unibo_scan_windows_clean.mp4
scan_09_10,308,1057,42.28,12.28,09:10:00,09:10:10,30.0,45.0,Week3_Behaviour_Dataset/data/videos/Unibo_scan_windows_clean.mp4
scan_09_10,309,1058,42.32,12.32,09:10:00,09:10:10,30.0,45.0,Week3_Behaviour_Dataset/data/videos/Unibo_scan_windows_clean.mp4
scan_09_10,310,1059,42.36,12.36,09:10:00,09:10:10,30.0,45.0,Week3_Behaviour_Dataset/data/videos/Unibo_scan_windows_clean.mp4
scan_09_10,311,1060,42.4,12.4,09:10:00,09:10:10,30.0,45.0,Week3_Behaviour_Dataset/data/videos/Unibo_scan_windows_clean.mp4
scan_09_10,312,1061,42.44,12.44,09:10:00,09:10:10,30.0,45.0,Week3_Behaviour_Dataset/data/videos/Unibo_scan_windows_clean.mp4
scan_09_10,313,1062,42.48,12.48,09:10:00,09:10:10,30.0,45.0,Week3_Behaviour_Dataset/data/videos/Unibo_scan_windows_clean.mp4
scan_09_10,314,1063,42.52,12.52,09:10:00,09:10:10,30.0,45.0,Week3_Behaviour_Dataset/data/videos/Unibo_scan_windows_clean.mp4
scan_09_10,315,1064,42.56,12.56,09:10:00,09:10:10,30.0,45.0,Week3_Behaviour_Dataset/data/videos/Unibo_scan_windows_clean.mp4
scan_09_10,316,1065,42.6,12.6,09:10:00,09:10:10,30.0,45.0,Week3_Behaviour_Dataset/data/videos/Unibo_scan_windows_clean.mp4
scan_09_10,317,1066,42.64,12.64,09:10:00,09:10:10,30.0,45.0,Week3_Behaviour_Dataset/data/videos/Unibo_scan_windows_clean.mp4
scan_09_10,318,1067,42.68,12.68,09:10:00,09:10:10,30.0,45.0,Week3_Behaviour_Dataset/data/videos/Unibo_scan_windows_clean.mp4
scan_09_10,319,1068,42.72,12.72,09:10:00,09:10:10,30.0,45.0,Week3_Behaviour_Dataset/data/videos/Unibo_scan_windows_clean.mp4
scan_09_10,320,1069,42.76,12.76,09:10:00,09:10:10,30.0,45.0,Week3_Behaviour_Dataset/data/videos/Unibo_scan_windows_clean.mp4
scan_09_10,321,1070,42.8,12.8,09:10:00,09:10:10,30.0,45.0,Week3_Behaviour_Dataset/data/videos/Unibo_scan_windows_clean.mp4
scan_09_10,322,1071,42.84,12.84,09:10:00,09:10:10,30.0,45.0,Week3_Behaviour_Dataset/data/videos/Unibo_scan_windows_clean.mp4
scan_09_10,323,1072,42.88,12.88,09:10:00,09:10:10,30.0,45.0,Week3_Behaviour_Dataset/data/videos/Unibo_scan_windows_clean.mp4
scan_09_10,324,1073,42.92,12.92,09:10:00,09:10:10,30.0,45.0,Week3_Behaviour_Dataset/data/videos/Unibo_scan_windows_clean.mp4
scan_09_10,325,1074,42.96,12.96,09:10:00,09:10:10,30.0,45.0,Week3_Behaviour_Dataset/data/videos/Unibo_scan_windows_clean.mp4
scan_09_10,326,1075,43.0,13.0,09:10:00,09:10:10,30.0,45.0,Week3_Behaviour_Dataset/data/videos/Unibo_scan_windows_clean.mp4
scan_09_10,327,1076,43.04,13.04,09:10:00,09:10:10,30.0,45.0,Week3_Behaviour_Dataset/data/videos/Unibo_scan_windows_clean.mp4
scan_09_10,328,1077,43.08,13.08,09:10:00,09:10:10,30.0,45.0,Week3_Behaviour_Dataset/data/videos/Unibo_scan_windows_clean.mp4
scan_09_10,329,1078,43.12,13.12,09:10:00,09:10:10,30.0,45.0,Week3_Behaviour_Dataset/data/videos/Unibo_scan_windows_clean.mp4
scan_09_10,330,1079,43.16,13.16,09:10:00,09:10:10,30.0,45.0,Week3_Behaviour_Dataset/data/videos/Unibo_scan_windows_clean.mp4
scan_09_10,331,1080,43.2,13.2,09:10:00,09:10:10,30.0,45.0,Week3_Behaviour_Dataset/data/videos/Unibo_scan_windows_clean.mp4
scan_09_10,332,1081,43.24,13.24,09:10:00,09:10:10,30.0,45.0,Week3_Behaviour_Dataset/data/videos/Unibo_scan_windows_clean.mp4
scan_09_10,333,1082,43.28,13.28,09:10:00,09:10:10,30.0,45.0,Week3_Behaviour_Dataset/data/videos/Unibo_scan_windows_clean.mp4
scan_09_10,334,1083,43.32,13.32,09:10:00,09:10:10,30.0,45.0,Week3_Behaviour_Dataset/data/videos/Unibo_scan_windows_clean.mp4
scan_09_10,335,1084,43.36,13.36,09:10:00,09:10:10,30.0,45.0,Week3_Behaviour_Dataset/data/videos/Unibo_scan_windows_clean.mp4
scan_09_10,336,1085,43.4,13.4,09:10:00,09:10:10,30.0,45.0,Week3_Behaviour_Dataset/data/videos/Unibo_scan_windows_clean.mp4
scan_09_10,337,1086,43.44,13.44,09:10:00,09:10:10,30.0,45.0,Week3_Behaviour_Dataset/data/videos/Unibo_scan_windows_clean.mp4
scan_09_10,338,1087,43.48,13.48,09:10:00,09:10:10,30.0,45.0,Week3_Behaviour_Dataset/data/videos/Unibo_scan_windows_clean.mp4
scan_09_10,339,1088,43.52,13.52,09:10:00,09:10:10,30.0,45.0,Week3_Behaviour_Dataset/data/videos/Unibo_scan_windows_clean.mp4
scan_09_10,340,1089,43.56,13.56,09:10:00,09:10:10,30.0,45.0,Week3_Behaviour_Dataset/data/videos/Unibo_scan_windows_clean.mp4
scan_09_10,341,1090,43.6,13.6,09:10:00,09:10:10,30.0,45.0,Week3_Behaviour_Dataset/data/videos/Unibo_scan_windows_clean.mp4
scan_09_10,342,1091,43.64,13.64,09:10:00,09:10:10,30.0,45.0,Week3_Behaviour_Dataset/data/videos/Unibo_scan_windows_clean.mp4
scan_09_10,343,1092,43.68,13.68,09:10:00,09:10:10,30.0,45.0,Week3_Behaviour_Dataset/data/videos/Unibo_scan_windows_clean.mp4
scan_09_10,344,1093,43.72,13.72,09:10:00,09:10:10,30.0,45.0,Week3_Behaviour_Dataset/data/videos/Unibo_scan_windows_clean.mp4
scan_09_10,345,1094,43.76,13.76,09:10:00,09:10:10,30.0,45.0,Week3_Behaviour_Dataset/data/videos/Unibo_scan_windows_clean.mp4
scan_09_10,346,1095,43.8,13.8,09:10:00,09:10:10,30.0,45.0,Week3_Behaviour_Dataset/data/videos/Unibo_scan_windows_clean.mp4
scan_09_10,347,1096,43.84,13.84,09:10:00,09:10:10,30.0,45.0,Week3_Behaviour_Dataset/data/videos/Unibo_scan_windows_clean.mp4
scan_09_10,348,1097,43.88,13.88,09:10:00,09:10:10,30.0,45.0,Week3_Behaviour_Dataset/data/videos/Unibo_scan_windows_clean.mp4
scan_09_10,349,1098,43.92,13.92,09:10:00,09:10:10,30.0,45.0,Week3_Behaviour_Dataset/data/videos/Unibo_scan_windows_clean.mp4
scan_09_10,350,1099,43.96,13.96,09:10:00,09:10:10,30.0,45.0,Week3_Behaviour_Dataset/data/videos/Unibo_scan_windows_clean.mp4
scan_09_10,351,1100,44.0,14.0,09:10:00,09:10:10,30.0,45.0,Week3_Behaviour_Dataset/data/videos/Unibo_scan_windows_clean.mp4
scan_09_10,352,1101,44.04,14.04,09:10:00,09:10:10,30.0,45.0,Week3_Behaviour_Dataset/data/videos/Unibo_scan_windows_clean.mp4
scan_09_10,353,1102,44.08,14.08,09:10:00,09:10:10,30.0,45.0,Week3_Behaviour_Dataset/data/videos/Unibo_scan_windows_clean.mp4
scan_09_10,354,1103,44.12,14.12,09:10:00,09:10:10,30.0,45.0,Week3_Behaviour_Dataset/data/videos/Unibo_scan_windows_clean.mp4
scan_09_10,355,1104,44.16,14.16,09:10:00,09:10:10,30.0,45.0,Week3_Behaviour_Dataset/data/videos/Unibo_scan_windows_clean.mp4
scan_09_10,356,1105,44.2,14.2,09:10:00,09:10:10,30.0,45.0,Week3_Behaviour_Dataset/data/videos/Unibo_scan_windows_clean.mp4
scan_09_10,357,1106,44.24,14.24,09:10:00,09:10:10,30.0,45.0,Week3_Behaviour_Dataset/data/videos/Unibo_scan_windows_clean.mp4
scan_09_10,358,1107,44.28,14.28,09:10:00,09:10:10,30.0,45.0,Week3_Behaviour_Dataset/data/videos/Unibo_scan_windows_clean.mp4
scan_09_10,359,1108,44.32,14.32,09:10:00,09:10:10,30.0,45.0,Week3_Behaviour_Dataset/data/videos/Unibo_scan_windows_clean.mp4
scan_09_10,360,1109,44.36,14.36,09:10:00,09:10:10,30.0,45.0,Week3_Behaviour_Dataset/data/videos/Unibo_scan_windows_clean.mp4
scan_09_10,361,1110,44.4,14.4,09:10:00,09:10:10,30.0,45.0,Week3_Behaviour_Dataset/data/videos/Unibo_scan_windows_clean.mp4
scan_09_10,362,1111,44.44,14.44,09:10:00,09:10:10,30.0,45.0,Week3_Behaviour_Dataset/data/videos/Unibo_scan_windows_clean.mp4
scan_09_10,363,1112,44.48,14.48,09:10:00,09:10:10,30.0,45.0,Week3_Behaviour_Dataset/data/videos/Unibo_scan_windows_clean.mp4
scan_09_10,364,1113,44.52,14.52,09:10:00,09:10:10,30.0,45.0,Week3_Behaviour_Dataset/data/videos/Unibo_scan_windows_clean.mp4
scan_09_10,365,1114,44.56,14.56,09:10:00,09:10:10,30.0,45.0,Week3_Behaviour_Dataset/data/videos/Unibo_scan_windows_clean.mp4
scan_09_10,366,1115,44.6,14.6,09:10:00,09:10:10,30.0,45.0,Week3_Behaviour_Dataset/data/videos/Unibo_scan_windows_clean.mp4
scan_09_10,367,1116,44.64,14.64,09:10:00,09:10:10,30.0,45.0,Week3_Behaviour_Dataset/data/videos/Unibo_scan_windows_clean.mp4
scan_09_10,368,1117,44.68,14.68,09:10:00,09:10:10,30.0,45.0,Week3_Behaviour_Dataset/data/videos/Unibo_scan_windows_clean.mp4
scan_09_10,369,1118,44.72,14.72,09:10:00,09:10:10,30.0,45.0,Week3_Behaviour_Dataset/data/videos/Unibo_scan_windows_clean.mp4
scan_09_10,370,1119,44.76,14.76,09:10:00,09:10:10,30.0,45.0,Week3_Behaviour_Dataset/data/videos/Unibo_scan_windows_clean.mp4
scan_09_10,371,1120,44.8,14.8,09:10:00,09:10:10,30.0,45.0,Week3_Behaviour_Dataset/data/videos/Unibo_scan_windows_clean.mp4
scan_09_10,372,1121,44.84,14.84,09:10:00,09:10:10,30.0,45.0,Week3_Behaviour_Dataset/data/videos/Unibo_scan_windows_clean.mp4
scan_09_10,373,1122,44.88,14.88,09:10:00,09:10:10,30.0,45.0,Week3_Behaviour_Dataset/data/videos/Unibo_scan_windows_clean.mp4
scan_09_10,374,1123,44.92,14.92,09:10:00,09:10:10,30.0,45.0,Week3_Behaviour_Dataset/data/videos/Unibo_scan_windows_clean.mp4
scan_09_10,375,1124,44.96,14.96,09:10:00,09:10:10,30.0,45.0,Week3_Behaviour_Dataset/data/videos/Unibo_scan_windows_clean.mp4
scan_09_20,1,1250,50.0,0.0,09:20:00,09:20:10,50.0,60.0,Week3_Behaviour_Dataset/data/videos/Unibo_scan_windows_clean.mp4
scan_09_20,2,1251,50.04,0.04,09:20:00,09:20:10,50.0,60.0,Week3_Behaviour_Dataset/data/videos/Unibo_scan_windows_clean.mp4
scan_09_20,3,1252,50.08,0.08,09:20:00,09:20:10,50.0,60.0,Week3_Behaviour_Dataset/data/videos/Unibo_scan_windows_clean.mp4
scan_09_20,4,1253,50.12,0.12,09:20:00,09:20:10,50.0,60.0,Week3_Behaviour_Dataset/data/videos/Unibo_scan_windows_clean.mp4
scan_09_20,5,1254,50.16,0.16,09:20:00,09:20:10,50.0,60.0,Week3_Behaviour_Dataset/data/videos/Unibo_scan_windows_clean.mp4
scan_09_20,6,1255,50.2,0.2,09:20:00,09:20:10,50.0,60.0,Week3_Behaviour_Dataset/data/videos/Unibo_scan_windows_clean.mp4
scan_09_20,7,1256,50.24,0.24,09:20:00,09:20:10,50.0,60.0,Week3_Behaviour_Dataset/data/videos/Unibo_scan_windows_clean.mp4
scan_09_20,8,1257,50.28,0.28,09:20:00,09:20:10,50.0,60.0,Week3_Behaviour_Dataset/data/videos/Unibo_scan_windows_clean.mp4
scan_09_20,9,1258,50.32,0.32,09:20:00,09:20:10,50.0,60.0,Week3_Behaviour_Dataset/data/videos/Unibo_scan_windows_clean.mp4
scan_09_20,10,1259,50.36,0.36,09:20:00,09:20:10,50.0,60.0,Week3_Behaviour_Dataset/data/videos/Unibo_scan_windows_clean.mp4
scan_09_20,11,1260,50.4,0.4,09:20:00,09:20:10,50.0,60.0,Week3_Behaviour_Dataset/data/videos/Unibo_scan_windows_clean.mp4
scan_09_20,12,1261,50.44,0.44,09:20:00,09:20:10,50.0,60.0,Week3_Behaviour_Dataset/data/videos/Unibo_scan_windows_clean.mp4
scan_09_20,13,1262,50.48,0.48,09:20:00,09:20:10,50.0,60.0,Week3_Behaviour_Dataset/data/videos/Unibo_scan_windows_clean.mp4
scan_09_20,14,1263,50.52,0.52,09:20:00,09:20:10,50.0,60.0,Week3_Behaviour_Dataset/data/videos/Unibo_scan_windows_clean.mp4
scan_09_20,15,1264,50.56,0.56,09:20:00,09:20:10,50.0,60.0,Week3_Behaviour_Dataset/data/videos/Unibo_scan_windows_clean.mp4
scan_09_20,16,1265,50.6,0.6,09:20:00,09:20:10,50.0,60.0,Week3_Behaviour_Dataset/data/videos/Unibo_scan_windows_clean.mp4
scan_09_20,17,1266,50.64,0.64,09:20:00,09:20:10,50.0,60.0,Week3_Behaviour_Dataset/data/videos/Unibo_scan_windows_clean.mp4
scan_09_20,18,1267,50.68,0.68,09:20:00,09:20:10,50.0,60.0,Week3_Behaviour_Dataset/data/videos/Unibo_scan_windows_clean.mp4
scan_09_20,19,1268,50.72,0.72,09:20:00,09:20:10,50.0,60.0,Week3_Behaviour_Dataset/data/videos/Unibo_scan_windows_clean.mp4
scan_09_20,20,1269,50.76,0.76,09:20:00,09:20:10,50.0,60.0,Week3_Behaviour_Dataset/data/videos/Unibo_scan_windows_clean.mp4
scan_09_20,21,1270,50.8,0.8,09:20:00,09:20:10,50.0,60.0,Week3_Behaviour_Dataset/data/videos/Unibo_scan_windows_clean.mp4
scan_09_20,22,1271,50.84,0.84,09:20:00,09:20:10,50.0,60.0,Week3_Behaviour_Dataset/data/videos/Unibo_scan_windows_clean.mp4
scan_09_20,23,1272,50.88,0.88,09:20:00,09:20:10,50.0,60.0,Week3_Behaviour_Dataset/data/videos/Unibo_scan_windows_clean.mp4
scan_09_20,24,1273,50.92,0.92,09:20:00,09:20:10,50.0,60.0,Week3_Behaviour_Dataset/data/videos/Unibo_scan_windows_clean.mp4
scan_09_20,25,1274,50.96,0.96,09:20:00,09:20:10,50.0,60.0,Week3_Behaviour_Dataset/data/videos/Unibo_scan_windows_clean.mp4
scan_09_20,26,1275,51.0,1.0,09:20:00,09:20:10,50.0,60.0,Week3_Behaviour_Dataset/data/videos/Unibo_scan_windows_clean.mp4
scan_09_20,27,1276,51.04,1.04,09:20:00,09:20:10,50.0,60.0,Week3_Behaviour_Dataset/data/videos/Unibo_scan_windows_clean.mp4
scan_09_20,28,1277,51.08,1.08,09:20:00,09:20:10,50.0,60.0,Week3_Behaviour_Dataset/data/videos/Unibo_scan_windows_clean.mp4
scan_09_20,29,1278,51.12,1.12,09:20:00,09:20:10,50.0,60.0,Week3_Behaviour_Dataset/data/videos/Unibo_scan_windows_clean.mp4
scan_09_20,30,1279,51.16,1.16,09:20:00,09:20:10,50.0,60.0,Week3_Behaviour_Dataset/data/videos/Unibo_scan_windows_clean.mp4
scan_09_20,31,1280,51.2,1.2,09:20:00,09:20:10,50.0,60.0,Week3_Behaviour_Dataset/data/videos/Unibo_scan_windows_clean.mp4
scan_09_20,32,1281,51.24,1.24,09:20:00,09:20:10,50.0,60.0,Week3_Behaviour_Dataset/data/videos/Unibo_scan_windows_clean.mp4
scan_09_20,33,1282,51.28,1.28,09:20:00,09:20:10,50.0,60.0,Week3_Behaviour_Dataset/data/videos/Unibo_scan_windows_clean.mp4
scan_09_20,34,1283,51.32,1.32,09:20:00,09:20:10,50.0,60.0,Week3_Behaviour_Dataset/data/videos/Unibo_scan_windows_clean.mp4
scan_09_20,35,1284,51.36,1.36,09:20:00,09:20:10,50.0,60.0,Week3_Behaviour_Dataset/data/videos/Unibo_scan_windows_clean.mp4
scan_09_20,36,1285,51.4,1.4,09:20:00,09:20:10,50.0,60.0,Week3_Behaviour_Dataset/data/videos/Unibo_scan_windows_clean.mp4
scan_09_20,37,1286,51.44,1.44,09:20:00,09:20:10,50.0,60.0,Week3_Behaviour_Dataset/data/videos/Unibo_scan_windows_clean.mp4
scan_09_20,38,1287,51.48,1.48,09:20:00,09:20:10,50.0,60.0,Week3_Behaviour_Dataset/data/videos/Unibo_scan_windows_clean.mp4
scan_09_20,39,1288,51.52,1.52,09:20:00,09:20:10,50.0,60.0,Week3_Behaviour_Dataset/data/videos/Unibo_scan_windows_clean.mp4
scan_09_20,40,1289,51.56,1.56,09:20:00,09:20:10,50.0,60.0,Week3_Behaviour_Dataset/data/videos/Unibo_scan_windows_clean.mp4
scan_09_20,41,1290,51.6,1.6,09:20:00,09:20:10,50.0,60.0,Week3_Behaviour_Dataset/data/videos/Unibo_scan_windows_clean.mp4
scan_09_20,42,1291,51.64,1.64,09:20:00,09:20:10,50.0,60.0,Week3_Behaviour_Dataset/data/videos/Unibo_scan_windows_clean.mp4
scan_09_20,43,1292,51.68,1.68,09:20:00,09:20:10,50.0,60.0,Week3_Behaviour_Dataset/data/videos/Unibo_scan_windows_clean.mp4
scan_09_20,44,1293,51.72,1.72,09:20:00,09:20:10,50.0,60.0,Week3_Behaviour_Dataset/data/videos/Unibo_scan_windows_clean.mp4
scan_09_20,45,1294,51.76,1.76,09:20:00,09:20:10,50.0,60.0,Week3_Behaviour_Dataset/data/videos/Unibo_scan_windows_clean.mp4
scan_09_20,46,1295,51.8,1.8,09:20:00,09:20:10,50.0,60.0,Week3_Behaviour_Dataset/data/videos/Unibo_scan_windows_clean.mp4
scan_09_20,47,1296,51.84,1.84,09:20:00,09:20:10,50.0,60.0,Week3_Behaviour_Dataset/data/videos/Unibo_scan_windows_clean.mp4
scan_09_20,48,1297,51.88,1.88,09:20:00,09:20:10,50.0,60.0,Week3_Behaviour_Dataset/data/videos/Unibo_scan_windows_clean.mp4
scan_09_20,49,1298,51.92,1.92,09:20:00,09:20:10,50.0,60.0,Week3_Behaviour_Dataset/data/videos/Unibo_scan_windows_clean.mp4
scan_09_20,50,1299,51.96,1.96,09:20:00,09:20:10,50.0,60.0,Week3_Behaviour_Dataset/data/videos/Unibo_scan_windows_clean.mp4
scan_09_20,51,1300,52.0,2.0,09:20:00,09:20:10,50.0,60.0,Week3_Behaviour_Dataset/data/videos/Unibo_scan_windows_clean.mp4
scan_09_20,52,1301,52.04,2.04,09:20:00,09:20:10,50.0,60.0,Week3_Behaviour_Dataset/data/videos/Unibo_scan_windows_clean.mp4
scan_09_20,53,1302,52.08,2.08,09:20:00,09:20:10,50.0,60.0,Week3_Behaviour_Dataset/data/videos/Unibo_scan_windows_clean.mp4
scan_09_20,54,1303,52.12,2.12,09:20:00,09:20:10,50.0,60.0,Week3_Behaviour_Dataset/data/videos/Unibo_scan_windows_clean.mp4
scan_09_20,55,1304,52.16,2.16,09:20:00,09:20:10,50.0,60.0,Week3_Behaviour_Dataset/data/videos/Unibo_scan_windows_clean.mp4
scan_09_20,56,1305,52.2,2.2,09:20:00,09:20:10,50.0,60.0,Week3_Behaviour_Dataset/data/videos/Unibo_scan_windows_clean.mp4
scan_09_20,57,1306,52.24,2.24,09:20:00,09:20:10,50.0,60.0,Week3_Behaviour_Dataset/data/videos/Unibo_scan_windows_clean.mp4
scan_09_20,58,1307,52.28,2.28,09:20:00,09:20:10,50.0,60.0,Week3_Behaviour_Dataset/data/videos/Unibo_scan_windows_clean.mp4
scan_09_20,59,1308,52.32,2.32,09:20:00,09:20:10,50.0,60.0,Week3_Behaviour_Dataset/data/videos/Unibo_scan_windows_clean.mp4
scan_09_20,60,1309,52.36,2.36,09:20:00,09:20:10,50.0,60.0,Week3_Behaviour_Dataset/data/videos/Unibo_scan_windows_clean.mp4
scan_09_20,61,1310,52.4,2.4,09:20:00,09:20:10,50.0,60.0,Week3_Behaviour_Dataset/data/videos/Unibo_scan_windows_clean.mp4
scan_09_20,62,1311,52.44,2.44,09:20:00,09:20:10,50.0,60.0,Week3_Behaviour_Dataset/data/videos/Unibo_scan_windows_clean.mp4
scan_09_20,63,1312,52.48,2.48,09:20:00,09:20:10,50.0,60.0,Week3_Behaviour_Dataset/data/videos/Unibo_scan_windows_clean.mp4
scan_09_20,64,1313,52.52,2.52,09:20:00,09:20:10,50.0,60.0,Week3_Behaviour_Dataset/data/videos/Unibo_scan_windows_clean.mp4
scan_09_20,65,1314,52.56,2.56,09:20:00,09:20:10,50.0,60.0,Week3_Behaviour_Dataset/data/videos/Unibo_scan_windows_clean.mp4
scan_09_20,66,1315,52.6,2.6,09:20:00,09:20:10,50.0,60.0,Week3_Behaviour_Dataset/data/videos/Unibo_scan_windows_clean.mp4
scan_09_20,67,1316,52.64,2.64,09:20:00,09:20:10,50.0,60.0,Week3_Behaviour_Dataset/data/videos/Unibo_scan_windows_clean.mp4
scan_09_20,68,1317,52.68,2.68,09:20:00,09:20:10,50.0,60.0,Week3_Behaviour_Dataset/data/videos/Unibo_scan_windows_clean.mp4
scan_09_20,69,1318,52.72,2.72,09:20:00,09:20:10,50.0,60.0,Week3_Behaviour_Dataset/data/videos/Unibo_scan_windows_clean.mp4
scan_09_20,70,1319,52.76,2.76,09:20:00,09:20:10,50.0,60.0,Week3_Behaviour_Dataset/data/videos/Unibo_scan_windows_clean.mp4
scan_09_20,71,1320,52.8,2.8,09:20:00,09:20:10,50.0,60.0,Week3_Behaviour_Dataset/data/videos/Unibo_scan_windows_clean.mp4
scan_09_20,72,1321,52.84,2.84,09:20:00,09:20:10,50.0,60.0,Week3_Behaviour_Dataset/data/videos/Unibo_scan_windows_clean.mp4
scan_09_20,73,1322,52.88,2.88,09:20:00,09:20:10,50.0,60.0,Week3_Behaviour_Dataset/data/videos/Unibo_scan_windows_clean.mp4
scan_09_20,74,1323,52.92,2.92,09:20:00,09:20:10,50.0,60.0,Week3_Behaviour_Dataset/data/videos/Unibo_scan_windows_clean.mp4
scan_09_20,75,1324,52.96,2.96,09:20:00,09:20:10,50.0,60.0,Week3_Behaviour_Dataset/data/videos/Unibo_scan_windows_clean.mp4
scan_09_20,76,1325,53.0,3.0,09:20:00,09:20:10,50.0,60.0,Week3_Behaviour_Dataset/data/videos/Unibo_scan_windows_clean.mp4
scan_09_20,77,1326,53.04,3.04,09:20:00,09:20:10,50.0,60.0,Week3_Behaviour_Dataset/data/videos/Unibo_scan_windows_clean.mp4
scan_09_20,78,1327,53.08,3.08,09:20:00,09:20:10,50.0,60.0,Week3_Behaviour_Dataset/data/videos/Unibo_scan_windows_clean.mp4
scan_09_20,79,1328,53.12,3.12,09:20:00,09:20:10,50.0,60.0,Week3_Behaviour_Dataset/data/videos/Unibo_scan_windows_clean.mp4
scan_09_20,80,1329,53.16,3.16,09:20:00,09:20:10,50.0,60.0,Week3_Behaviour_Dataset/data/videos/Unibo_scan_windows_clean.mp4
scan_09_20,81,1330,53.2,3.2,09:20:00,09:20:10,50.0,60.0,Week3_Behaviour_Dataset/data/videos/Unibo_scan_windows_clean.mp4
scan_09_20,82,1331,53.24,3.24,09:20:00,09:20:10,50.0,60.0,Week3_Behaviour_Dataset/data/videos/Unibo_scan_windows_clean.mp4
scan_09_20,83,1332,53.28,3.28,09:20:00,09:20:10,50.0,60.0,Week3_Behaviour_Dataset/data/videos/Unibo_scan_windows_clean.mp4
scan_09_20,84,1333,53.32,3.32,09:20:00,09:20:10,50.0,60.0,Week3_Behaviour_Dataset/data/videos/Unibo_scan_windows_clean.mp4
scan_09_20,85,1334,53.36,3.36,09:20:00,09:20:10,50.0,60.0,Week3_Behaviour_Dataset/data/videos/Unibo_scan_windows_clean.mp4
scan_09_20,86,1335,53.4,3.4,09:20:00,09:20:10,50.0,60.0,Week3_Behaviour_Dataset/data/videos/Unibo_scan_windows_clean.mp4
scan_09_20,87,1336,53.44,3.44,09:20:00,09:20:10,50.0,60.0,Week3_Behaviour_Dataset/data/videos/Unibo_scan_windows_clean.mp4
scan_09_20,88,1337,53.48,3.48,09:20:00,09:20:10,50.0,60.0,Week3_Behaviour_Dataset/data/videos/Unibo_scan_windows_clean.mp4
scan_09_20,89,1338,53.52,3.52,09:20:00,09:20:10,50.0,60.0,Week3_Behaviour_Dataset/data/videos/Unibo_scan_windows_clean.mp4
scan_09_20,90,1339,53.56,3.56,09:20:00,09:20:10,50.0,60.0,Week3_Behaviour_Dataset/data/videos/Unibo_scan_windows_clean.mp4
scan_09_20,91,1340,53.6,3.6,09:20:00,09:20:10,50.0,60.0,Week3_Behaviour_Dataset/data/videos/Unibo_scan_windows_clean.mp4
scan_09_20,92,1341,53.64,3.64,09:20:00,09:20:10,50.0,60.0,Week3_Behaviour_Dataset/data/videos/Unibo_scan_windows_clean.mp4
scan_09_20,93,1342,53.68,3.68,09:20:00,09:20:10,50.0,60.0,Week3_Behaviour_Dataset/data/videos/Unibo_scan_windows_clean.mp4
scan_09_20,94,1343,53.72,3.72,09:20:00,09:20:10,50.0,60.0,Week3_Behaviour_Dataset/data/videos/Unibo_scan_windows_clean.mp4
scan_09_20,95,1344,53.76,3.76,09:20:00,09:20:10,50.0,60.0,Week3_Behaviour_Dataset/data/videos/Unibo_scan_windows_clean.mp4
scan_09_20,96,1345,53.8,3.8,09:20:00,09:20:10,50.0,60.0,Week3_Behaviour_Dataset/data/videos/Unibo_scan_windows_clean.mp4
scan_09_20,97,1346,53.84,3.84,09:20:00,09:20:10,50.0,60.0,Week3_Behaviour_Dataset/data/videos/Unibo_scan_windows_clean.mp4
scan_09_20,98,1347,53.88,3.88,09:20:00,09:20:10,50.0,60.0,Week3_Behaviour_Dataset/data/videos/Unibo_scan_windows_clean.mp4
scan_09_20,99,1348,53.92,3.92,09:20:00,09:20:10,50.0,60.0,Week3_Behaviour_Dataset/data/videos/Unibo_scan_windows_clean.mp4
scan_09_20,100,1349,53.96,3.96,09:20:00,09:20:10,50.0,60.0,Week3_Behaviour_Dataset/data/videos/Unibo_scan_windows_clean.mp4
scan_09_20,101,1350,54.0,4.0,09:20:00,09:20:10,50.0,60.0,Week3_Behaviour_Dataset/data/videos/Unibo_scan_windows_clean.mp4
scan_09_20,102,1351,54.04,4.04,09:20:00,09:20:10,50.0,60.0,Week3_Behaviour_Dataset/data/videos/Unibo_scan_windows_clean.mp4
scan_09_20,103,1352,54.08,4.08,09:20:00,09:20:10,50.0,60.0,Week3_Behaviour_Dataset/data/videos/Unibo_scan_windows_clean.mp4
scan_09_20,104,1353,54.12,4.12,09:20:00,09:20:10,50.0,60.0,Week3_Behaviour_Dataset/data/videos/Unibo_scan_windows_clean.mp4
scan_09_20,105,1354,54.16,4.16,09:20:00,09:20:10,50.0,60.0,Week3_Behaviour_Dataset/data/videos/Unibo_scan_windows_clean.mp4
scan_09_20,106,1355,54.2,4.2,09:20:00,09:20:10,50.0,60.0,Week3_Behaviour_Dataset/data/videos/Unibo_scan_windows_clean.mp4
scan_09_20,107,1356,54.24,4.24,09:20:00,09:20:10,50.0,60.0,Week3_Behaviour_Dataset/data/videos/Unibo_scan_windows_clean.mp4
scan_09_20,108,1357,54.28,4.28,09:20:00,09:20:10,50.0,60.0,Week3_Behaviour_Dataset/data/videos/Unibo_scan_windows_clean.mp4
scan_09_20,109,1358,54.32,4.32,09:20:00,09:20:10,50.0,60.0,Week3_Behaviour_Dataset/data/videos/Unibo_scan_windows_clean.mp4
scan_09_20,110,1359,54.36,4.36,09:20:00,09:20:10,50.0,60.0,Week3_Behaviour_Dataset/data/videos/Unibo_scan_windows_clean.mp4
scan_09_20,111,1360,54.4,4.4,09:20:00,09:20:10,50.0,60.0,Week3_Behaviour_Dataset/data/videos/Unibo_scan_windows_clean.mp4
scan_09_20,112,1361,54.44,4.44,09:20:00,09:20:10,50.0,60.0,Week3_Behaviour_Dataset/data/videos/Unibo_scan_windows_clean.mp4
scan_09_20,113,1362,54.48,4.48,09:20:00,09:20:10,50.0,60.0,Week3_Behaviour_Dataset/data/videos/Unibo_scan_windows_clean.mp4
scan_09_20,114,1363,54.52,4.52,09:20:00,09:20:10,50.0,60.0,Week3_Behaviour_Dataset/data/videos/Unibo_scan_windows_clean.mp4
scan_09_20,115,1364,54.56,4.56,09:20:00,09:20:10,50.0,60.0,Week3_Behaviour_Dataset/data/videos/Unibo_scan_windows_clean.mp4
scan_09_20,116,1365,54.6,4.6,09:20:00,09:20:10,50.0,60.0,Week3_Behaviour_Dataset/data/videos/Unibo_scan_windows_clean.mp4
scan_09_20,117,1366,54.64,4.64,09:20:00,09:20:10,50.0,60.0,Week3_Behaviour_Dataset/data/videos/Unibo_scan_windows_clean.mp4
scan_09_20,118,1367,54.68,4.68,09:20:00,09:20:10,50.0,60.0,Week3_Behaviour_Dataset/data/videos/Unibo_scan_windows_clean.mp4
scan_09_20,119,1368,54.72,4.72,09:20:00,09:20:10,50.0,60.0,Week3_Behaviour_Dataset/data/videos/Unibo_scan_windows_clean.mp4
scan_09_20,120,1369,54.76,4.76,09:20:00,09:20:10,50.0,60.0,Week3_Behaviour_Dataset/data/videos/Unibo_scan_windows_clean.mp4
scan_09_20,121,1370,54.8,4.8,09:20:00,09:20:10,50.0,60.0,Week3_Behaviour_Dataset/data/videos/Unibo_scan_windows_clean.mp4
scan_09_20,122,1371,54.84,4.84,09:20:00,09:20:10,50.0,60.0,Week3_Behaviour_Dataset/data/videos/Unibo_scan_windows_clean.mp4
scan_09_20,123,1372,54.88,4.88,09:20:00,09:20:10,50.0,60.0,Week3_Behaviour_Dataset/data/videos/Unibo_scan_windows_clean.mp4
scan_09_20,124,1373,54.92,4.92,09:20:00,09:20:10,50.0,60.0,Week3_Behaviour_Dataset/data/videos/Unibo_scan_windows_clean.mp4
scan_09_20,125,1374,54.96,4.96,09:20:00,09:20:10,50.0,60.0,Week3_Behaviour_Dataset/data/videos/Unibo_scan_windows_clean.mp4
scan_09_20,126,1375,55.0,5.0,09:20:00,09:20:10,50.0,60.0,Week3_Behaviour_Dataset/data/videos/Unibo_scan_windows_clean.mp4
scan_09_20,127,1376,55.04,5.04,09:20:00,09:20:10,50.0,60.0,Week3_Behaviour_Dataset/data/videos/Unibo_scan_windows_clean.mp4
scan_09_20,128,1377,55.08,5.08,09:20:00,09:20:10,50.0,60.0,Week3_Behaviour_Dataset/data/videos/Unibo_scan_windows_clean.mp4
scan_09_20,129,1378,55.12,5.12,09:20:00,09:20:10,50.0,60.0,Week3_Behaviour_Dataset/data/videos/Unibo_scan_windows_clean.mp4
scan_09_20,130,1379,55.16,5.16,09:20:00,09:20:10,50.0,60.0,Week3_Behaviour_Dataset/data/videos/Unibo_scan_windows_clean.mp4
scan_09_20,131,1380,55.2,5.2,09:20:00,09:20:10,50.0,60.0,Week3_Behaviour_Dataset/data/videos/Unibo_scan_windows_clean.mp4
scan_09_20,132,1381,55.24,5.24,09:20:00,09:20:10,50.0,60.0,Week3_Behaviour_Dataset/data/videos/Unibo_scan_windows_clean.mp4
scan_09_20,133,1382,55.28,5.28,09:20:00,09:20:10,50.0,60.0,Week3_Behaviour_Dataset/data/videos/Unibo_scan_windows_clean.mp4
scan_09_20,134,1383,55.32,5.32,09:20:00,09:20:10,50.0,60.0,Week3_Behaviour_Dataset/data/videos/Unibo_scan_windows_clean.mp4
scan_09_20,135,1384,55.36,5.36,09:20:00,09:20:10,50.0,60.0,Week3_Behaviour_Dataset/data/videos/Unibo_scan_windows_clean.mp4
scan_09_20,136,1385,55.4,5.4,09:20:00,09:20:10,50.0,60.0,Week3_Behaviour_Dataset/data/videos/Unibo_scan_windows_clean.mp4
scan_09_20,137,1386,55.44,5.44,09:20:00,09:20:10,50.0,60.0,Week3_Behaviour_Dataset/data/videos/Unibo_scan_windows_clean.mp4
scan_09_20,138,1387,55.48,5.48,09:20:00,09:20:10,50.0,60.0,Week3_Behaviour_Dataset/data/videos/Unibo_scan_windows_clean.mp4
scan_09_20,139,1388,55.52,5.52,09:20:00,09:20:10,50.0,60.0,Week3_Behaviour_Dataset/data/videos/Unibo_scan_windows_clean.mp4
scan_09_20,140,1389,55.56,5.56,09:20:00,09:20:10,50.0,60.0,Week3_Behaviour_Dataset/data/videos/Unibo_scan_windows_clean.mp4
scan_09_20,141,1390,55.6,5.6,09:20:00,09:20:10,50.0,60.0,Week3_Behaviour_Dataset/data/videos/Unibo_scan_windows_clean.mp4
scan_09_20,142,1391,55.64,5.64,09:20:00,09:20:10,50.0,60.0,Week3_Behaviour_Dataset/data/videos/Unibo_scan_windows_clean.mp4
scan_09_20,143,1392,55.68,5.68,09:20:00,09:20:10,50.0,60.0,Week3_Behaviour_Dataset/data/videos/Unibo_scan_windows_clean.mp4
scan_09_20,144,1393,55.72,5.72,09:20:00,09:20:10,50.0,60.0,Week3_Behaviour_Dataset/data/videos/Unibo_scan_windows_clean.mp4
scan_09_20,145,1394,55.76,5.76,09:20:00,09:20:10,50.0,60.0,Week3_Behaviour_Dataset/data/videos/Unibo_scan_windows_clean.mp4
scan_09_20,146,1395,55.8,5.8,09:20:00,09:20:10,50.0,60.0,Week3_Behaviour_Dataset/data/videos/Unibo_scan_windows_clean.mp4
scan_09_20,147,1396,55.84,5.84,09:20:00,09:20:10,50.0,60.0,Week3_Behaviour_Dataset/data/videos/Unibo_scan_windows_clean.mp4
scan_09_20,148,1397,55.88,5.88,09:20:00,09:20:10,50.0,60.0,Week3_Behaviour_Dataset/data/videos/Unibo_scan_windows_clean.mp4
scan_09_20,149,1398,55.92,5.92,09:20:00,09:20:10,50.0,60.0,Week3_Behaviour_Dataset/data/videos/Unibo_scan_windows_clean.mp4
scan_09_20,150,1399,55.96,5.96,09:20:00,09:20:10,50.0,60.0,Week3_Behaviour_Dataset/data/videos/Unibo_scan_windows_clean.mp4
scan_09_20,151,1400,56.0,6.0,09:20:00,09:20:10,50.0,60.0,Week3_Behaviour_Dataset/data/videos/Unibo_scan_windows_clean.mp4
scan_09_20,152,1401,56.04,6.04,09:20:00,09:20:10,50.0,60.0,Week3_Behaviour_Dataset/data/videos/Unibo_scan_windows_clean.mp4
scan_09_20,153,1402,56.08,6.08,09:20:00,09:20:10,50.0,60.0,Week3_Behaviour_Dataset/data/videos/Unibo_scan_windows_clean.mp4
scan_09_20,154,1403,56.12,6.12,09:20:00,09:20:10,50.0,60.0,Week3_Behaviour_Dataset/data/videos/Unibo_scan_windows_clean.mp4
scan_09_20,155,1404,56.16,6.16,09:20:00,09:20:10,50.0,60.0,Week3_Behaviour_Dataset/data/videos/Unibo_scan_windows_clean.mp4
scan_09_20,156,1405,56.2,6.2,09:20:00,09:20:10,50.0,60.0,Week3_Behaviour_Dataset/data/videos/Unibo_scan_windows_clean.mp4
scan_09_20,157,1406,56.24,6.24,09:20:00,09:20:10,50.0,60.0,Week3_Behaviour_Dataset/data/videos/Unibo_scan_windows_clean.mp4
scan_09_20,158,1407,56.28,6.28,09:20:00,09:20:10,50.0,60.0,Week3_Behaviour_Dataset/data/videos/Unibo_scan_windows_clean.mp4
scan_09_20,159,1408,56.32,6.32,09:20:00,09:20:10,50.0,60.0,Week3_Behaviour_Dataset/data/videos/Unibo_scan_windows_clean.mp4
scan_09_20,160,1409,56.36,6.36,09:20:00,09:20:10,50.0,60.0,Week3_Behaviour_Dataset/data/videos/Unibo_scan_windows_clean.mp4
scan_09_20,161,1410,56.4,6.4,09:20:00,09:20:10,50.0,60.0,Week3_Behaviour_Dataset/data/videos/Unibo_scan_windows_clean.mp4
scan_09_20,162,1411,56.44,6.44,09:20:00,09:20:10,50.0,60.0,Week3_Behaviour_Dataset/data/videos/Unibo_scan_windows_clean.mp4
scan_09_20,163,1412,56.48,6.48,09:20:00,09:20:10,50.0,60.0,Week3_Behaviour_Dataset/data/videos/Unibo_scan_windows_clean.mp4
scan_09_20,164,1413,56.52,6.52,09:20:00,09:20:10,50.0,60.0,Week3_Behaviour_Dataset/data/videos/Unibo_scan_windows_clean.mp4
scan_09_20,165,1414,56.56,6.56,09:20:00,09:20:10,50.0,60.0,Week3_Behaviour_Dataset/data/videos/Unibo_scan_windows_clean.mp4
scan_09_20,166,1415,56.6,6.6,09:20:00,09:20:10,50.0,60.0,Week3_Behaviour_Dataset/data/videos/Unibo_scan_windows_clean.mp4
scan_09_20,167,1416,56.64,6.64,09:20:00,09:20:10,50.0,60.0,Week3_Behaviour_Dataset/data/videos/Unibo_scan_windows_clean.mp4
scan_09_20,168,1417,56.68,6.68,09:20:00,09:20:10,50.0,60.0,Week3_Behaviour_Dataset/data/videos/Unibo_scan_windows_clean.mp4
scan_09_20,169,1418,56.72,6.72,09:20:00,09:20:10,50.0,60.0,Week3_Behaviour_Dataset/data/videos/Unibo_scan_windows_clean.mp4
scan_09_20,170,1419,56.76,6.76,09:20:00,09:20:10,50.0,60.0,Week3_Behaviour_Dataset/data/videos/Unibo_scan_windows_clean.mp4
scan_09_20,171,1420,56.8,6.8,09:20:00,09:20:10,50.0,60.0,Week3_Behaviour_Dataset/data/videos/Unibo_scan_windows_clean.mp4
scan_09_20,172,1421,56.84,6.84,09:20:00,09:20:10,50.0,60.0,Week3_Behaviour_Dataset/data/videos/Unibo_scan_windows_clean.mp4
scan_09_20,173,1422,56.88,6.88,09:20:00,09:20:10,50.0,60.0,Week3_Behaviour_Dataset/data/videos/Unibo_scan_windows_clean.mp4
scan_09_20,174,1423,56.92,6.92,09:20:00,09:20:10,50.0,60.0,Week3_Behaviour_Dataset/data/videos/Unibo_scan_windows_clean.mp4
scan_09_20,175,1424,56.96,6.96,09:20:00,09:20:10,50.0,60.0,Week3_Behaviour_Dataset/data/videos/Unibo_scan_windows_clean.mp4
scan_09_20,176,1425,57.0,7.0,09:20:00,09:20:10,50.0,60.0,Week3_Behaviour_Dataset/data/videos/Unibo_scan_windows_clean.mp4
scan_09_20,177,1426,57.04,7.04,09:20:00,09:20:10,50.0,60.0,Week3_Behaviour_Dataset/data/videos/Unibo_scan_windows_clean.mp4
scan_09_20,178,1427,57.08,7.08,09:20:00,09:20:10,50.0,60.0,Week3_Behaviour_Dataset/data/videos/Unibo_scan_windows_clean.mp4
scan_09_20,179,1428,57.12,7.12,09:20:00,09:20:10,50.0,60.0,Week3_Behaviour_Dataset/data/videos/Unibo_scan_windows_clean.mp4
scan_09_20,180,1429,57.16,7.16,09:20:00,09:20:10,50.0,60.0,Week3_Behaviour_Dataset/data/videos/Unibo_scan_windows_clean.mp4
scan_09_20,181,1430,57.2,7.2,09:20:00,09:20:10,50.0,60.0,Week3_Behaviour_Dataset/data/videos/Unibo_scan_windows_clean.mp4
scan_09_20,182,1431,57.24,7.24,09:20:00,09:20:10,50.0,60.0,Week3_Behaviour_Dataset/data/videos/Unibo_scan_windows_clean.mp4
scan_09_20,183,1432,57.28,7.28,09:20:00,09:20:10,50.0,60.0,Week3_Behaviour_Dataset/data/videos/Unibo_scan_windows_clean.mp4
scan_09_20,184,1433,57.32,7.32,09:20:00,09:20:10,50.0,60.0,Week3_Behaviour_Dataset/data/videos/Unibo_scan_windows_clean.mp4
scan_09_20,185,1434,57.36,7.36,09:20:00,09:20:10,50.0,60.0,Week3_Behaviour_Dataset/data/videos/Unibo_scan_windows_clean.mp4
scan_09_20,186,1435,57.4,7.4,09:20:00,09:20:10,50.0,60.0,Week3_Behaviour_Dataset/data/videos/Unibo_scan_windows_clean.mp4
scan_09_20,187,1436,57.44,7.44,09:20:00,09:20:10,50.0,60.0,Week3_Behaviour_Dataset/data/videos/Unibo_scan_windows_clean.mp4
scan_09_20,188,1437,57.48,7.48,09:20:00,09:20:10,50.0,60.0,Week3_Behaviour_Dataset/data/videos/Unibo_scan_windows_clean.mp4
scan_09_20,189,1438,57.52,7.52,09:20:00,09:20:10,50.0,60.0,Week3_Behaviour_Dataset/data/videos/Unibo_scan_windows_clean.mp4
scan_09_20,190,1439,57.56,7.56,09:20:00,09:20:10,50.0,60.0,Week3_Behaviour_Dataset/data/videos/Unibo_scan_windows_clean.mp4
scan_09_20,191,1440,57.6,7.6,09:20:00,09:20:10,50.0,60.0,Week3_Behaviour_Dataset/data/videos/Unibo_scan_windows_clean.mp4
scan_09_20,192,1441,57.64,7.64,09:20:00,09:20:10,50.0,60.0,Week3_Behaviour_Dataset/data/videos/Unibo_scan_windows_clean.mp4
scan_09_20,193,1442,57.68,7.68,09:20:00,09:20:10,50.0,60.0,Week3_Behaviour_Dataset/data/videos/Unibo_scan_windows_clean.mp4
scan_09_20,194,1443,57.72,7.72,09:20:00,09:20:10,50.0,60.0,Week3_Behaviour_Dataset/data/videos/Unibo_scan_windows_clean.mp4
scan_09_20,195,1444,57.76,7.76,09:20:00,09:20:10,50.0,60.0,Week3_Behaviour_Dataset/data/videos/Unibo_scan_windows_clean.mp4
scan_09_20,196,1445,57.8,7.8,09:20:00,09:20:10,50.0,60.0,Week3_Behaviour_Dataset/data/videos/Unibo_scan_windows_clean.mp4
scan_09_20,197,1446,57.84,7.84,09:20:00,09:20:10,50.0,60.0,Week3_Behaviour_Dataset/data/videos/Unibo_scan_windows_clean.mp4
scan_09_20,198,1447,57.88,7.88,09:20:00,09:20:10,50.0,60.0,Week3_Behaviour_Dataset/data/videos/Unibo_scan_windows_clean.mp4
scan_09_20,199,1448,57.92,7.92,09:20:00,09:20:10,50.0,60.0,Week3_Behaviour_Dataset/data/videos/Unibo_scan_windows_clean.mp4
scan_09_20,200,1449,57.96,7.96,09:20:00,09:20:10,50.0,60.0,Week3_Behaviour_Dataset/data/videos/Unibo_scan_windows_clean.mp4
scan_09_20,201,1450,58.0,8.0,09:20:00,09:20:10,50.0,60.0,Week3_Behaviour_Dataset/data/videos/Unibo_scan_windows_clean.mp4
scan_09_20,202,1451,58.04,8.04,09:20:00,09:20:10,50.0,60.0,Week3_Behaviour_Dataset/data/videos/Unibo_scan_windows_clean.mp4
scan_09_20,203,1452,58.08,8.08,09:20:00,09:20:10,50.0,60.0,Week3_Behaviour_Dataset/data/videos/Unibo_scan_windows_clean.mp4
scan_09_20,204,1453,58.12,8.12,09:20:00,09:20:10,50.0,60.0,Week3_Behaviour_Dataset/data/videos/Unibo_scan_windows_clean.mp4
scan_09_20,205,1454,58.16,8.16,09:20:00,09:20:10,50.0,60.0,Week3_Behaviour_Dataset/data/videos/Unibo_scan_windows_clean.mp4
scan_09_20,206,1455,58.2,8.2,09:20:00,09:20:10,50.0,60.0,Week3_Behaviour_Dataset/data/videos/Unibo_scan_windows_clean.mp4
scan_09_20,207,1456,58.24,8.24,09:20:00,09:20:10,50.0,60.0,Week3_Behaviour_Dataset/data/videos/Unibo_scan_windows_clean.mp4
scan_09_20,208,1457,58.28,8.28,09:20:00,09:20:10,50.0,60.0,Week3_Behaviour_Dataset/data/videos/Unibo_scan_windows_clean.mp4
scan_09_20,209,1458,58.32,8.32,09:20:00,09:20:10,50.0,60.0,Week3_Behaviour_Dataset/data/videos/Unibo_scan_windows_clean.mp4
scan_09_20,210,1459,58.36,8.36,09:20:00,09:20:10,50.0,60.0,Week3_Behaviour_Dataset/data/videos/Unibo_scan_windows_clean.mp4
scan_09_20,211,1460,58.4,8.4,09:20:00,09:20:10,50.0,60.0,Week3_Behaviour_Dataset/data/videos/Unibo_scan_windows_clean.mp4
scan_09_20,212,1461,58.44,8.44,09:20:00,09:20:10,50.0,60.0,Week3_Behaviour_Dataset/data/videos/Unibo_scan_windows_clean.mp4
scan_09_20,213,1462,58.48,8.48,09:20:00,09:20:10,50.0,60.0,Week3_Behaviour_Dataset/data/videos/Unibo_scan_windows_clean.mp4
scan_09_20,214,1463,58.52,8.52,09:20:00,09:20:10,50.0,60.0,Week3_Behaviour_Dataset/data/videos/Unibo_scan_windows_clean.mp4
scan_09_20,215,1464,58.56,8.56,09:20:00,09:20:10,50.0,60.0,Week3_Behaviour_Dataset/data/videos/Unibo_scan_windows_clean.mp4
scan_09_20,216,1465,58.6,8.6,09:20:00,09:20:10,50.0,60.0,Week3_Behaviour_Dataset/data/videos/Unibo_scan_windows_clean.mp4
scan_09_20,217,1466,58.64,8.64,09:20:00,09:20:10,50.0,60.0,Week3_Behaviour_Dataset/data/videos/Unibo_scan_windows_clean.mp4
scan_09_20,218,1467,58.68,8.68,09:20:00,09:20:10,50.0,60.0,Week3_Behaviour_Dataset/data/videos/Unibo_scan_windows_clean.mp4
scan_09_20,219,1468,58.72,8.72,09:20:00,09:20:10,50.0,60.0,Week3_Behaviour_Dataset/data/videos/Unibo_scan_windows_clean.mp4
scan_09_20,220,1469,58.76,8.76,09:20:00,09:20:10,50.0,60.0,Week3_Behaviour_Dataset/data/videos/Unibo_scan_windows_clean.mp4
scan_09_20,221,1470,58.8,8.8,09:20:00,09:20:10,50.0,60.0,Week3_Behaviour_Dataset/data/videos/Unibo_scan_windows_clean.mp4
scan_09_20,222,1471,58.84,8.84,09:20:00,09:20:10,50.0,60.0,Week3_Behaviour_Dataset/data/videos/Unibo_scan_windows_clean.mp4
scan_09_20,223,1472,58.88,8.88,09:20:00,09:20:10,50.0,60.0,Week3_Behaviour_Dataset/data/videos/Unibo_scan_windows_clean.mp4
scan_09_20,224,1473,58.92,8.92,09:20:00,09:20:10,50.0,60.0,Week3_Behaviour_Dataset/data/videos/Unibo_scan_windows_clean.mp4
scan_09_20,225,1474,58.96,8.96,09:20:00,09:20:10,50.0,60.0,Week3_Behaviour_Dataset/data/videos/Unibo_scan_windows_clean.mp4
scan_09_20,226,1475,59.0,9.0,09:20:00,09:20:10,50.0,60.0,Week3_Behaviour_Dataset/data/videos/Unibo_scan_windows_clean.mp4
scan_09_20,227,1476,59.04,9.04,09:20:00,09:20:10,50.0,60.0,Week3_Behaviour_Dataset/data/videos/Unibo_scan_windows_clean.mp4
scan_09_20,228,1477,59.08,9.08,09:20:00,09:20:10,50.0,60.0,Week3_Behaviour_Dataset/data/videos/Unibo_scan_windows_clean.mp4
scan_09_20,229,1478,59.12,9.12,09:20:00,09:20:10,50.0,60.0,Week3_Behaviour_Dataset/data/videos/Unibo_scan_windows_clean.mp4
scan_09_20,230,1479,59.16,9.16,09:20:00,09:20:10,50.0,60.0,Week3_Behaviour_Dataset/data/videos/Unibo_scan_windows_clean.mp4
scan_09_20,231,1480,59.2,9.2,09:20:00,09:20:10,50.0,60.0,Week3_Behaviour_Dataset/data/videos/Unibo_scan_windows_clean.mp4
scan_09_20,232,1481,59.24,9.24,09:20:00,09:20:10,50.0,60.0,Week3_Behaviour_Dataset/data/videos/Unibo_scan_windows_clean.mp4
scan_09_20,233,1482,59.28,9.28,09:20:00,09:20:10,50.0,60.0,Week3_Behaviour_Dataset/data/videos/Unibo_scan_windows_clean.mp4
scan_09_20,234,1483,59.32,9.32,09:20:00,09:20:10,50.0,60.0,Week3_Behaviour_Dataset/data/videos/Unibo_scan_windows_clean.mp4
scan_09_20,235,1484,59.36,9.36,09:20:00,09:20:10,50.0,60.0,Week3_Behaviour_Dataset/data/videos/Unibo_scan_windows_clean.mp4
scan_09_20,236,1485,59.4,9.4,09:20:00,09:20:10,50.0,60.0,Week3_Behaviour_Dataset/data/videos/Unibo_scan_windows_clean.mp4
scan_09_20,237,1486,59.44,9.44,09:20:00,09:20:10,50.0,60.0,Week3_Behaviour_Dataset/data/videos/Unibo_scan_windows_clean.mp4
scan_09_20,238,1487,59.48,9.48,09:20:00,09:20:10,50.0,60.0,Week3_Behaviour_Dataset/data/videos/Unibo_scan_windows_clean.mp4
scan_09_20,239,1488,59.52,9.52,09:20:00,09:20:10,50.0,60.0,Week3_Behaviour_Dataset/data/videos/Unibo_scan_windows_clean.mp4
scan_09_20,240,1489,59.56,9.56,09:20:00,09:20:10,50.0,60.0,Week3_Behaviour_Dataset/data/videos/Unibo_scan_windows_clean.mp4
scan_09_20,241,1490,59.6,9.6,09:20:00,09:20:10,50.0,60.0,Week3_Behaviour_Dataset/data/videos/Unibo_scan_windows_clean.mp4
scan_09_20,242,1491,59.64,9.64,09:20:00,09:20:10,50.0,60.0,Week3_Behaviour_Dataset/data/videos/Unibo_scan_windows_clean.mp4
scan_09_20,243,1492,59.68,9.68,09:20:00,09:20:10,50.0,60.0,Week3_Behaviour_Dataset/data/videos/Unibo_scan_windows_clean.mp4
scan_09_20,244,1493,59.72,9.72,09:20:00,09:20:10,50.0,60.0,Week3_Behaviour_Dataset/data/videos/Unibo_scan_windows_clean.mp4
scan_09_20,245,1494,59.76,9.76,09:20:00,09:20:10,50.0,60.0,Week3_Behaviour_Dataset/data/videos/Unibo_scan_windows_clean.mp4
scan_09_20,246,1495,59.8,9.8,09:20:00,09:20:10,50.0,60.0,Week3_Behaviour_Dataset/data/videos/Unibo_scan_windows_clean.mp4
scan_09_20,247,1496,59.84,9.84,09:20:00,09:20:10,50.0,60.0,Week3_Behaviour_Dataset/data/videos/Unibo_scan_windows_clean.mp4
scan_09_20,248,1497,59.88,9.88,09:20:00,09:20:10,50.0,60.0,Week3_Behaviour_Dataset/data/videos/Unibo_scan_windows_clean.mp4
scan_09_20,249,1498,59.92,9.92,09:20:00,09:20:10,50.0,60.0,Week3_Behaviour_Dataset/data/videos/Unibo_scan_windows_clean.mp4
scan_09_20,250,1499,59.96,9.96,09:20:00,09:20:10,50.0,60.0,Week3_Behaviour_Dataset/data/videos/Unibo_scan_windows_clean.mp4
scan_09_30,1,1500,60.0,0.0,09:30:00,09:30:10,60.0,80.0,Week3_Behaviour_Dataset/data/videos/Unibo_scan_windows_clean.mp4
scan_09_30,2,1501,60.04,0.04,09:30:00,09:30:10,60.0,80.0,Week3_Behaviour_Dataset/data/videos/Unibo_scan_windows_clean.mp4
scan_09_30,3,1502,60.08,0.08,09:30:00,09:30:10,60.0,80.0,Week3_Behaviour_Dataset/data/videos/Unibo_scan_windows_clean.mp4
scan_09_30,4,1503,60.12,0.12,09:30:00,09:30:10,60.0,80.0,Week3_Behaviour_Dataset/data/videos/Unibo_scan_windows_clean.mp4
scan_09_30,5,1504,60.16,0.16,09:30:00,09:30:10,60.0,80.0,Week3_Behaviour_Dataset/data/videos/Unibo_scan_windows_clean.mp4
scan_09_30,6,1505,60.2,0.2,09:30:00,09:30:10,60.0,80.0,Week3_Behaviour_Dataset/data/videos/Unibo_scan_windows_clean.mp4
scan_09_30,7,1506,60.24,0.24,09:30:00,09:30:10,60.0,80.0,Week3_Behaviour_Dataset/data/videos/Unibo_scan_windows_clean.mp4
scan_09_30,8,1507,60.28,0.28,09:30:00,09:30:10,60.0,80.0,Week3_Behaviour_Dataset/data/videos/Unibo_scan_windows_clean.mp4
scan_09_30,9,1508,60.32,0.32,09:30:00,09:30:10,60.0,80.0,Week3_Behaviour_Dataset/data/videos/Unibo_scan_windows_clean.mp4
scan_09_30,10,1509,60.36,0.36,09:30:00,09:30:10,60.0,80.0,Week3_Behaviour_Dataset/data/videos/Unibo_scan_windows_clean.mp4
scan_09_30,11,1510,60.4,0.4,09:30:00,09:30:10,60.0,80.0,Week3_Behaviour_Dataset/data/videos/Unibo_scan_windows_clean.mp4
scan_09_30,12,1511,60.44,0.44,09:30:00,09:30:10,60.0,80.0,Week3_Behaviour_Dataset/data/videos/Unibo_scan_windows_clean.mp4
scan_09_30,13,1512,60.48,0.48,09:30:00,09:30:10,60.0,80.0,Week3_Behaviour_Dataset/data/videos/Unibo_scan_windows_clean.mp4
scan_09_30,14,1513,60.52,0.52,09:30:00,09:30:10,60.0,80.0,Week3_Behaviour_Dataset/data/videos/Unibo_scan_windows_clean.mp4
scan_09_30,15,1514,60.56,0.56,09:30:00,09:30:10,60.0,80.0,Week3_Behaviour_Dataset/data/videos/Unibo_scan_windows_clean.mp4
scan_09_30,16,1515,60.6,0.6,09:30:00,09:30:10,60.0,80.0,Week3_Behaviour_Dataset/data/videos/Unibo_scan_windows_clean.mp4
scan_09_30,17,1516,60.64,0.64,09:30:00,09:30:10,60.0,80.0,Week3_Behaviour_Dataset/data/videos/Unibo_scan_windows_clean.mp4
scan_09_30,18,1517,60.68,0.68,09:30:00,09:30:10,60.0,80.0,Week3_Behaviour_Dataset/data/videos/Unibo_scan_windows_clean.mp4
scan_09_30,19,1518,60.72,0.72,09:30:00,09:30:10,60.0,80.0,Week3_Behaviour_Dataset/data/videos/Unibo_scan_windows_clean.mp4
scan_09_30,20,1519,60.76,0.76,09:30:00,09:30:10,60.0,80.0,Week3_Behaviour_Dataset/data/videos/Unibo_scan_windows_clean.mp4
scan_09_30,21,1520,60.8,0.8,09:30:00,09:30:10,60.0,80.0,Week3_Behaviour_Dataset/data/videos/Unibo_scan_windows_clean.mp4
scan_09_30,22,1521,60.84,0.84,09:30:00,09:30:10,60.0,80.0,Week3_Behaviour_Dataset/data/videos/Unibo_scan_windows_clean.mp4
scan_09_30,23,1522,60.88,0.88,09:30:00,09:30:10,60.0,80.0,Week3_Behaviour_Dataset/data/videos/Unibo_scan_windows_clean.mp4
scan_09_30,24,1523,60.92,0.92,09:30:00,09:30:10,60.0,80.0,Week3_Behaviour_Dataset/data/videos/Unibo_scan_windows_clean.mp4
scan_09_30,25,1524,60.96,0.96,09:30:00,09:30:10,60.0,80.0,Week3_Behaviour_Dataset/data/videos/Unibo_scan_windows_clean.mp4
scan_09_30,26,1525,61.0,1.0,09:30:00,09:30:10,60.0,80.0,Week3_Behaviour_Dataset/data/videos/Unibo_scan_windows_clean.mp4
scan_09_30,27,1526,61.04,1.04,09:30:00,09:30:10,60.0,80.0,Week3_Behaviour_Dataset/data/videos/Unibo_scan_windows_clean.mp4
scan_09_30,28,1527,61.08,1.08,09:30:00,09:30:10,60.0,80.0,Week3_Behaviour_Dataset/data/videos/Unibo_scan_windows_clean.mp4
scan_09_30,29,1528,61.12,1.12,09:30:00,09:30:10,60.0,80.0,Week3_Behaviour_Dataset/data/videos/Unibo_scan_windows_clean.mp4
scan_09_30,30,1529,61.16,1.16,09:30:00,09:30:10,60.0,80.0,Week3_Behaviour_Dataset/data/videos/Unibo_scan_windows_clean.mp4
scan_09_30,31,1530,61.2,1.2,09:30:00,09:30:10,60.0,80.0,Week3_Behaviour_Dataset/data/videos/Unibo_scan_windows_clean.mp4
scan_09_30,32,1531,61.24,1.24,09:30:00,09:30:10,60.0,80.0,Week3_Behaviour_Dataset/data/videos/Unibo_scan_windows_clean.mp4
scan_09_30,33,1532,61.28,1.28,09:30:00,09:30:10,60.0,80.0,Week3_Behaviour_Dataset/data/videos/Unibo_scan_windows_clean.mp4
scan_09_30,34,1533,61.32,1.32,09:30:00,09:30:10,60.0,80.0,Week3_Behaviour_Dataset/data/videos/Unibo_scan_windows_clean.mp4
scan_09_30,35,1534,61.36,1.36,09:30:00,09:30:10,60.0,80.0,Week3_Behaviour_Dataset/data/videos/Unibo_scan_windows_clean.mp4
scan_09_30,36,1535,61.4,1.4,09:30:00,09:30:10,60.0,80.0,Week3_Behaviour_Dataset/data/videos/Unibo_scan_windows_clean.mp4
scan_09_30,37,1536,61.44,1.44,09:30:00,09:30:10,60.0,80.0,Week3_Behaviour_Dataset/data/videos/Unibo_scan_windows_clean.mp4
scan_09_30,38,1537,61.48,1.48,09:30:00,09:30:10,60.0,80.0,Week3_Behaviour_Dataset/data/videos/Unibo_scan_windows_clean.mp4
scan_09_30,39,1538,61.52,1.52,09:30:00,09:30:10,60.0,80.0,Week3_Behaviour_Dataset/data/videos/Unibo_scan_windows_clean.mp4
scan_09_30,40,1539,61.56,1.56,09:30:00,09:30:10,60.0,80.0,Week3_Behaviour_Dataset/data/videos/Unibo_scan_windows_clean.mp4
scan_09_30,41,1540,61.6,1.6,09:30:00,09:30:10,60.0,80.0,Week3_Behaviour_Dataset/data/videos/Unibo_scan_windows_clean.mp4
scan_09_30,42,1541,61.64,1.64,09:30:00,09:30:10,60.0,80.0,Week3_Behaviour_Dataset/data/videos/Unibo_scan_windows_clean.mp4
scan_09_30,43,1542,61.68,1.68,09:30:00,09:30:10,60.0,80.0,Week3_Behaviour_Dataset/data/videos/Unibo_scan_windows_clean.mp4
scan_09_30,44,1543,61.72,1.72,09:30:00,09:30:10,60.0,80.0,Week3_Behaviour_Dataset/data/videos/Unibo_scan_windows_clean.mp4
scan_09_30,45,1544,61.76,1.76,09:30:00,09:30:10,60.0,80.0,Week3_Behaviour_Dataset/data/videos/Unibo_scan_windows_clean.mp4
scan_09_30,46,1545,61.8,1.8,09:30:00,09:30:10,60.0,80.0,Week3_Behaviour_Dataset/data/videos/Unibo_scan_windows_clean.mp4
scan_09_30,47,1546,61.84,1.84,09:30:00,09:30:10,60.0,80.0,Week3_Behaviour_Dataset/data/videos/Unibo_scan_windows_clean.mp4
scan_09_30,48,1547,61.88,1.88,09:30:00,09:30:10,60.0,80.0,Week3_Behaviour_Dataset/data/videos/Unibo_scan_windows_clean.mp4
scan_09_30,49,1548,61.92,1.92,09:30:00,09:30:10,60.0,80.0,Week3_Behaviour_Dataset/data/videos/Unibo_scan_windows_clean.mp4
scan_09_30,50,1549,61.96,1.96,09:30:00,09:30:10,60.0,80.0,Week3_Behaviour_Dataset/data/videos/Unibo_scan_windows_clean.mp4
scan_09_30,51,1550,62.0,2.0,09:30:00,09:30:10,60.0,80.0,Week3_Behaviour_Dataset/data/videos/Unibo_scan_windows_clean.mp4
scan_09_30,52,1551,62.04,2.04,09:30:00,09:30:10,60.0,80.0,Week3_Behaviour_Dataset/data/videos/Unibo_scan_windows_clean.mp4
scan_09_30,53,1552,62.08,2.08,09:30:00,09:30:10,60.0,80.0,Week3_Behaviour_Dataset/data/videos/Unibo_scan_windows_clean.mp4
scan_09_30,54,1553,62.12,2.12,09:30:00,09:30:10,60.0,80.0,Week3_Behaviour_Dataset/data/videos/Unibo_scan_windows_clean.mp4
scan_09_30,55,1554,62.16,2.16,09:30:00,09:30:10,60.0,80.0,Week3_Behaviour_Dataset/data/videos/Unibo_scan_windows_clean.mp4
scan_09_30,56,1555,62.2,2.2,09:30:00,09:30:10,60.0,80.0,Week3_Behaviour_Dataset/data/videos/Unibo_scan_windows_clean.mp4
scan_09_30,57,1556,62.24,2.24,09:30:00,09:30:10,60.0,80.0,Week3_Behaviour_Dataset/data/videos/Unibo_scan_windows_clean.mp4
scan_09_30,58,1557,62.28,2.28,09:30:00,09:30:10,60.0,80.0,Week3_Behaviour_Dataset/data/videos/Unibo_scan_windows_clean.mp4
scan_09_30,59,1558,62.32,2.32,09:30:00,09:30:10,60.0,80.0,Week3_Behaviour_Dataset/data/videos/Unibo_scan_windows_clean.mp4
scan_09_30,60,1559,62.36,2.36,09:30:00,09:30:10,60.0,80.0,Week3_Behaviour_Dataset/data/videos/Unibo_scan_windows_clean.mp4
scan_09_30,61,1560,62.4,2.4,09:30:00,09:30:10,60.0,80.0,Week3_Behaviour_Dataset/data/videos/Unibo_scan_windows_clean.mp4
scan_09_30,62,1561,62.44,2.44,09:30:00,09:30:10,60.0,80.0,Week3_Behaviour_Dataset/data/videos/Unibo_scan_windows_clean.mp4
scan_09_30,63,1562,62.48,2.48,09:30:00,09:30:10,60.0,80.0,Week3_Behaviour_Dataset/data/videos/Unibo_scan_windows_clean.mp4
scan_09_30,64,1563,62.52,2.52,09:30:00,09:30:10,60.0,80.0,Week3_Behaviour_Dataset/data/videos/Unibo_scan_windows_clean.mp4
scan_09_30,65,1564,62.56,2.56,09:30:00,09:30:10,60.0,80.0,Week3_Behaviour_Dataset/data/videos/Unibo_scan_windows_clean.mp4
scan_09_30,66,1565,62.6,2.6,09:30:00,09:30:10,60.0,80.0,Week3_Behaviour_Dataset/data/videos/Unibo_scan_windows_clean.mp4
scan_09_30,67,1566,62.64,2.64,09:30:00,09:30:10,60.0,80.0,Week3_Behaviour_Dataset/data/videos/Unibo_scan_windows_clean.mp4
scan_09_30,68,1567,62.68,2.68,09:30:00,09:30:10,60.0,80.0,Week3_Behaviour_Dataset/data/videos/Unibo_scan_windows_clean.mp4
scan_09_30,69,1568,62.72,2.72,09:30:00,09:30:10,60.0,80.0,Week3_Behaviour_Dataset/data/videos/Unibo_scan_windows_clean.mp4
scan_09_30,70,1569,62.76,2.76,09:30:00,09:30:10,60.0,80.0,Week3_Behaviour_Dataset/data/videos/Unibo_scan_windows_clean.mp4
scan_09_30,71,1570,62.8,2.8,09:30:00,09:30:10,60.0,80.0,Week3_Behaviour_Dataset/data/videos/Unibo_scan_windows_clean.mp4
scan_09_30,72,1571,62.84,2.84,09:30:00,09:30:10,60.0,80.0,Week3_Behaviour_Dataset/data/videos/Unibo_scan_windows_clean.mp4
scan_09_30,73,1572,62.88,2.88,09:30:00,09:30:10,60.0,80.0,Week3_Behaviour_Dataset/data/videos/Unibo_scan_windows_clean.mp4
scan_09_30,74,1573,62.92,2.92,09:30:00,09:30:10,60.0,80.0,Week3_Behaviour_Dataset/data/videos/Unibo_scan_windows_clean.mp4
scan_09_30,75,1574,62.96,2.96,09:30:00,09:30:10,60.0,80.0,Week3_Behaviour_Dataset/data/videos/Unibo_scan_windows_clean.mp4
scan_09_30,76,1575,63.0,3.0,09:30:00,09:30:10,60.0,80.0,Week3_Behaviour_Dataset/data/videos/Unibo_scan_windows_clean.mp4
scan_09_30,77,1576,63.04,3.04,09:30:00,09:30:10,60.0,80.0,Week3_Behaviour_Dataset/data/videos/Unibo_scan_windows_clean.mp4
scan_09_30,78,1577,63.08,3.08,09:30:00,09:30:10,60.0,80.0,Week3_Behaviour_Dataset/data/videos/Unibo_scan_windows_clean.mp4
scan_09_30,79,1578,63.12,3.12,09:30:00,09:30:10,60.0,80.0,Week3_Behaviour_Dataset/data/videos/Unibo_scan_windows_clean.mp4
scan_09_30,80,1579,63.16,3.16,09:30:00,09:30:10,60.0,80.0,Week3_Behaviour_Dataset/data/videos/Unibo_scan_windows_clean.mp4
scan_09_30,81,1580,63.2,3.2,09:30:00,09:30:10,60.0,80.0,Week3_Behaviour_Dataset/data/videos/Unibo_scan_windows_clean.mp4
scan_09_30,82,1581,63.24,3.24,09:30:00,09:30:10,60.0,80.0,Week3_Behaviour_Dataset/data/videos/Unibo_scan_windows_clean.mp4
scan_09_30,83,1582,63.28,3.28,09:30:00,09:30:10,60.0,80.0,Week3_Behaviour_Dataset/data/videos/Unibo_scan_windows_clean.mp4
scan_09_30,84,1583,63.32,3.32,09:30:00,09:30:10,60.0,80.0,Week3_Behaviour_Dataset/data/videos/Unibo_scan_windows_clean.mp4
scan_09_30,85,1584,63.36,3.36,09:30:00,09:30:10,60.0,80.0,Week3_Behaviour_Dataset/data/videos/Unibo_scan_windows_clean.mp4
scan_09_30,86,1585,63.4,3.4,09:30:00,09:30:10,60.0,80.0,Week3_Behaviour_Dataset/data/videos/Unibo_scan_windows_clean.mp4
scan_09_30,87,1586,63.44,3.44,09:30:00,09:30:10,60.0,80.0,Week3_Behaviour_Dataset/data/videos/Unibo_scan_windows_clean.mp4
scan_09_30,88,1587,63.48,3.48,09:30:00,09:30:10,60.0,80.0,Week3_Behaviour_Dataset/data/videos/Unibo_scan_windows_clean.mp4
scan_09_30,89,1588,63.52,3.52,09:30:00,09:30:10,60.0,80.0,Week3_Behaviour_Dataset/data/videos/Unibo_scan_windows_clean.mp4
scan_09_30,90,1589,63.56,3.56,09:30:00,09:30:10,60.0,80.0,Week3_Behaviour_Dataset/data/videos/Unibo_scan_windows_clean.mp4
scan_09_30,91,1590,63.6,3.6,09:30:00,09:30:10,60.0,80.0,Week3_Behaviour_Dataset/data/videos/Unibo_scan_windows_clean.mp4
scan_09_30,92,1591,63.64,3.64,09:30:00,09:30:10,60.0,80.0,Week3_Behaviour_Dataset/data/videos/Unibo_scan_windows_clean.mp4
scan_09_30,93,1592,63.68,3.68,09:30:00,09:30:10,60.0,80.0,Week3_Behaviour_Dataset/data/videos/Unibo_scan_windows_clean.mp4
scan_09_30,94,1593,63.72,3.72,09:30:00,09:30:10,60.0,80.0,Week3_Behaviour_Dataset/data/videos/Unibo_scan_windows_clean.mp4
scan_09_30,95,1594,63.76,3.76,09:30:00,09:30:10,60.0,80.0,Week3_Behaviour_Dataset/data/videos/Unibo_scan_windows_clean.mp4
scan_09_30,96,1595,63.8,3.8,09:30:00,09:30:10,60.0,80.0,Week3_Behaviour_Dataset/data/videos/Unibo_scan_windows_clean.mp4
scan_09_30,97,1596,63.84,3.84,09:30:00,09:30:10,60.0,80.0,Week3_Behaviour_Dataset/data/videos/Unibo_scan_windows_clean.mp4
scan_09_30,98,1597,63.88,3.88,09:30:00,09:30:10,60.0,80.0,Week3_Behaviour_Dataset/data/videos/Unibo_scan_windows_clean.mp4
scan_09_30,99,1598,63.92,3.92,09:30:00,09:30:10,60.0,80.0,Week3_Behaviour_Dataset/data/videos/Unibo_scan_windows_clean.mp4
scan_09_30,100,1599,63.96,3.96,09:30:00,09:30:10,60.0,80.0,Week3_Behaviour_Dataset/data/videos/Unibo_scan_windows_clean.mp4
scan_09_30,101,1600,64.0,4.0,09:30:00,09:30:10,60.0,80.0,Week3_Behaviour_Dataset/data/videos/Unibo_scan_windows_clean.mp4
scan_09_30,102,1601,64.04,4.04,09:30:00,09:30:10,60.0,80.0,Week3_Behaviour_Dataset/data/videos/Unibo_scan_windows_clean.mp4
scan_09_30,103,1602,64.08,4.08,09:30:00,09:30:10,60.0,80.0,Week3_Behaviour_Dataset/data/videos/Unibo_scan_windows_clean.mp4
scan_09_30,104,1603,64.12,4.12,09:30:00,09:30:10,60.0,80.0,Week3_Behaviour_Dataset/data/videos/Unibo_scan_windows_clean.mp4
scan_09_30,105,1604,64.16,4.16,09:30:00,09:30:10,60.0,80.0,Week3_Behaviour_Dataset/data/videos/Unibo_scan_windows_clean.mp4
scan_09_30,106,1605,64.2,4.2,09:30:00,09:30:10,60.0,80.0,Week3_Behaviour_Dataset/data/videos/Unibo_scan_windows_clean.mp4
scan_09_30,107,1606,64.24,4.24,09:30:00,09:30:10,60.0,80.0,Week3_Behaviour_Dataset/data/videos/Unibo_scan_windows_clean.mp4
scan_09_30,108,1607,64.28,4.28,09:30:00,09:30:10,60.0,80.0,Week3_Behaviour_Dataset/data/videos/Unibo_scan_windows_clean.mp4
scan_09_30,109,1608,64.32,4.32,09:30:00,09:30:10,60.0,80.0,Week3_Behaviour_Dataset/data/videos/Unibo_scan_windows_clean.mp4
scan_09_30,110,1609,64.36,4.36,09:30:00,09:30:10,60.0,80.0,Week3_Behaviour_Dataset/data/videos/Unibo_scan_windows_clean.mp4
scan_09_30,111,1610,64.4,4.4,09:30:00,09:30:10,60.0,80.0,Week3_Behaviour_Dataset/data/videos/Unibo_scan_windows_clean.mp4
scan_09_30,112,1611,64.44,4.44,09:30:00,09:30:10,60.0,80.0,Week3_Behaviour_Dataset/data/videos/Unibo_scan_windows_clean.mp4
scan_09_30,113,1612,64.48,4.48,09:30:00,09:30:10,60.0,80.0,Week3_Behaviour_Dataset/data/videos/Unibo_scan_windows_clean.mp4
scan_09_30,114,1613,64.52,4.52,09:30:00,09:30:10,60.0,80.0,Week3_Behaviour_Dataset/data/videos/Unibo_scan_windows_clean.mp4
scan_09_30,115,1614,64.56,4.56,09:30:00,09:30:10,60.0,80.0,Week3_Behaviour_Dataset/data/videos/Unibo_scan_windows_clean.mp4
scan_09_30,116,1615,64.6,4.6,09:30:00,09:30:10,60.0,80.0,Week3_Behaviour_Dataset/data/videos/Unibo_scan_windows_clean.mp4
scan_09_30,117,1616,64.64,4.64,09:30:00,09:30:10,60.0,80.0,Week3_Behaviour_Dataset/data/videos/Unibo_scan_windows_clean.mp4
scan_09_30,118,1617,64.68,4.68,09:30:00,09:30:10,60.0,80.0,Week3_Behaviour_Dataset/data/videos/Unibo_scan_windows_clean.mp4
scan_09_30,119,1618,64.72,4.72,09:30:00,09:30:10,60.0,80.0,Week3_Behaviour_Dataset/data/videos/Unibo_scan_windows_clean.mp4
scan_09_30,120,1619,64.76,4.76,09:30:00,09:30:10,60.0,80.0,Week3_Behaviour_Dataset/data/videos/Unibo_scan_windows_clean.mp4
scan_09_30,121,1620,64.8,4.8,09:30:00,09:30:10,60.0,80.0,Week3_Behaviour_Dataset/data/videos/Unibo_scan_windows_clean.mp4
scan_09_30,122,1621,64.84,4.84,09:30:00,09:30:10,60.0,80.0,Week3_Behaviour_Dataset/data/videos/Unibo_scan_windows_clean.mp4
scan_09_30,123,1622,64.88,4.88,09:30:00,09:30:10,60.0,80.0,Week3_Behaviour_Dataset/data/videos/Unibo_scan_windows_clean.mp4
scan_09_30,124,1623,64.92,4.92,09:30:00,09:30:10,60.0,80.0,Week3_Behaviour_Dataset/data/videos/Unibo_scan_windows_clean.mp4
scan_09_30,125,1624,64.96,4.96,09:30:00,09:30:10,60.0,80.0,Week3_Behaviour_Dataset/data/videos/Unibo_scan_windows_clean.mp4
scan_09_30,126,1625,65.0,5.0,09:30:00,09:30:10,60.0,80.0,Week3_Behaviour_Dataset/data/videos/Unibo_scan_windows_clean.mp4
scan_09_30,127,1626,65.04,5.04,09:30:00,09:30:10,60.0,80.0,Week3_Behaviour_Dataset/data/videos/Unibo_scan_windows_clean.mp4
scan_09_30,128,1627,65.08,5.08,09:30:00,09:30:10,60.0,80.0,Week3_Behaviour_Dataset/data/videos/Unibo_scan_windows_clean.mp4
scan_09_30,129,1628,65.12,5.12,09:30:00,09:30:10,60.0,80.0,Week3_Behaviour_Dataset/data/videos/Unibo_scan_windows_clean.mp4
scan_09_30,130,1629,65.16,5.16,09:30:00,09:30:10,60.0,80.0,Week3_Behaviour_Dataset/data/videos/Unibo_scan_windows_clean.mp4
scan_09_30,131,1630,65.2,5.2,09:30:00,09:30:10,60.0,80.0,Week3_Behaviour_Dataset/data/videos/Unibo_scan_windows_clean.mp4
scan_09_30,132,1631,65.24,5.24,09:30:00,09:30:10,60.0,80.0,Week3_Behaviour_Dataset/data/videos/Unibo_scan_windows_clean.mp4
scan_09_30,133,1632,65.28,5.28,09:30:00,09:30:10,60.0,80.0,Week3_Behaviour_Dataset/data/videos/Unibo_scan_windows_clean.mp4
scan_09_30,134,1633,65.32,5.32,09:30:00,09:30:10,60.0,80.0,Week3_Behaviour_Dataset/data/videos/Unibo_scan_windows_clean.mp4
scan_09_30,135,1634,65.36,5.36,09:30:00,09:30:10,60.0,80.0,Week3_Behaviour_Dataset/data/videos/Unibo_scan_windows_clean.mp4
scan_09_30,136,1635,65.4,5.4,09:30:00,09:30:10,60.0,80.0,Week3_Behaviour_Dataset/data/videos/Unibo_scan_windows_clean.mp4
scan_09_30,137,1636,65.44,5.44,09:30:00,09:30:10,60.0,80.0,Week3_Behaviour_Dataset/data/videos/Unibo_scan_windows_clean.mp4
scan_09_30,138,1637,65.48,5.48,09:30:00,09:30:10,60.0,80.0,Week3_Behaviour_Dataset/data/videos/Unibo_scan_windows_clean.mp4
scan_09_30,139,1638,65.52,5.52,09:30:00,09:30:10,60.0,80.0,Week3_Behaviour_Dataset/data/videos/Unibo_scan_windows_clean.mp4
scan_09_30,140,1639,65.56,5.56,09:30:00,09:30:10,60.0,80.0,Week3_Behaviour_Dataset/data/videos/Unibo_scan_windows_clean.mp4
scan_09_30,141,1640,65.6,5.6,09:30:00,09:30:10,60.0,80.0,Week3_Behaviour_Dataset/data/videos/Unibo_scan_windows_clean.mp4
scan_09_30,142,1641,65.64,5.64,09:30:00,09:30:10,60.0,80.0,Week3_Behaviour_Dataset/data/videos/Unibo_scan_windows_clean.mp4
scan_09_30,143,1642,65.68,5.68,09:30:00,09:30:10,60.0,80.0,Week3_Behaviour_Dataset/data/videos/Unibo_scan_windows_clean.mp4
scan_09_30,144,1643,65.72,5.72,09:30:00,09:30:10,60.0,80.0,Week3_Behaviour_Dataset/data/videos/Unibo_scan_windows_clean.mp4
scan_09_30,145,1644,65.76,5.76,09:30:00,09:30:10,60.0,80.0,Week3_Behaviour_Dataset/data/videos/Unibo_scan_windows_clean.mp4
scan_09_30,146,1645,65.8,5.8,09:30:00,09:30:10,60.0,80.0,Week3_Behaviour_Dataset/data/videos/Unibo_scan_windows_clean.mp4
scan_09_30,147,1646,65.84,5.84,09:30:00,09:30:10,60.0,80.0,Week3_Behaviour_Dataset/data/videos/Unibo_scan_windows_clean.mp4
scan_09_30,148,1647,65.88,5.88,09:30:00,09:30:10,60.0,80.0,Week3_Behaviour_Dataset/data/videos/Unibo_scan_windows_clean.mp4
scan_09_30,149,1648,65.92,5.92,09:30:00,09:30:10,60.0,80.0,Week3_Behaviour_Dataset/data/videos/Unibo_scan_windows_clean.mp4
scan_09_30,150,1649,65.96,5.96,09:30:00,09:30:10,60.0,80.0,Week3_Behaviour_Dataset/data/videos/Unibo_scan_windows_clean.mp4
scan_09_30,151,1650,66.0,6.0,09:30:00,09:30:10,60.0,80.0,Week3_Behaviour_Dataset/data/videos/Unibo_scan_windows_clean.mp4
scan_09_30,152,1651,66.04,6.04,09:30:00,09:30:10,60.0,80.0,Week3_Behaviour_Dataset/data/videos/Unibo_scan_windows_clean.mp4
scan_09_30,153,1652,66.08,6.08,09:30:00,09:30:10,60.0,80.0,Week3_Behaviour_Dataset/data/videos/Unibo_scan_windows_clean.mp4
scan_09_30,154,1653,66.12,6.12,09:30:00,09:30:10,60.0,80.0,Week3_Behaviour_Dataset/data/videos/Unibo_scan_windows_clean.mp4
scan_09_30,155,1654,66.16,6.16,09:30:00,09:30:10,60.0,80.0,Week3_Behaviour_Dataset/data/videos/Unibo_scan_windows_clean.mp4
scan_09_30,156,1655,66.2,6.2,09:30:00,09:30:10,60.0,80.0,Week3_Behaviour_Dataset/data/videos/Unibo_scan_windows_clean.mp4
scan_09_30,157,1656,66.24,6.24,09:30:00,09:30:10,60.0,80.0,Week3_Behaviour_Dataset/data/videos/Unibo_scan_windows_clean.mp4
scan_09_30,158,1657,66.28,6.28,09:30:00,09:30:10,60.0,80.0,Week3_Behaviour_Dataset/data/videos/Unibo_scan_windows_clean.mp4
scan_09_30,159,1658,66.32,6.32,09:30:00,09:30:10,60.0,80.0,Week3_Behaviour_Dataset/data/videos/Unibo_scan_windows_clean.mp4
scan_09_30,160,1659,66.36,6.36,09:30:00,09:30:10,60.0,80.0,Week3_Behaviour_Dataset/data/videos/Unibo_scan_windows_clean.mp4
scan_09_30,161,1660,66.4,6.4,09:30:00,09:30:10,60.0,80.0,Week3_Behaviour_Dataset/data/videos/Unibo_scan_windows_clean.mp4
scan_09_30,162,1661,66.44,6.44,09:30:00,09:30:10,60.0,80.0,Week3_Behaviour_Dataset/data/videos/Unibo_scan_windows_clean.mp4
scan_09_30,163,1662,66.48,6.48,09:30:00,09:30:10,60.0,80.0,Week3_Behaviour_Dataset/data/videos/Unibo_scan_windows_clean.mp4
scan_09_30,164,1663,66.52,6.52,09:30:00,09:30:10,60.0,80.0,Week3_Behaviour_Dataset/data/videos/Unibo_scan_windows_clean.mp4
scan_09_30,165,1664,66.56,6.56,09:30:00,09:30:10,60.0,80.0,Week3_Behaviour_Dataset/data/videos/Unibo_scan_windows_clean.mp4
scan_09_30,166,1665,66.6,6.6,09:30:00,09:30:10,60.0,80.0,Week3_Behaviour_Dataset/data/videos/Unibo_scan_windows_clean.mp4
scan_09_30,167,1666,66.64,6.64,09:30:00,09:30:10,60.0,80.0,Week3_Behaviour_Dataset/data/videos/Unibo_scan_windows_clean.mp4
scan_09_30,168,1667,66.68,6.68,09:30:00,09:30:10,60.0,80.0,Week3_Behaviour_Dataset/data/videos/Unibo_scan_windows_clean.mp4
scan_09_30,169,1668,66.72,6.72,09:30:00,09:30:10,60.0,80.0,Week3_Behaviour_Dataset/data/videos/Unibo_scan_windows_clean.mp4
scan_09_30,170,1669,66.76,6.76,09:30:00,09:30:10,60.0,80.0,Week3_Behaviour_Dataset/data/videos/Unibo_scan_windows_clean.mp4
scan_09_30,171,1670,66.8,6.8,09:30:00,09:30:10,60.0,80.0,Week3_Behaviour_Dataset/data/videos/Unibo_scan_windows_clean.mp4
scan_09_30,172,1671,66.84,6.84,09:30:00,09:30:10,60.0,80.0,Week3_Behaviour_Dataset/data/videos/Unibo_scan_windows_clean.mp4
scan_09_30,173,1672,66.88,6.88,09:30:00,09:30:10,60.0,80.0,Week3_Behaviour_Dataset/data/videos/Unibo_scan_windows_clean.mp4
scan_09_30,174,1673,66.92,6.92,09:30:00,09:30:10,60.0,80.0,Week3_Behaviour_Dataset/data/videos/Unibo_scan_windows_clean.mp4
scan_09_30,175,1674,66.96,6.96,09:30:00,09:30:10,60.0,80.0,Week3_Behaviour_Dataset/data/videos/Unibo_scan_windows_clean.mp4
scan_09_30,176,1675,67.0,7.0,09:30:00,09:30:10,60.0,80.0,Week3_Behaviour_Dataset/data/videos/Unibo_scan_windows_clean.mp4
scan_09_30,177,1676,67.04,7.04,09:30:00,09:30:10,60.0,80.0,Week3_Behaviour_Dataset/data/videos/Unibo_scan_windows_clean.mp4
scan_09_30,178,1677,67.08,7.08,09:30:00,09:30:10,60.0,80.0,Week3_Behaviour_Dataset/data/videos/Unibo_scan_windows_clean.mp4
scan_09_30,179,1678,67.12,7.12,09:30:00,09:30:10,60.0,80.0,Week3_Behaviour_Dataset/data/videos/Unibo_scan_windows_clean.mp4
scan_09_30,180,1679,67.16,7.16,09:30:00,09:30:10,60.0,80.0,Week3_Behaviour_Dataset/data/videos/Unibo_scan_windows_clean.mp4
scan_09_30,181,1680,67.2,7.2,09:30:00,09:30:10,60.0,80.0,Week3_Behaviour_Dataset/data/videos/Unibo_scan_windows_clean.mp4
scan_09_30,182,1681,67.24,7.24,09:30:00,09:30:10,60.0,80.0,Week3_Behaviour_Dataset/data/videos/Unibo_scan_windows_clean.mp4
scan_09_30,183,1682,67.28,7.28,09:30:00,09:30:10,60.0,80.0,Week3_Behaviour_Dataset/data/videos/Unibo_scan_windows_clean.mp4
scan_09_30,184,1683,67.32,7.32,09:30:00,09:30:10,60.0,80.0,Week3_Behaviour_Dataset/data/videos/Unibo_scan_windows_clean.mp4
scan_09_30,185,1684,67.36,7.36,09:30:00,09:30:10,60.0,80.0,Week3_Behaviour_Dataset/data/videos/Unibo_scan_windows_clean.mp4
scan_09_30,186,1685,67.4,7.4,09:30:00,09:30:10,60.0,80.0,Week3_Behaviour_Dataset/data/videos/Unibo_scan_windows_clean.mp4
scan_09_30,187,1686,67.44,7.44,09:30:00,09:30:10,60.0,80.0,Week3_Behaviour_Dataset/data/videos/Unibo_scan_windows_clean.mp4
scan_09_30,188,1687,67.48,7.48,09:30:00,09:30:10,60.0,80.0,Week3_Behaviour_Dataset/data/videos/Unibo_scan_windows_clean.mp4
scan_09_30,189,1688,67.52,7.52,09:30:00,09:30:10,60.0,80.0,Week3_Behaviour_Dataset/data/videos/Unibo_scan_windows_clean.mp4
scan_09_30,190,1689,67.56,7.56,09:30:00,09:30:10,60.0,80.0,Week3_Behaviour_Dataset/data/videos/Unibo_scan_windows_clean.mp4
scan_09_30,191,1690,67.6,7.6,09:30:00,09:30:10,60.0,80.0,Week3_Behaviour_Dataset/data/videos/Unibo_scan_windows_clean.mp4
scan_09_30,192,1691,67.64,7.64,09:30:00,09:30:10,60.0,80.0,Week3_Behaviour_Dataset/data/videos/Unibo_scan_windows_clean.mp4
scan_09_30,193,1692,67.68,7.68,09:30:00,09:30:10,60.0,80.0,Week3_Behaviour_Dataset/data/videos/Unibo_scan_windows_clean.mp4
scan_09_30,194,1693,67.72,7.72,09:30:00,09:30:10,60.0,80.0,Week3_Behaviour_Dataset/data/videos/Unibo_scan_windows_clean.mp4
scan_09_30,195,1694,67.76,7.76,09:30:00,09:30:10,60.0,80.0,Week3_Behaviour_Dataset/data/videos/Unibo_scan_windows_clean.mp4
scan_09_30,196,1695,67.8,7.8,09:30:00,09:30:10,60.0,80.0,Week3_Behaviour_Dataset/data/videos/Unibo_scan_windows_clean.mp4
scan_09_30,197,1696,67.84,7.84,09:30:00,09:30:10,60.0,80.0,Week3_Behaviour_Dataset/data/videos/Unibo_scan_windows_clean.mp4
scan_09_30,198,1697,67.88,7.88,09:30:00,09:30:10,60.0,80.0,Week3_Behaviour_Dataset/data/videos/Unibo_scan_windows_clean.mp4
scan_09_30,199,1698,67.92,7.92,09:30:00,09:30:10,60.0,80.0,Week3_Behaviour_Dataset/data/videos/Unibo_scan_windows_clean.mp4
scan_09_30,200,1699,67.96,7.96,09:30:00,09:30:10,60.0,80.0,Week3_Behaviour_Dataset/data/videos/Unibo_scan_windows_clean.mp4
scan_09_30,201,1700,68.0,8.0,09:30:00,09:30:10,60.0,80.0,Week3_Behaviour_Dataset/data/videos/Unibo_scan_windows_clean.mp4
scan_09_30,202,1701,68.04,8.04,09:30:00,09:30:10,60.0,80.0,Week3_Behaviour_Dataset/data/videos/Unibo_scan_windows_clean.mp4
scan_09_30,203,1702,68.08,8.08,09:30:00,09:30:10,60.0,80.0,Week3_Behaviour_Dataset/data/videos/Unibo_scan_windows_clean.mp4
scan_09_30,204,1703,68.12,8.12,09:30:00,09:30:10,60.0,80.0,Week3_Behaviour_Dataset/data/videos/Unibo_scan_windows_clean.mp4
scan_09_30,205,1704,68.16,8.16,09:30:00,09:30:10,60.0,80.0,Week3_Behaviour_Dataset/data/videos/Unibo_scan_windows_clean.mp4
scan_09_30,206,1705,68.2,8.2,09:30:00,09:30:10,60.0,80.0,Week3_Behaviour_Dataset/data/videos/Unibo_scan_windows_clean.mp4
scan_09_30,207,1706,68.24,8.24,09:30:00,09:30:10,60.0,80.0,Week3_Behaviour_Dataset/data/videos/Unibo_scan_windows_clean.mp4
scan_09_30,208,1707,68.28,8.28,09:30:00,09:30:10,60.0,80.0,Week3_Behaviour_Dataset/data/videos/Unibo_scan_windows_clean.mp4
scan_09_30,209,1708,68.32,8.32,09:30:00,09:30:10,60.0,80.0,Week3_Behaviour_Dataset/data/videos/Unibo_scan_windows_clean.mp4
scan_09_30,210,1709,68.36,8.36,09:30:00,09:30:10,60.0,80.0,Week3_Behaviour_Dataset/data/videos/Unibo_scan_windows_clean.mp4
scan_09_30,211,1710,68.4,8.4,09:30:00,09:30:10,60.0,80.0,Week3_Behaviour_Dataset/data/videos/Unibo_scan_windows_clean.mp4
scan_09_30,212,1711,68.44,8.44,09:30:00,09:30:10,60.0,80.0,Week3_Behaviour_Dataset/data/videos/Unibo_scan_windows_clean.mp4
scan_09_30,213,1712,68.48,8.48,09:30:00,09:30:10,60.0,80.0,Week3_Behaviour_Dataset/data/videos/Unibo_scan_windows_clean.mp4
scan_09_30,214,1713,68.52,8.52,09:30:00,09:30:10,60.0,80.0,Week3_Behaviour_Dataset/data/videos/Unibo_scan_windows_clean.mp4
scan_09_30,215,1714,68.56,8.56,09:30:00,09:30:10,60.0,80.0,Week3_Behaviour_Dataset/data/videos/Unibo_scan_windows_clean.mp4
scan_09_30,216,1715,68.6,8.6,09:30:00,09:30:10,60.0,80.0,Week3_Behaviour_Dataset/data/videos/Unibo_scan_windows_clean.mp4
scan_09_30,217,1716,68.64,8.64,09:30:00,09:30:10,60.0,80.0,Week3_Behaviour_Dataset/data/videos/Unibo_scan_windows_clean.mp4
scan_09_30,218,1717,68.68,8.68,09:30:00,09:30:10,60.0,80.0,Week3_Behaviour_Dataset/data/videos/Unibo_scan_windows_clean.mp4
scan_09_30,219,1718,68.72,8.72,09:30:00,09:30:10,60.0,80.0,Week3_Behaviour_Dataset/data/videos/Unibo_scan_windows_clean.mp4
scan_09_30,220,1719,68.76,8.76,09:30:00,09:30:10,60.0,80.0,Week3_Behaviour_Dataset/data/videos/Unibo_scan_windows_clean.mp4
scan_09_30,221,1720,68.8,8.8,09:30:00,09:30:10,60.0,80.0,Week3_Behaviour_Dataset/data/videos/Unibo_scan_windows_clean.mp4
scan_09_30,222,1721,68.84,8.84,09:30:00,09:30:10,60.0,80.0,Week3_Behaviour_Dataset/data/videos/Unibo_scan_windows_clean.mp4
scan_09_30,223,1722,68.88,8.88,09:30:00,09:30:10,60.0,80.0,Week3_Behaviour_Dataset/data/videos/Unibo_scan_windows_clean.mp4
scan_09_30,224,1723,68.92,8.92,09:30:00,09:30:10,60.0,80.0,Week3_Behaviour_Dataset/data/videos/Unibo_scan_windows_clean.mp4
scan_09_30,225,1724,68.96,8.96,09:30:00,09:30:10,60.0,80.0,Week3_Behaviour_Dataset/data/videos/Unibo_scan_windows_clean.mp4
scan_09_30,226,1725,69.0,9.0,09:30:00,09:30:10,60.0,80.0,Week3_Behaviour_Dataset/data/videos/Unibo_scan_windows_clean.mp4
scan_09_30,227,1726,69.04,9.04,09:30:00,09:30:10,60.0,80.0,Week3_Behaviour_Dataset/data/videos/Unibo_scan_windows_clean.mp4
scan_09_30,228,1727,69.08,9.08,09:30:00,09:30:10,60.0,80.0,Week3_Behaviour_Dataset/data/videos/Unibo_scan_windows_clean.mp4
scan_09_30,229,1728,69.12,9.12,09:30:00,09:30:10,60.0,80.0,Week3_Behaviour_Dataset/data/videos/Unibo_scan_windows_clean.mp4
scan_09_30,230,1729,69.16,9.16,09:30:00,09:30:10,60.0,80.0,Week3_Behaviour_Dataset/data/videos/Unibo_scan_windows_clean.mp4
scan_09_30,231,1730,69.2,9.2,09:30:00,09:30:10,60.0,80.0,Week3_Behaviour_Dataset/data/videos/Unibo_scan_windows_clean.mp4
scan_09_30,232,1731,69.24,9.24,09:30:00,09:30:10,60.0,80.0,Week3_Behaviour_Dataset/data/videos/Unibo_scan_windows_clean.mp4
scan_09_30,233,1732,69.28,9.28,09:30:00,09:30:10,60.0,80.0,Week3_Behaviour_Dataset/data/videos/Unibo_scan_windows_clean.mp4
scan_09_30,234,1733,69.32,9.32,09:30:00,09:30:10,60.0,80.0,Week3_Behaviour_Dataset/data/videos/Unibo_scan_windows_clean.mp4
scan_09_30,235,1734,69.36,9.36,09:30:00,09:30:10,60.0,80.0,Week3_Behaviour_Dataset/data/videos/Unibo_scan_windows_clean.mp4
scan_09_30,236,1735,69.4,9.4,09:30:00,09:30:10,60.0,80.0,Week3_Behaviour_Dataset/data/videos/Unibo_scan_windows_clean.mp4
scan_09_30,237,1736,69.44,9.44,09:30:00,09:30:10,60.0,80.0,Week3_Behaviour_Dataset/data/videos/Unibo_scan_windows_clean.mp4
scan_09_30,238,1737,69.48,9.48,09:30:00,09:30:10,60.0,80.0,Week3_Behaviour_Dataset/data/videos/Unibo_scan_windows_clean.mp4
scan_09_30,239,1738,69.52,9.52,09:30:00,09:30:10,60.0,80.0,Week3_Behaviour_Dataset/data/videos/Unibo_scan_windows_clean.mp4
scan_09_30,240,1739,69.56,9.56,09:30:00,09:30:10,60.0,80.0,Week3_Behaviour_Dataset/data/videos/Unibo_scan_windows_clean.mp4
scan_09_30,241,1740,69.6,9.6,09:30:00,09:30:10,60.0,80.0,Week3_Behaviour_Dataset/data/videos/Unibo_scan_windows_clean.mp4
scan_09_30,242,1741,69.64,9.64,09:30:00,09:30:10,60.0,80.0,Week3_Behaviour_Dataset/data/videos/Unibo_scan_windows_clean.mp4
scan_09_30,243,1742,69.68,9.68,09:30:00,09:30:10,60.0,80.0,Week3_Behaviour_Dataset/data/videos/Unibo_scan_windows_clean.mp4
scan_09_30,244,1743,69.72,9.72,09:30:00,09:30:10,60.0,80.0,Week3_Behaviour_Dataset/data/videos/Unibo_scan_windows_clean.mp4
scan_09_30,245,1744,69.76,9.76,09:30:00,09:30:10,60.0,80.0,Week3_Behaviour_Dataset/data/videos/Unibo_scan_windows_clean.mp4
scan_09_30,246,1745,69.8,9.8,09:30:00,09:30:10,60.0,80.0,Week3_Behaviour_Dataset/data/videos/Unibo_scan_windows_clean.mp4
scan_09_30,247,1746,69.84,9.84,09:30:00,09:30:10,60.0,80.0,Week3_Behaviour_Dataset/data/videos/Unibo_scan_windows_clean.mp4
scan_09_30,248,1747,69.88,9.88,09:30:00,09:30:10,60.0,80.0,Week3_Behaviour_Dataset/data/videos/Unibo_scan_windows_clean.mp4
scan_09_30,249,1748,69.92,9.92,09:30:00,09:30:10,60.0,80.0,Week3_Behaviour_Dataset/data/videos/Unibo_scan_windows_clean.mp4
scan_09_30,250,1749,69.96,9.96,09:30:00,09:30:10,60.0,80.0,Week3_Behaviour_Dataset/data/videos/Unibo_scan_windows_clean.mp4
scan_09_30,251,1750,70.0,10.0,09:30:00,09:30:10,60.0,80.0,Week3_Behaviour_Dataset/data/videos/Unibo_scan_windows_clean.mp4
scan_09_30,252,1751,70.04,10.04,09:30:00,09:30:10,60.0,80.0,Week3_Behaviour_Dataset/data/videos/Unibo_scan_windows_clean.mp4
scan_09_30,253,1752,70.08,10.08,09:30:00,09:30:10,60.0,80.0,Week3_Behaviour_Dataset/data/videos/Unibo_scan_windows_clean.mp4
scan_09_30,254,1753,70.12,10.12,09:30:00,09:30:10,60.0,80.0,Week3_Behaviour_Dataset/data/videos/Unibo_scan_windows_clean.mp4
scan_09_30,255,1754,70.16,10.16,09:30:00,09:30:10,60.0,80.0,Week3_Behaviour_Dataset/data/videos/Unibo_scan_windows_clean.mp4
scan_09_30,256,1755,70.2,10.2,09:30:00,09:30:10,60.0,80.0,Week3_Behaviour_Dataset/data/videos/Unibo_scan_windows_clean.mp4
scan_09_30,257,1756,70.24,10.24,09:30:00,09:30:10,60.0,80.0,Week3_Behaviour_Dataset/data/videos/Unibo_scan_windows_clean.mp4
scan_09_30,258,1757,70.28,10.28,09:30:00,09:30:10,60.0,80.0,Week3_Behaviour_Dataset/data/videos/Unibo_scan_windows_clean.mp4
scan_09_30,259,1758,70.32,10.32,09:30:00,09:30:10,60.0,80.0,Week3_Behaviour_Dataset/data/videos/Unibo_scan_windows_clean.mp4
scan_09_30,260,1759,70.36,10.36,09:30:00,09:30:10,60.0,80.0,Week3_Behaviour_Dataset/data/videos/Unibo_scan_windows_clean.mp4
scan_09_30,261,1760,70.4,10.4,09:30:00,09:30:10,60.0,80.0,Week3_Behaviour_Dataset/data/videos/Unibo_scan_windows_clean.mp4
scan_09_30,262,1761,70.44,10.44,09:30:00,09:30:10,60.0,80.0,Week3_Behaviour_Dataset/data/videos/Unibo_scan_windows_clean.mp4
scan_09_30,263,1762,70.48,10.48,09:30:00,09:30:10,60.0,80.0,Week3_Behaviour_Dataset/data/videos/Unibo_scan_windows_clean.mp4
scan_09_30,264,1763,70.52,10.52,09:30:00,09:30:10,60.0,80.0,Week3_Behaviour_Dataset/data/videos/Unibo_scan_windows_clean.mp4
scan_09_30,265,1764,70.56,10.56,09:30:00,09:30:10,60.0,80.0,Week3_Behaviour_Dataset/data/videos/Unibo_scan_windows_clean.mp4
scan_09_30,266,1765,70.6,10.6,09:30:00,09:30:10,60.0,80.0,Week3_Behaviour_Dataset/data/videos/Unibo_scan_windows_clean.mp4
scan_09_30,267,1766,70.64,10.64,09:30:00,09:30:10,60.0,80.0,Week3_Behaviour_Dataset/data/videos/Unibo_scan_windows_clean.mp4
scan_09_30,268,1767,70.68,10.68,09:30:00,09:30:10,60.0,80.0,Week3_Behaviour_Dataset/data/videos/Unibo_scan_windows_clean.mp4
scan_09_30,269,1768,70.72,10.72,09:30:00,09:30:10,60.0,80.0,Week3_Behaviour_Dataset/data/videos/Unibo_scan_windows_clean.mp4
scan_09_30,270,1769,70.76,10.76,09:30:00,09:30:10,60.0,80.0,Week3_Behaviour_Dataset/data/videos/Unibo_scan_windows_clean.mp4
scan_09_30,271,1770,70.8,10.8,09:30:00,09:30:10,60.0,80.0,Week3_Behaviour_Dataset/data/videos/Unibo_scan_windows_clean.mp4
scan_09_30,272,1771,70.84,10.84,09:30:00,09:30:10,60.0,80.0,Week3_Behaviour_Dataset/data/videos/Unibo_scan_windows_clean.mp4
scan_09_30,273,1772,70.88,10.88,09:30:00,09:30:10,60.0,80.0,Week3_Behaviour_Dataset/data/videos/Unibo_scan_windows_clean.mp4
scan_09_30,274,1773,70.92,10.92,09:30:00,09:30:10,60.0,80.0,Week3_Behaviour_Dataset/data/videos/Unibo_scan_windows_clean.mp4
scan_09_30,275,1774,70.96,10.96,09:30:00,09:30:10,60.0,80.0,Week3_Behaviour_Dataset/data/videos/Unibo_scan_windows_clean.mp4
scan_09_30,276,1775,71.0,11.0,09:30:00,09:30:10,60.0,80.0,Week3_Behaviour_Dataset/data/videos/Unibo_scan_windows_clean.mp4
scan_09_30,277,1776,71.04,11.04,09:30:00,09:30:10,60.0,80.0,Week3_Behaviour_Dataset/data/videos/Unibo_scan_windows_clean.mp4
scan_09_30,278,1777,71.08,11.08,09:30:00,09:30:10,60.0,80.0,Week3_Behaviour_Dataset/data/videos/Unibo_scan_windows_clean.mp4
scan_09_30,279,1778,71.12,11.12,09:30:00,09:30:10,60.0,80.0,Week3_Behaviour_Dataset/data/videos/Unibo_scan_windows_clean.mp4
scan_09_30,280,1779,71.16,11.16,09:30:00,09:30:10,60.0,80.0,Week3_Behaviour_Dataset/data/videos/Unibo_scan_windows_clean.mp4
scan_09_30,281,1780,71.2,11.2,09:30:00,09:30:10,60.0,80.0,Week3_Behaviour_Dataset/data/videos/Unibo_scan_windows_clean.mp4
scan_09_30,282,1781,71.24,11.24,09:30:00,09:30:10,60.0,80.0,Week3_Behaviour_Dataset/data/videos/Unibo_scan_windows_clean.mp4
scan_09_30,283,1782,71.28,11.28,09:30:00,09:30:10,60.0,80.0,Week3_Behaviour_Dataset/data/videos/Unibo_scan_windows_clean.mp4
scan_09_30,284,1783,71.32,11.32,09:30:00,09:30:10,60.0,80.0,Week3_Behaviour_Dataset/data/videos/Unibo_scan_windows_clean.mp4
scan_09_30,285,1784,71.36,11.36,09:30:00,09:30:10,60.0,80.0,Week3_Behaviour_Dataset/data/videos/Unibo_scan_windows_clean.mp4
scan_09_30,286,1785,71.4,11.4,09:30:00,09:30:10,60.0,80.0,Week3_Behaviour_Dataset/data/videos/Unibo_scan_windows_clean.mp4
scan_09_30,287,1786,71.44,11.44,09:30:00,09:30:10,60.0,80.0,Week3_Behaviour_Dataset/data/videos/Unibo_scan_windows_clean.mp4
scan_09_30,288,1787,71.48,11.48,09:30:00,09:30:10,60.0,80.0,Week3_Behaviour_Dataset/data/videos/Unibo_scan_windows_clean.mp4
scan_09_30,289,1788,71.52,11.52,09:30:00,09:30:10,60.0,80.0,Week3_Behaviour_Dataset/data/videos/Unibo_scan_windows_clean.mp4
scan_09_30,290,1789,71.56,11.56,09:30:00,09:30:10,60.0,80.0,Week3_Behaviour_Dataset/data/videos/Unibo_scan_windows_clean.mp4
scan_09_30,291,1790,71.6,11.6,09:30:00,09:30:10,60.0,80.0,Week3_Behaviour_Dataset/data/videos/Unibo_scan_windows_clean.mp4
scan_09_30,292,1791,71.64,11.64,09:30:00,09:30:10,60.0,80.0,Week3_Behaviour_Dataset/data/videos/Unibo_scan_windows_clean.mp4
scan_09_30,293,1792,71.68,11.68,09:30:00,09:30:10,60.0,80.0,Week3_Behaviour_Dataset/data/videos/Unibo_scan_windows_clean.mp4
scan_09_30,294,1793,71.72,11.72,09:30:00,09:30:10,60.0,80.0,Week3_Behaviour_Dataset/data/videos/Unibo_scan_windows_clean.mp4
scan_09_30,295,1794,71.76,11.76,09:30:00,09:30:10,60.0,80.0,Week3_Behaviour_Dataset/data/videos/Unibo_scan_windows_clean.mp4
scan_09_30,296,1795,71.8,11.8,09:30:00,09:30:10,60.0,80.0,Week3_Behaviour_Dataset/data/videos/Unibo_scan_windows_clean.mp4
scan_09_30,297,1796,71.84,11.84,09:30:00,09:30:10,60.0,80.0,Week3_Behaviour_Dataset/data/videos/Unibo_scan_windows_clean.mp4
scan_09_30,298,1797,71.88,11.88,09:30:00,09:30:10,60.0,80.0,Week3_Behaviour_Dataset/data/videos/Unibo_scan_windows_clean.mp4
scan_09_30,299,1798,71.92,11.92,09:30:00,09:30:10,60.0,80.0,Week3_Behaviour_Dataset/data/videos/Unibo_scan_windows_clean.mp4
scan_09_30,300,1799,71.96,11.96,09:30:00,09:30:10,60.0,80.0,Week3_Behaviour_Dataset/data/videos/Unibo_scan_windows_clean.mp4
scan_09_30,301,1800,72.0,12.0,09:30:00,09:30:10,60.0,80.0,Week3_Behaviour_Dataset/data/videos/Unibo_scan_windows_clean.mp4
scan_09_30,302,1801,72.04,12.04,09:30:00,09:30:10,60.0,80.0,Week3_Behaviour_Dataset/data/videos/Unibo_scan_windows_clean.mp4
scan_09_30,303,1802,72.08,12.08,09:30:00,09:30:10,60.0,80.0,Week3_Behaviour_Dataset/data/videos/Unibo_scan_windows_clean.mp4
scan_09_30,304,1803,72.12,12.12,09:30:00,09:30:10,60.0,80.0,Week3_Behaviour_Dataset/data/videos/Unibo_scan_windows_clean.mp4
scan_09_30,305,1804,72.16,12.16,09:30:00,09:30:10,60.0,80.0,Week3_Behaviour_Dataset/data/videos/Unibo_scan_windows_clean.mp4
scan_09_30,306,1805,72.2,12.2,09:30:00,09:30:10,60.0,80.0,Week3_Behaviour_Dataset/data/videos/Unibo_scan_windows_clean.mp4
scan_09_30,307,1806,72.24,12.24,09:30:00,09:30:10,60.0,80.0,Week3_Behaviour_Dataset/data/videos/Unibo_scan_windows_clean.mp4
scan_09_30,308,1807,72.28,12.28,09:30:00,09:30:10,60.0,80.0,Week3_Behaviour_Dataset/data/videos/Unibo_scan_windows_clean.mp4
scan_09_30,309,1808,72.32,12.32,09:30:00,09:30:10,60.0,80.0,Week3_Behaviour_Dataset/data/videos/Unibo_scan_windows_clean.mp4
scan_09_30,310,1809,72.36,12.36,09:30:00,09:30:10,60.0,80.0,Week3_Behaviour_Dataset/data/videos/Unibo_scan_windows_clean.mp4
scan_09_30,311,1810,72.4,12.4,09:30:00,09:30:10,60.0,80.0,Week3_Behaviour_Dataset/data/videos/Unibo_scan_windows_clean.mp4
scan_09_30,312,1811,72.44,12.44,09:30:00,09:30:10,60.0,80.0,Week3_Behaviour_Dataset/data/videos/Unibo_scan_windows_clean.mp4
scan_09_30,313,1812,72.48,12.48,09:30:00,09:30:10,60.0,80.0,Week3_Behaviour_Dataset/data/videos/Unibo_scan_windows_clean.mp4
scan_09_30,314,1813,72.52,12.52,09:30:00,09:30:10,60.0,80.0,Week3_Behaviour_Dataset/data/videos/Unibo_scan_windows_clean.mp4
scan_09_30,315,1814,72.56,12.56,09:30:00,09:30:10,60.0,80.0,Week3_Behaviour_Dataset/data/videos/Unibo_scan_windows_clean.mp4
scan_09_30,316,1815,72.6,12.6,09:30:00,09:30:10,60.0,80.0,Week3_Behaviour_Dataset/data/videos/Unibo_scan_windows_clean.mp4
scan_09_30,317,1816,72.64,12.64,09:30:00,09:30:10,60.0,80.0,Week3_Behaviour_Dataset/data/videos/Unibo_scan_windows_clean.mp4
scan_09_30,318,1817,72.68,12.68,09:30:00,09:30:10,60.0,80.0,Week3_Behaviour_Dataset/data/videos/Unibo_scan_windows_clean.mp4
scan_09_30,319,1818,72.72,12.72,09:30:00,09:30:10,60.0,80.0,Week3_Behaviour_Dataset/data/videos/Unibo_scan_windows_clean.mp4
scan_09_30,320,1819,72.76,12.76,09:30:00,09:30:10,60.0,80.0,Week3_Behaviour_Dataset/data/videos/Unibo_scan_windows_clean.mp4
scan_09_30,321,1820,72.8,12.8,09:30:00,09:30:10,60.0,80.0,Week3_Behaviour_Dataset/data/videos/Unibo_scan_windows_clean.mp4
scan_09_30,322,1821,72.84,12.84,09:30:00,09:30:10,60.0,80.0,Week3_Behaviour_Dataset/data/videos/Unibo_scan_windows_clean.mp4
scan_09_30,323,1822,72.88,12.88,09:30:00,09:30:10,60.0,80.0,Week3_Behaviour_Dataset/data/videos/Unibo_scan_windows_clean.mp4
scan_09_30,324,1823,72.92,12.92,09:30:00,09:30:10,60.0,80.0,Week3_Behaviour_Dataset/data/videos/Unibo_scan_windows_clean.mp4
scan_09_30,325,1824,72.96,12.96,09:30:00,09:30:10,60.0,80.0,Week3_Behaviour_Dataset/data/videos/Unibo_scan_windows_clean.mp4
scan_09_30,326,1825,73.0,13.0,09:30:00,09:30:10,60.0,80.0,Week3_Behaviour_Dataset/data/videos/Unibo_scan_windows_clean.mp4
scan_09_30,327,1826,73.04,13.04,09:30:00,09:30:10,60.0,80.0,Week3_Behaviour_Dataset/data/videos/Unibo_scan_windows_clean.mp4
scan_09_30,328,1827,73.08,13.08,09:30:00,09:30:10,60.0,80.0,Week3_Behaviour_Dataset/data/videos/Unibo_scan_windows_clean.mp4
scan_09_30,329,1828,73.12,13.12,09:30:00,09:30:10,60.0,80.0,Week3_Behaviour_Dataset/data/videos/Unibo_scan_windows_clean.mp4
scan_09_30,330,1829,73.16,13.16,09:30:00,09:30:10,60.0,80.0,Week3_Behaviour_Dataset/data/videos/Unibo_scan_windows_clean.mp4
scan_09_30,331,1830,73.2,13.2,09:30:00,09:30:10,60.0,80.0,Week3_Behaviour_Dataset/data/videos/Unibo_scan_windows_clean.mp4
scan_09_30,332,1831,73.24,13.24,09:30:00,09:30:10,60.0,80.0,Week3_Behaviour_Dataset/data/videos/Unibo_scan_windows_clean.mp4
scan_09_30,333,1832,73.28,13.28,09:30:00,09:30:10,60.0,80.0,Week3_Behaviour_Dataset/data/videos/Unibo_scan_windows_clean.mp4
scan_09_30,334,1833,73.32,13.32,09:30:00,09:30:10,60.0,80.0,Week3_Behaviour_Dataset/data/videos/Unibo_scan_windows_clean.mp4
scan_09_30,335,1834,73.36,13.36,09:30:00,09:30:10,60.0,80.0,Week3_Behaviour_Dataset/data/videos/Unibo_scan_windows_clean.mp4
scan_09_30,336,1835,73.4,13.4,09:30:00,09:30:10,60.0,80.0,Week3_Behaviour_Dataset/data/videos/Unibo_scan_windows_clean.mp4
scan_09_30,337,1836,73.44,13.44,09:30:00,09:30:10,60.0,80.0,Week3_Behaviour_Dataset/data/videos/Unibo_scan_windows_clean.mp4
scan_09_30,338,1837,73.48,13.48,09:30:00,09:30:10,60.0,80.0,Week3_Behaviour_Dataset/data/videos/Unibo_scan_windows_clean.mp4
scan_09_30,339,1838,73.52,13.52,09:30:00,09:30:10,60.0,80.0,Week3_Behaviour_Dataset/data/videos/Unibo_scan_windows_clean.mp4
scan_09_30,340,1839,73.56,13.56,09:30:00,09:30:10,60.0,80.0,Week3_Behaviour_Dataset/data/videos/Unibo_scan_windows_clean.mp4
scan_09_30,341,1840,73.6,13.6,09:30:00,09:30:10,60.0,80.0,Week3_Behaviour_Dataset/data/videos/Unibo_scan_windows_clean.mp4
scan_09_30,342,1841,73.64,13.64,09:30:00,09:30:10,60.0,80.0,Week3_Behaviour_Dataset/data/videos/Unibo_scan_windows_clean.mp4
scan_09_30,343,1842,73.68,13.68,09:30:00,09:30:10,60.0,80.0,Week3_Behaviour_Dataset/data/videos/Unibo_scan_windows_clean.mp4
scan_09_30,344,1843,73.72,13.72,09:30:00,09:30:10,60.0,80.0,Week3_Behaviour_Dataset/data/videos/Unibo_scan_windows_clean.mp4
scan_09_30,345,1844,73.76,13.76,09:30:00,09:30:10,60.0,80.0,Week3_Behaviour_Dataset/data/videos/Unibo_scan_windows_clean.mp4
scan_09_30,346,1845,73.8,13.8,09:30:00,09:30:10,60.0,80.0,Week3_Behaviour_Dataset/data/videos/Unibo_scan_windows_clean.mp4
scan_09_30,347,1846,73.84,13.84,09:30:00,09:30:10,60.0,80.0,Week3_Behaviour_Dataset/data/videos/Unibo_scan_windows_clean.mp4
scan_09_30,348,1847,73.88,13.88,09:30:00,09:30:10,60.0,80.0,Week3_Behaviour_Dataset/data/videos/Unibo_scan_windows_clean.mp4
scan_09_30,349,1848,73.92,13.92,09:30:00,09:30:10,60.0,80.0,Week3_Behaviour_Dataset/data/videos/Unibo_scan_windows_clean.mp4
scan_09_30,350,1849,73.96,13.96,09:30:00,09:30:10,60.0,80.0,Week3_Behaviour_Dataset/data/videos/Unibo_scan_windows_clean.mp4
scan_09_30,351,1850,74.0,14.0,09:30:00,09:30:10,60.0,80.0,Week3_Behaviour_Dataset/data/videos/Unibo_scan_windows_clean.mp4
scan_09_30,352,1851,74.04,14.04,09:30:00,09:30:10,60.0,80.0,Week3_Behaviour_Dataset/data/videos/Unibo_scan_windows_clean.mp4
scan_09_30,353,1852,74.08,14.08,09:30:00,09:30:10,60.0,80.0,Week3_Behaviour_Dataset/data/videos/Unibo_scan_windows_clean.mp4
scan_09_30,354,1853,74.12,14.12,09:30:00,09:30:10,60.0,80.0,Week3_Behaviour_Dataset/data/videos/Unibo_scan_windows_clean.mp4
scan_09_30,355,1854,74.16,14.16,09:30:00,09:30:10,60.0,80.0,Week3_Behaviour_Dataset/data/videos/Unibo_scan_windows_clean.mp4
scan_09_30,356,1855,74.2,14.2,09:30:00,09:30:10,60.0,80.0,Week3_Behaviour_Dataset/data/videos/Unibo_scan_windows_clean.mp4
scan_09_30,357,1856,74.24,14.24,09:30:00,09:30:10,60.0,80.0,Week3_Behaviour_Dataset/data/videos/Unibo_scan_windows_clean.mp4
scan_09_30,358,1857,74.28,14.28,09:30:00,09:30:10,60.0,80.0,Week3_Behaviour_Dataset/data/videos/Unibo_scan_windows_clean.mp4
scan_09_30,359,1858,74.32,14.32,09:30:00,09:30:10,60.0,80.0,Week3_Behaviour_Dataset/data/videos/Unibo_scan_windows_clean.mp4
scan_09_30,360,1859,74.36,14.36,09:30:00,09:30:10,60.0,80.0,Week3_Behaviour_Dataset/data/videos/Unibo_scan_windows_clean.mp4
scan_09_30,361,1860,74.4,14.4,09:30:00,09:30:10,60.0,80.0,Week3_Behaviour_Dataset/data/videos/Unibo_scan_windows_clean.mp4
scan_09_30,362,1861,74.44,14.44,09:30:00,09:30:10,60.0,80.0,Week3_Behaviour_Dataset/data/videos/Unibo_scan_windows_clean.mp4
scan_09_30,363,1862,74.48,14.48,09:30:00,09:30:10,60.0,80.0,Week3_Behaviour_Dataset/data/videos/Unibo_scan_windows_clean.mp4
scan_09_30,364,1863,74.52,14.52,09:30:00,09:30:10,60.0,80.0,Week3_Behaviour_Dataset/data/videos/Unibo_scan_windows_clean.mp4
scan_09_30,365,1864,74.56,14.56,09:30:00,09:30:10,60.0,80.0,Week3_Behaviour_Dataset/data/videos/Unibo_scan_windows_clean.mp4
scan_09_30,366,1865,74.6,14.6,09:30:00,09:30:10,60.0,80.0,Week3_Behaviour_Dataset/data/videos/Unibo_scan_windows_clean.mp4
scan_09_30,367,1866,74.64,14.64,09:30:00,09:30:10,60.0,80.0,Week3_Behaviour_Dataset/data/videos/Unibo_scan_windows_clean.mp4
scan_09_30,368,1867,74.68,14.68,09:30:00,09:30:10,60.0,80.0,Week3_Behaviour_Dataset/data/videos/Unibo_scan_windows_clean.mp4
scan_09_30,369,1868,74.72,14.72,09:30:00,09:30:10,60.0,80.0,Week3_Behaviour_Dataset/data/videos/Unibo_scan_windows_clean.mp4
scan_09_30,370,1869,74.76,14.76,09:30:00,09:30:10,60.0,80.0,Week3_Behaviour_Dataset/data/videos/Unibo_scan_windows_clean.mp4
scan_09_30,371,1870,74.8,14.8,09:30:00,09:30:10,60.0,80.0,Week3_Behaviour_Dataset/data/videos/Unibo_scan_windows_clean.mp4
scan_09_30,372,1871,74.84,14.84,09:30:00,09:30:10,60.0,80.0,Week3_Behaviour_Dataset/data/videos/Unibo_scan_windows_clean.mp4
scan_09_30,373,1872,74.88,14.88,09:30:00,09:30:10,60.0,80.0,Week3_Behaviour_Dataset/data/videos/Unibo_scan_windows_clean.mp4
scan_09_30,374,1873,74.92,14.92,09:30:00,09:30:10,60.0,80.0,Week3_Behaviour_Dataset/data/videos/Unibo_scan_windows_clean.mp4
scan_09_30,375,1874,74.96,14.96,09:30:00,09:30:10,60.0,80.0,Week3_Behaviour_Dataset/data/videos/Unibo_scan_windows_clean.mp4
scan_09_30,376,1875,75.0,15.0,09:30:00,09:30:10,60.0,80.0,Week3_Behaviour_Dataset/data/videos/Unibo_scan_windows_clean.mp4
scan_09_30,377,1876,75.04,15.04,09:30:00,09:30:10,60.0,80.0,Week3_Behaviour_Dataset/data/videos/Unibo_scan_windows_clean.mp4
scan_09_30,378,1877,75.08,15.08,09:30:00,09:30:10,60.0,80.0,Week3_Behaviour_Dataset/data/videos/Unibo_scan_windows_clean.mp4
scan_09_30,379,1878,75.12,15.12,09:30:00,09:30:10,60.0,80.0,Week3_Behaviour_Dataset/data/videos/Unibo_scan_windows_clean.mp4
scan_09_30,380,1879,75.16,15.16,09:30:00,09:30:10,60.0,80.0,Week3_Behaviour_Dataset/data/videos/Unibo_scan_windows_clean.mp4
scan_09_30,381,1880,75.2,15.2,09:30:00,09:30:10,60.0,80.0,Week3_Behaviour_Dataset/data/videos/Unibo_scan_windows_clean.mp4
scan_09_30,382,1881,75.24,15.24,09:30:00,09:30:10,60.0,80.0,Week3_Behaviour_Dataset/data/videos/Unibo_scan_windows_clean.mp4
scan_09_30,383,1882,75.28,15.28,09:30:00,09:30:10,60.0,80.0,Week3_Behaviour_Dataset/data/videos/Unibo_scan_windows_clean.mp4
scan_09_30,384,1883,75.32,15.32,09:30:00,09:30:10,60.0,80.0,Week3_Behaviour_Dataset/data/videos/Unibo_scan_windows_clean.mp4
scan_09_30,385,1884,75.36,15.36,09:30:00,09:30:10,60.0,80.0,Week3_Behaviour_Dataset/data/videos/Unibo_scan_windows_clean.mp4
scan_09_30,386,1885,75.4,15.4,09:30:00,09:30:10,60.0,80.0,Week3_Behaviour_Dataset/data/videos/Unibo_scan_windows_clean.mp4
scan_09_30,387,1886,75.44,15.44,09:30:00,09:30:10,60.0,80.0,Week3_Behaviour_Dataset/data/videos/Unibo_scan_windows_clean.mp4
scan_09_30,388,1887,75.48,15.48,09:30:00,09:30:10,60.0,80.0,Week3_Behaviour_Dataset/data/videos/Unibo_scan_windows_clean.mp4
scan_09_30,389,1888,75.52,15.52,09:30:00,09:30:10,60.0,80.0,Week3_Behaviour_Dataset/data/videos/Unibo_scan_windows_clean.mp4
scan_09_30,390,1889,75.56,15.56,09:30:00,09:30:10,60.0,80.0,Week3_Behaviour_Dataset/data/videos/Unibo_scan_windows_clean.mp4
scan_09_30,391,1890,75.6,15.6,09:30:00,09:30:10,60.0,80.0,Week3_Behaviour_Dataset/data/videos/Unibo_scan_windows_clean.mp4
scan_09_30,392,1891,75.64,15.64,09:30:00,09:30:10,60.0,80.0,Week3_Behaviour_Dataset/data/videos/Unibo_scan_windows_clean.mp4
scan_09_30,393,1892,75.68,15.68,09:30:00,09:30:10,60.0,80.0,Week3_Behaviour_Dataset/data/videos/Unibo_scan_windows_clean.mp4
scan_09_30,394,1893,75.72,15.72,09:30:00,09:30:10,60.0,80.0,Week3_Behaviour_Dataset/data/videos/Unibo_scan_windows_clean.mp4
scan_09_30,395,1894,75.76,15.76,09:30:00,09:30:10,60.0,80.0,Week3_Behaviour_Dataset/data/videos/Unibo_scan_windows_clean.mp4
scan_09_30,396,1895,75.8,15.8,09:30:00,09:30:10,60.0,80.0,Week3_Behaviour_Dataset/data/videos/Unibo_scan_windows_clean.mp4
scan_09_30,397,1896,75.84,15.84,09:30:00,09:30:10,60.0,80.0,Week3_Behaviour_Dataset/data/videos/Unibo_scan_windows_clean.mp4
scan_09_30,398,1897,75.88,15.88,09:30:00,09:30:10,60.0,80.0,Week3_Behaviour_Dataset/data/videos/Unibo_scan_windows_clean.mp4
scan_09_30,399,1898,75.92,15.92,09:30:00,09:30:10,60.0,80.0,Week3_Behaviour_Dataset/data/videos/Unibo_scan_windows_clean.mp4
scan_09_30,400,1899,75.96,15.96,09:30:00,09:30:10,60.0,80.0,Week3_Behaviour_Dataset/data/videos/Unibo_scan_windows_clean.mp4
scan_09_30,401,1900,76.0,16.0,09:30:00,09:30:10,60.0,80.0,Week3_Behaviour_Dataset/data/videos/Unibo_scan_windows_clean.mp4
scan_09_30,402,1901,76.04,16.04,09:30:00,09:30:10,60.0,80.0,Week3_Behaviour_Dataset/data/videos/Unibo_scan_windows_clean.mp4
scan_09_30,403,1902,76.08,16.08,09:30:00,09:30:10,60.0,80.0,Week3_Behaviour_Dataset/data/videos/Unibo_scan_windows_clean.mp4
scan_09_30,404,1903,76.12,16.12,09:30:00,09:30:10,60.0,80.0,Week3_Behaviour_Dataset/data/videos/Unibo_scan_windows_clean.mp4
scan_09_30,405,1904,76.16,16.16,09:30:00,09:30:10,60.0,80.0,Week3_Behaviour_Dataset/data/videos/Unibo_scan_windows_clean.mp4
scan_09_30,406,1905,76.2,16.2,09:30:00,09:30:10,60.0,80.0,Week3_Behaviour_Dataset/data/videos/Unibo_scan_windows_clean.mp4
scan_09_30,407,1906,76.24,16.24,09:30:00,09:30:10,60.0,80.0,Week3_Behaviour_Dataset/data/videos/Unibo_scan_windows_clean.mp4
scan_09_30,408,1907,76.28,16.28,09:30:00,09:30:10,60.0,80.0,Week3_Behaviour_Dataset/data/videos/Unibo_scan_windows_clean.mp4
scan_09_30,409,1908,76.32,16.32,09:30:00,09:30:10,60.0,80.0,Week3_Behaviour_Dataset/data/videos/Unibo_scan_windows_clean.mp4
scan_09_30,410,1909,76.36,16.36,09:30:00,09:30:10,60.0,80.0,Week3_Behaviour_Dataset/data/videos/Unibo_scan_windows_clean.mp4
scan_09_30,411,1910,76.4,16.4,09:30:00,09:30:10,60.0,80.0,Week3_Behaviour_Dataset/data/videos/Unibo_scan_windows_clean.mp4
scan_09_30,412,1911,76.44,16.44,09:30:00,09:30:10,60.0,80.0,Week3_Behaviour_Dataset/data/videos/Unibo_scan_windows_clean.mp4
scan_09_30,413,1912,76.48,16.48,09:30:00,09:30:10,60.0,80.0,Week3_Behaviour_Dataset/data/videos/Unibo_scan_windows_clean.mp4
scan_09_30,414,1913,76.52,16.52,09:30:00,09:30:10,60.0,80.0,Week3_Behaviour_Dataset/data/videos/Unibo_scan_windows_clean.mp4
scan_09_30,415,1914,76.56,16.56,09:30:00,09:30:10,60.0,80.0,Week3_Behaviour_Dataset/data/videos/Unibo_scan_windows_clean.mp4
scan_09_30,416,1915,76.6,16.6,09:30:00,09:30:10,60.0,80.0,Week3_Behaviour_Dataset/data/videos/Unibo_scan_windows_clean.mp4
scan_09_30,417,1916,76.64,16.64,09:30:00,09:30:10,60.0,80.0,Week3_Behaviour_Dataset/data/videos/Unibo_scan_windows_clean.mp4
scan_09_30,418,1917,76.68,16.68,09:30:00,09:30:10,60.0,80.0,Week3_Behaviour_Dataset/data/videos/Unibo_scan_windows_clean.mp4
scan_09_30,419,1918,76.72,16.72,09:30:00,09:30:10,60.0,80.0,Week3_Behaviour_Dataset/data/videos/Unibo_scan_windows_clean.mp4
scan_09_30,420,1919,76.76,16.76,09:30:00,09:30:10,60.0,80.0,Week3_Behaviour_Dataset/data/videos/Unibo_scan_windows_clean.mp4
scan_09_30,421,1920,76.8,16.8,09:30:00,09:30:10,60.0,80.0,Week3_Behaviour_Dataset/data/videos/Unibo_scan_windows_clean.mp4
scan_09_30,422,1921,76.84,16.84,09:30:00,09:30:10,60.0,80.0,Week3_Behaviour_Dataset/data/videos/Unibo_scan_windows_clean.mp4
scan_09_30,423,1922,76.88,16.88,09:30:00,09:30:10,60.0,80.0,Week3_Behaviour_Dataset/data/videos/Unibo_scan_windows_clean.mp4
scan_09_30,424,1923,76.92,16.92,09:30:00,09:30:10,60.0,80.0,Week3_Behaviour_Dataset/data/videos/Unibo_scan_windows_clean.mp4
scan_09_30,425,1924,76.96,16.96,09:30:00,09:30:10,60.0,80.0,Week3_Behaviour_Dataset/data/videos/Unibo_scan_windows_clean.mp4
scan_09_30,426,1925,77.0,17.0,09:30:00,09:30:10,60.0,80.0,Week3_Behaviour_Dataset/data/videos/Unibo_scan_windows_clean.mp4
scan_09_30,427,1926,77.04,17.04,09:30:00,09:30:10,60.0,80.0,Week3_Behaviour_Dataset/data/videos/Unibo_scan_windows_clean.mp4
scan_09_30,428,1927,77.08,17.08,09:30:00,09:30:10,60.0,80.0,Week3_Behaviour_Dataset/data/videos/Unibo_scan_windows_clean.mp4
scan_09_30,429,1928,77.12,17.12,09:30:00,09:30:10,60.0,80.0,Week3_Behaviour_Dataset/data/videos/Unibo_scan_windows_clean.mp4
scan_09_30,430,1929,77.16,17.16,09:30:00,09:30:10,60.0,80.0,Week3_Behaviour_Dataset/data/videos/Unibo_scan_windows_clean.mp4
scan_09_30,431,1930,77.2,17.2,09:30:00,09:30:10,60.0,80.0,Week3_Behaviour_Dataset/data/videos/Unibo_scan_windows_clean.mp4
scan_09_30,432,1931,77.24,17.24,09:30:00,09:30:10,60.0,80.0,Week3_Behaviour_Dataset/data/videos/Unibo_scan_windows_clean.mp4
scan_09_30,433,1932,77.28,17.28,09:30:00,09:30:10,60.0,80.0,Week3_Behaviour_Dataset/data/videos/Unibo_scan_windows_clean.mp4
scan_09_30,434,1933,77.32,17.32,09:30:00,09:30:10,60.0,80.0,Week3_Behaviour_Dataset/data/videos/Unibo_scan_windows_clean.mp4
scan_09_30,435,1934,77.36,17.36,09:30:00,09:30:10,60.0,80.0,Week3_Behaviour_Dataset/data/videos/Unibo_scan_windows_clean.mp4
scan_09_30,436,1935,77.4,17.4,09:30:00,09:30:10,60.0,80.0,Week3_Behaviour_Dataset/data/videos/Unibo_scan_windows_clean.mp4
scan_09_30,437,1936,77.44,17.44,09:30:00,09:30:10,60.0,80.0,Week3_Behaviour_Dataset/data/videos/Unibo_scan_windows_clean.mp4
scan_09_30,438,1937,77.48,17.48,09:30:00,09:30:10,60.0,80.0,Week3_Behaviour_Dataset/data/videos/Unibo_scan_windows_clean.mp4
scan_09_30,439,1938,77.52,17.52,09:30:00,09:30:10,60.0,80.0,Week3_Behaviour_Dataset/data/videos/Unibo_scan_windows_clean.mp4
scan_09_30,440,1939,77.56,17.56,09:30:00,09:30:10,60.0,80.0,Week3_Behaviour_Dataset/data/videos/Unibo_scan_windows_clean.mp4
scan_09_30,441,1940,77.6,17.6,09:30:00,09:30:10,60.0,80.0,Week3_Behaviour_Dataset/data/videos/Unibo_scan_windows_clean.mp4
scan_09_30,442,1941,77.64,17.64,09:30:00,09:30:10,60.0,80.0,Week3_Behaviour_Dataset/data/videos/Unibo_scan_windows_clean.mp4
scan_09_30,443,1942,77.68,17.68,09:30:00,09:30:10,60.0,80.0,Week3_Behaviour_Dataset/data/videos/Unibo_scan_windows_clean.mp4
scan_09_30,444,1943,77.72,17.72,09:30:00,09:30:10,60.0,80.0,Week3_Behaviour_Dataset/data/videos/Unibo_scan_windows_clean.mp4
scan_09_30,445,1944,77.76,17.76,09:30:00,09:30:10,60.0,80.0,Week3_Behaviour_Dataset/data/videos/Unibo_scan_windows_clean.mp4
scan_09_30,446,1945,77.8,17.8,09:30:00,09:30:10,60.0,80.0,Week3_Behaviour_Dataset/data/videos/Unibo_scan_windows_clean.mp4
scan_09_30,447,1946,77.84,17.84,09:30:00,09:30:10,60.0,80.0,Week3_Behaviour_Dataset/data/videos/Unibo_scan_windows_clean.mp4
scan_09_30,448,1947,77.88,17.88,09:30:00,09:30:10,60.0,80.0,Week3_Behaviour_Dataset/data/videos/Unibo_scan_windows_clean.mp4
scan_09_30,449,1948,77.92,17.92,09:30:00,09:30:10,60.0,80.0,Week3_Behaviour_Dataset/data/videos/Unibo_scan_windows_clean.mp4
scan_09_30,450,1949,77.96,17.96,09:30:00,09:30:10,60.0,80.0,Week3_Behaviour_Dataset/data/videos/Unibo_scan_windows_clean.mp4
scan_09_30,451,1950,78.0,18.0,09:30:00,09:30:10,60.0,80.0,Week3_Behaviour_Dataset/data/videos/Unibo_scan_windows_clean.mp4
scan_09_30,452,1951,78.04,18.04,09:30:00,09:30:10,60.0,80.0,Week3_Behaviour_Dataset/data/videos/Unibo_scan_windows_clean.mp4
scan_09_30,453,1952,78.08,18.08,09:30:00,09:30:10,60.0,80.0,Week3_Behaviour_Dataset/data/videos/Unibo_scan_windows_clean.mp4
scan_09_30,454,1953,78.12,18.12,09:30:00,09:30:10,60.0,80.0,Week3_Behaviour_Dataset/data/videos/Unibo_scan_windows_clean.mp4
scan_09_30,455,1954,78.16,18.16,09:30:00,09:30:10,60.0,80.0,Week3_Behaviour_Dataset/data/videos/Unibo_scan_windows_clean.mp4
scan_09_30,456,1955,78.2,18.2,09:30:00,09:30:10,60.0,80.0,Week3_Behaviour_Dataset/data/videos/Unibo_scan_windows_clean.mp4
scan_09_30,457,1956,78.24,18.24,09:30:00,09:30:10,60.0,80.0,Week3_Behaviour_Dataset/data/videos/Unibo_scan_windows_clean.mp4
scan_09_30,458,1957,78.28,18.28,09:30:00,09:30:10,60.0,80.0,Week3_Behaviour_Dataset/data/videos/Unibo_scan_windows_clean.mp4
scan_09_30,459,1958,78.32,18.32,09:30:00,09:30:10,60.0,80.0,Week3_Behaviour_Dataset/data/videos/Unibo_scan_windows_clean.mp4
scan_09_30,460,1959,78.36,18.36,09:30:00,09:30:10,60.0,80.0,Week3_Behaviour_Dataset/data/videos/Unibo_scan_windows_clean.mp4
scan_09_30,461,1960,78.4,18.4,09:30:00,09:30:10,60.0,80.0,Week3_Behaviour_Dataset/data/videos/Unibo_scan_windows_clean.mp4
scan_09_30,462,1961,78.44,18.44,09:30:00,09:30:10,60.0,80.0,Week3_Behaviour_Dataset/data/videos/Unibo_scan_windows_clean.mp4
scan_09_30,463,1962,78.48,18.48,09:30:00,09:30:10,60.0,80.0,Week3_Behaviour_Dataset/data/videos/Unibo_scan_windows_clean.mp4
scan_09_30,464,1963,78.52,18.52,09:30:00,09:30:10,60.0,80.0,Week3_Behaviour_Dataset/data/videos/Unibo_scan_windows_clean.mp4
scan_09_30,465,1964,78.56,18.56,09:30:00,09:30:10,60.0,80.0,Week3_Behaviour_Dataset/data/videos/Unibo_scan_windows_clean.mp4
scan_09_30,466,1965,78.6,18.6,09:30:00,09:30:10,60.0,80.0,Week3_Behaviour_Dataset/data/videos/Unibo_scan_windows_clean.mp4
scan_09_30,467,1966,78.64,18.64,09:30:00,09:30:10,60.0,80.0,Week3_Behaviour_Dataset/data/videos/Unibo_scan_windows_clean.mp4
scan_09_30,468,1967,78.68,18.68,09:30:00,09:30:10,60.0,80.0,Week3_Behaviour_Dataset/data/videos/Unibo_scan_windows_clean.mp4
scan_09_30,469,1968,78.72,18.72,09:30:00,09:30:10,60.0,80.0,Week3_Behaviour_Dataset/data/videos/Unibo_scan_windows_clean.mp4
scan_09_30,470,1969,78.76,18.76,09:30:00,09:30:10,60.0,80.0,Week3_Behaviour_Dataset/data/videos/Unibo_scan_windows_clean.mp4
scan_09_30,471,1970,78.8,18.8,09:30:00,09:30:10,60.0,80.0,Week3_Behaviour_Dataset/data/videos/Unibo_scan_windows_clean.mp4
scan_09_30,472,1971,78.84,18.84,09:30:00,09:30:10,60.0,80.0,Week3_Behaviour_Dataset/data/videos/Unibo_scan_windows_clean.mp4
scan_09_30,473,1972,78.88,18.88,09:30:00,09:30:10,60.0,80.0,Week3_Behaviour_Dataset/data/videos/Unibo_scan_windows_clean.mp4
scan_09_30,474,1973,78.92,18.92,09:30:00,09:30:10,60.0,80.0,Week3_Behaviour_Dataset/data/videos/Unibo_scan_windows_clean.mp4
scan_09_30,475,1974,78.96,18.96,09:30:00,09:30:10,60.0,80.0,Week3_Behaviour_Dataset/data/videos/Unibo_scan_windows_clean.mp4
scan_09_30,476,1975,79.0,19.0,09:30:00,09:30:10,60.0,80.0,Week3_Behaviour_Dataset/data/videos/Unibo_scan_windows_clean.mp4
scan_09_30,477,1976,79.04,19.04,09:30:00,09:30:10,60.0,80.0,Week3_Behaviour_Dataset/data/videos/Unibo_scan_windows_clean.mp4
scan_09_30,478,1977,79.08,19.08,09:30:00,09:30:10,60.0,80.0,Week3_Behaviour_Dataset/data/videos/Unibo_scan_windows_clean.mp4
scan_09_30,479,1978,79.12,19.12,09:30:00,09:30:10,60.0,80.0,Week3_Behaviour_Dataset/data/videos/Unibo_scan_windows_clean.mp4
scan_09_30,480,1979,79.16,19.16,09:30:00,09:30:10,60.0,80.0,Week3_Behaviour_Dataset/data/videos/Unibo_scan_windows_clean.mp4
scan_09_30,481,1980,79.2,19.2,09:30:00,09:30:10,60.0,80.0,Week3_Behaviour_Dataset/data/videos/Unibo_scan_windows_clean.mp4
scan_09_30,482,1981,79.24,19.24,09:30:00,09:30:10,60.0,80.0,Week3_Behaviour_Dataset/data/videos/Unibo_scan_windows_clean.mp4
scan_09_30,483,1982,79.28,19.28,09:30:00,09:30:10,60.0,80.0,Week3_Behaviour_Dataset/data/videos/Unibo_scan_windows_clean.mp4
scan_09_30,484,1983,79.32,19.32,09:30:00,09:30:10,60.0,80.0,Week3_Behaviour_Dataset/data/videos/Unibo_scan_windows_clean.mp4
scan_09_30,485,1984,79.36,19.36,09:30:00,09:30:10,60.0,80.0,Week3_Behaviour_Dataset/data/videos/Unibo_scan_windows_clean.mp4
scan_09_30,486,1985,79.4,19.4,09:30:00,09:30:10,60.0,80.0,Week3_Behaviour_Dataset/data/videos/Unibo_scan_windows_clean.mp4
scan_09_30,487,1986,79.44,19.44,09:30:00,09:30:10,60.0,80.0,Week3_Behaviour_Dataset/data/videos/Unibo_scan_windows_clean.mp4
scan_09_30,488,1987,79.48,19.48,09:30:00,09:30:10,60.0,80.0,Week3_Behaviour_Dataset/data/videos/Unibo_scan_windows_clean.mp4
scan_09_30,489,1988,79.52,19.52,09:30:00,09:30:10,60.0,80.0,Week3_Behaviour_Dataset/data/videos/Unibo_scan_windows_clean.mp4
scan_09_30,490,1989,79.56,19.56,09:30:00,09:30:10,60.0,80.0,Week3_Behaviour_Dataset/data/videos/Unibo_scan_windows_clean.mp4
scan_09_30,491,1990,79.6,19.6,09:30:00,09:30:10,60.0,80.0,Week3_Behaviour_Dataset/data/videos/Unibo_scan_windows_clean.mp4
scan_09_30,492,1991,79.64,19.64,09:30:00,09:30:10,60.0,80.0,Week3_Behaviour_Dataset/data/videos/Unibo_scan_windows_clean.mp4
scan_09_30,493,1992,79.68,19.68,09:30:00,09:30:10,60.0,80.0,Week3_Behaviour_Dataset/data/videos/Unibo_scan_windows_clean.mp4
scan_09_30,494,1993,79.72,19.72,09:30:00,09:30:10,60.0,80.0,Week3_Behaviour_Dataset/data/videos/Unibo_scan_windows_clean.mp4
scan_09_30,495,1994,79.76,19.76,09:30:00,09:30:10,60.0,80.0,Week3_Behaviour_Dataset/data/videos/Unibo_scan_windows_clean.mp4
scan_09_30,496,1995,79.8,19.8,09:30:00,09:30:10,60.0,80.0,Week3_Behaviour_Dataset/data/videos/Unibo_scan_windows_clean.mp4
scan_09_30,497,1996,79.84,19.84,09:30:00,09:30:10,60.0,80.0,Week3_Behaviour_Dataset/data/videos/Unibo_scan_windows_clean.mp4
scan_09_30,498,1997,79.88,19.88,09:30:00,09:30:10,60.0,80.0,Week3_Behaviour_Dataset/data/videos/Unibo_scan_windows_clean.mp4
scan_09_30,499,1998,79.92,19.92,09:30:00,09:30:10,60.0,80.0,Week3_Behaviour_Dataset/data/videos/Unibo_scan_windows_clean.mp4
scan_09_30,500,1999,79.96,19.96,09:30:00,09:30:10,60.0,80.0,Week3_Behaviour_Dataset/data/videos/Unibo_scan_windows_clean.mp4
scan_09_40,1,2000,80.0,0.0,09:40:00,09:40:10,80.0,100.0,Week3_Behaviour_Dataset/data/videos/Unibo_scan_windows_clean.mp4
scan_09_40,2,2001,80.04,0.04,09:40:00,09:40:10,80.0,100.0,Week3_Behaviour_Dataset/data/videos/Unibo_scan_windows_clean.mp4
scan_09_40,3,2002,80.08,0.08,09:40:00,09:40:10,80.0,100.0,Week3_Behaviour_Dataset/data/videos/Unibo_scan_windows_clean.mp4
scan_09_40,4,2003,80.12,0.12,09:40:00,09:40:10,80.0,100.0,Week3_Behaviour_Dataset/data/videos/Unibo_scan_windows_clean.mp4
scan_09_40,5,2004,80.16,0.16,09:40:00,09:40:10,80.0,100.0,Week3_Behaviour_Dataset/data/videos/Unibo_scan_windows_clean.mp4
scan_09_40,6,2005,80.2,0.2,09:40:00,09:40:10,80.0,100.0,Week3_Behaviour_Dataset/data/videos/Unibo_scan_windows_clean.mp4
scan_09_40,7,2006,80.24,0.24,09:40:00,09:40:10,80.0,100.0,Week3_Behaviour_Dataset/data/videos/Unibo_scan_windows_clean.mp4
scan_09_40,8,2007,80.28,0.28,09:40:00,09:40:10,80.0,100.0,Week3_Behaviour_Dataset/data/videos/Unibo_scan_windows_clean.mp4
scan_09_40,9,2008,80.32,0.32,09:40:00,09:40:10,80.0,100.0,Week3_Behaviour_Dataset/data/videos/Unibo_scan_windows_clean.mp4
scan_09_40,10,2009,80.36,0.36,09:40:00,09:40:10,80.0,100.0,Week3_Behaviour_Dataset/data/videos/Unibo_scan_windows_clean.mp4
scan_09_40,11,2010,80.4,0.4,09:40:00,09:40:10,80.0,100.0,Week3_Behaviour_Dataset/data/videos/Unibo_scan_windows_clean.mp4
scan_09_40,12,2011,80.44,0.44,09:40:00,09:40:10,80.0,100.0,Week3_Behaviour_Dataset/data/videos/Unibo_scan_windows_clean.mp4
scan_09_40,13,2012,80.48,0.48,09:40:00,09:40:10,80.0,100.0,Week3_Behaviour_Dataset/data/videos/Unibo_scan_windows_clean.mp4
scan_09_40,14,2013,80.52,0.52,09:40:00,09:40:10,80.0,100.0,Week3_Behaviour_Dataset/data/videos/Unibo_scan_windows_clean.mp4
scan_09_40,15,2014,80.56,0.56,09:40:00,09:40:10,80.0,100.0,Week3_Behaviour_Dataset/data/videos/Unibo_scan_windows_clean.mp4
scan_09_40,16,2015,80.6,0.6,09:40:00,09:40:10,80.0,100.0,Week3_Behaviour_Dataset/data/videos/Unibo_scan_windows_clean.mp4
scan_09_40,17,2016,80.64,0.64,09:40:00,09:40:10,80.0,100.0,Week3_Behaviour_Dataset/data/videos/Unibo_scan_windows_clean.mp4
scan_09_40,18,2017,80.68,0.68,09:40:00,09:40:10,80.0,100.0,Week3_Behaviour_Dataset/data/videos/Unibo_scan_windows_clean.mp4
scan_09_40,19,2018,80.72,0.72,09:40:00,09:40:10,80.0,100.0,Week3_Behaviour_Dataset/data/videos/Unibo_scan_windows_clean.mp4
scan_09_40,20,2019,80.76,0.76,09:40:00,09:40:10,80.0,100.0,Week3_Behaviour_Dataset/data/videos/Unibo_scan_windows_clean.mp4
scan_09_40,21,2020,80.8,0.8,09:40:00,09:40:10,80.0,100.0,Week3_Behaviour_Dataset/data/videos/Unibo_scan_windows_clean.mp4
scan_09_40,22,2021,80.84,0.84,09:40:00,09:40:10,80.0,100.0,Week3_Behaviour_Dataset/data/videos/Unibo_scan_windows_clean.mp4
scan_09_40,23,2022,80.88,0.88,09:40:00,09:40:10,80.0,100.0,Week3_Behaviour_Dataset/data/videos/Unibo_scan_windows_clean.mp4
scan_09_40,24,2023,80.92,0.92,09:40:00,09:40:10,80.0,100.0,Week3_Behaviour_Dataset/data/videos/Unibo_scan_windows_clean.mp4
scan_09_40,25,2024,80.96,0.96,09:40:00,09:40:10,80.0,100.0,Week3_Behaviour_Dataset/data/videos/Unibo_scan_windows_clean.mp4
scan_09_40,26,2025,81.0,1.0,09:40:00,09:40:10,80.0,100.0,Week3_Behaviour_Dataset/data/videos/Unibo_scan_windows_clean.mp4
scan_09_40,27,2026,81.04,1.04,09:40:00,09:40:10,80.0,100.0,Week3_Behaviour_Dataset/data/videos/Unibo_scan_windows_clean.mp4
scan_09_40,28,2027,81.08,1.08,09:40:00,09:40:10,80.0,100.0,Week3_Behaviour_Dataset/data/videos/Unibo_scan_windows_clean.mp4
scan_09_40,29,2028,81.12,1.12,09:40:00,09:40:10,80.0,100.0,Week3_Behaviour_Dataset/data/videos/Unibo_scan_windows_clean.mp4
scan_09_40,30,2029,81.16,1.16,09:40:00,09:40:10,80.0,100.0,Week3_Behaviour_Dataset/data/videos/Unibo_scan_windows_clean.mp4
scan_09_40,31,2030,81.2,1.2,09:40:00,09:40:10,80.0,100.0,Week3_Behaviour_Dataset/data/videos/Unibo_scan_windows_clean.mp4
scan_09_40,32,2031,81.24,1.24,09:40:00,09:40:10,80.0,100.0,Week3_Behaviour_Dataset/data/videos/Unibo_scan_windows_clean.mp4
scan_09_40,33,2032,81.28,1.28,09:40:00,09:40:10,80.0,100.0,Week3_Behaviour_Dataset/data/videos/Unibo_scan_windows_clean.mp4
scan_09_40,34,2033,81.32,1.32,09:40:00,09:40:10,80.0,100.0,Week3_Behaviour_Dataset/data/videos/Unibo_scan_windows_clean.mp4
scan_09_40,35,2034,81.36,1.36,09:40:00,09:40:10,80.0,100.0,Week3_Behaviour_Dataset/data/videos/Unibo_scan_windows_clean.mp4
scan_09_40,36,2035,81.4,1.4,09:40:00,09:40:10,80.0,100.0,Week3_Behaviour_Dataset/data/videos/Unibo_scan_windows_clean.mp4
scan_09_40,37,2036,81.44,1.44,09:40:00,09:40:10,80.0,100.0,Week3_Behaviour_Dataset/data/videos/Unibo_scan_windows_clean.mp4
scan_09_40,38,2037,81.48,1.48,09:40:00,09:40:10,80.0,100.0,Week3_Behaviour_Dataset/data/videos/Unibo_scan_windows_clean.mp4
scan_09_40,39,2038,81.52,1.52,09:40:00,09:40:10,80.0,100.0,Week3_Behaviour_Dataset/data/videos/Unibo_scan_windows_clean.mp4
scan_09_40,40,2039,81.56,1.56,09:40:00,09:40:10,80.0,100.0,Week3_Behaviour_Dataset/data/videos/Unibo_scan_windows_clean.mp4
scan_09_40,41,2040,81.6,1.6,09:40:00,09:40:10,80.0,100.0,Week3_Behaviour_Dataset/data/videos/Unibo_scan_windows_clean.mp4
scan_09_40,42,2041,81.64,1.64,09:40:00,09:40:10,80.0,100.0,Week3_Behaviour_Dataset/data/videos/Unibo_scan_windows_clean.mp4
scan_09_40,43,2042,81.68,1.68,09:40:00,09:40:10,80.0,100.0,Week3_Behaviour_Dataset/data/videos/Unibo_scan_windows_clean.mp4
scan_09_40,44,2043,81.72,1.72,09:40:00,09:40:10,80.0,100.0,Week3_Behaviour_Dataset/data/videos/Unibo_scan_windows_clean.mp4
scan_09_40,45,2044,81.76,1.76,09:40:00,09:40:10,80.0,100.0,Week3_Behaviour_Dataset/data/videos/Unibo_scan_windows_clean.mp4
scan_09_40,46,2045,81.8,1.8,09:40:00,09:40:10,80.0,100.0,Week3_Behaviour_Dataset/data/videos/Unibo_scan_windows_clean.mp4
scan_09_40,47,2046,81.84,1.84,09:40:00,09:40:10,80.0,100.0,Week3_Behaviour_Dataset/data/videos/Unibo_scan_windows_clean.mp4
scan_09_40,48,2047,81.88,1.88,09:40:00,09:40:10,80.0,100.0,Week3_Behaviour_Dataset/data/videos/Unibo_scan_windows_clean.mp4
scan_09_40,49,2048,81.92,1.92,09:40:00,09:40:10,80.0,100.0,Week3_Behaviour_Dataset/data/videos/Unibo_scan_windows_clean.mp4
scan_09_40,50,2049,81.96,1.96,09:40:00,09:40:10,80.0,100.0,Week3_Behaviour_Dataset/data/videos/Unibo_scan_windows_clean.mp4
scan_09_40,51,2050,82.0,2.0,09:40:00,09:40:10,80.0,100.0,Week3_Behaviour_Dataset/data/videos/Unibo_scan_windows_clean.mp4
scan_09_40,52,2051,82.04,2.04,09:40:00,09:40:10,80.0,100.0,Week3_Behaviour_Dataset/data/videos/Unibo_scan_windows_clean.mp4
scan_09_40,53,2052,82.08,2.08,09:40:00,09:40:10,80.0,100.0,Week3_Behaviour_Dataset/data/videos/Unibo_scan_windows_clean.mp4
scan_09_40,54,2053,82.12,2.12,09:40:00,09:40:10,80.0,100.0,Week3_Behaviour_Dataset/data/videos/Unibo_scan_windows_clean.mp4
scan_09_40,55,2054,82.16,2.16,09:40:00,09:40:10,80.0,100.0,Week3_Behaviour_Dataset/data/videos/Unibo_scan_windows_clean.mp4
scan_09_40,56,2055,82.2,2.2,09:40:00,09:40:10,80.0,100.0,Week3_Behaviour_Dataset/data/videos/Unibo_scan_windows_clean.mp4
scan_09_40,57,2056,82.24,2.24,09:40:00,09:40:10,80.0,100.0,Week3_Behaviour_Dataset/data/videos/Unibo_scan_windows_clean.mp4
scan_09_40,58,2057,82.28,2.28,09:40:00,09:40:10,80.0,100.0,Week3_Behaviour_Dataset/data/videos/Unibo_scan_windows_clean.mp4
scan_09_40,59,2058,82.32,2.32,09:40:00,09:40:10,80.0,100.0,Week3_Behaviour_Dataset/data/videos/Unibo_scan_windows_clean.mp4
scan_09_40,60,2059,82.36,2.36,09:40:00,09:40:10,80.0,100.0,Week3_Behaviour_Dataset/data/videos/Unibo_scan_windows_clean.mp4
scan_09_40,61,2060,82.4,2.4,09:40:00,09:40:10,80.0,100.0,Week3_Behaviour_Dataset/data/videos/Unibo_scan_windows_clean.mp4
scan_09_40,62,2061,82.44,2.44,09:40:00,09:40:10,80.0,100.0,Week3_Behaviour_Dataset/data/videos/Unibo_scan_windows_clean.mp4
scan_09_40,63,2062,82.48,2.48,09:40:00,09:40:10,80.0,100.0,Week3_Behaviour_Dataset/data/videos/Unibo_scan_windows_clean.mp4
scan_09_40,64,2063,82.52,2.52,09:40:00,09:40:10,80.0,100.0,Week3_Behaviour_Dataset/data/videos/Unibo_scan_windows_clean.mp4
scan_09_40,65,2064,82.56,2.56,09:40:00,09:40:10,80.0,100.0,Week3_Behaviour_Dataset/data/videos/Unibo_scan_windows_clean.mp4
scan_09_40,66,2065,82.6,2.6,09:40:00,09:40:10,80.0,100.0,Week3_Behaviour_Dataset/data/videos/Unibo_scan_windows_clean.mp4
scan_09_40,67,2066,82.64,2.64,09:40:00,09:40:10,80.0,100.0,Week3_Behaviour_Dataset/data/videos/Unibo_scan_windows_clean.mp4
scan_09_40,68,2067,82.68,2.68,09:40:00,09:40:10,80.0,100.0,Week3_Behaviour_Dataset/data/videos/Unibo_scan_windows_clean.mp4
scan_09_40,69,2068,82.72,2.72,09:40:00,09:40:10,80.0,100.0,Week3_Behaviour_Dataset/data/videos/Unibo_scan_windows_clean.mp4
scan_09_40,70,2069,82.76,2.76,09:40:00,09:40:10,80.0,100.0,Week3_Behaviour_Dataset/data/videos/Unibo_scan_windows_clean.mp4
scan_09_40,71,2070,82.8,2.8,09:40:00,09:40:10,80.0,100.0,Week3_Behaviour_Dataset/data/videos/Unibo_scan_windows_clean.mp4
scan_09_40,72,2071,82.84,2.84,09:40:00,09:40:10,80.0,100.0,Week3_Behaviour_Dataset/data/videos/Unibo_scan_windows_clean.mp4
scan_09_40,73,2072,82.88,2.88,09:40:00,09:40:10,80.0,100.0,Week3_Behaviour_Dataset/data/videos/Unibo_scan_windows_clean.mp4
scan_09_40,74,2073,82.92,2.92,09:40:00,09:40:10,80.0,100.0,Week3_Behaviour_Dataset/data/videos/Unibo_scan_windows_clean.mp4
scan_09_40,75,2074,82.96,2.96,09:40:00,09:40:10,80.0,100.0,Week3_Behaviour_Dataset/data/videos/Unibo_scan_windows_clean.mp4
scan_09_40,76,2075,83.0,3.0,09:40:00,09:40:10,80.0,100.0,Week3_Behaviour_Dataset/data/videos/Unibo_scan_windows_clean.mp4
scan_09_40,77,2076,83.04,3.04,09:40:00,09:40:10,80.0,100.0,Week3_Behaviour_Dataset/data/videos/Unibo_scan_windows_clean.mp4
scan_09_40,78,2077,83.08,3.08,09:40:00,09:40:10,80.0,100.0,Week3_Behaviour_Dataset/data/videos/Unibo_scan_windows_clean.mp4
scan_09_40,79,2078,83.12,3.12,09:40:00,09:40:10,80.0,100.0,Week3_Behaviour_Dataset/data/videos/Unibo_scan_windows_clean.mp4
scan_09_40,80,2079,83.16,3.16,09:40:00,09:40:10,80.0,100.0,Week3_Behaviour_Dataset/data/videos/Unibo_scan_windows_clean.mp4
scan_09_40,81,2080,83.2,3.2,09:40:00,09:40:10,80.0,100.0,Week3_Behaviour_Dataset/data/videos/Unibo_scan_windows_clean.mp4
scan_09_40,82,2081,83.24,3.24,09:40:00,09:40:10,80.0,100.0,Week3_Behaviour_Dataset/data/videos/Unibo_scan_windows_clean.mp4
scan_09_40,83,2082,83.28,3.28,09:40:00,09:40:10,80.0,100.0,Week3_Behaviour_Dataset/data/videos/Unibo_scan_windows_clean.mp4
scan_09_40,84,2083,83.32,3.32,09:40:00,09:40:10,80.0,100.0,Week3_Behaviour_Dataset/data/videos/Unibo_scan_windows_clean.mp4
scan_09_40,85,2084,83.36,3.36,09:40:00,09:40:10,80.0,100.0,Week3_Behaviour_Dataset/data/videos/Unibo_scan_windows_clean.mp4
scan_09_40,86,2085,83.4,3.4,09:40:00,09:40:10,80.0,100.0,Week3_Behaviour_Dataset/data/videos/Unibo_scan_windows_clean.mp4
scan_09_40,87,2086,83.44,3.44,09:40:00,09:40:10,80.0,100.0,Week3_Behaviour_Dataset/data/videos/Unibo_scan_windows_clean.mp4
scan_09_40,88,2087,83.48,3.48,09:40:00,09:40:10,80.0,100.0,Week3_Behaviour_Dataset/data/videos/Unibo_scan_windows_clean.mp4
scan_09_40,89,2088,83.52,3.52,09:40:00,09:40:10,80.0,100.0,Week3_Behaviour_Dataset/data/videos/Unibo_scan_windows_clean.mp4
scan_09_40,90,2089,83.56,3.56,09:40:00,09:40:10,80.0,100.0,Week3_Behaviour_Dataset/data/videos/Unibo_scan_windows_clean.mp4
scan_09_40,91,2090,83.6,3.6,09:40:00,09:40:10,80.0,100.0,Week3_Behaviour_Dataset/data/videos/Unibo_scan_windows_clean.mp4
scan_09_40,92,2091,83.64,3.64,09:40:00,09:40:10,80.0,100.0,Week3_Behaviour_Dataset/data/videos/Unibo_scan_windows_clean.mp4
scan_09_40,93,2092,83.68,3.68,09:40:00,09:40:10,80.0,100.0,Week3_Behaviour_Dataset/data/videos/Unibo_scan_windows_clean.mp4
scan_09_40,94,2093,83.72,3.72,09:40:00,09:40:10,80.0,100.0,Week3_Behaviour_Dataset/data/videos/Unibo_scan_windows_clean.mp4
scan_09_40,95,2094,83.76,3.76,09:40:00,09:40:10,80.0,100.0,Week3_Behaviour_Dataset/data/videos/Unibo_scan_windows_clean.mp4
scan_09_40,96,2095,83.8,3.8,09:40:00,09:40:10,80.0,100.0,Week3_Behaviour_Dataset/data/videos/Unibo_scan_windows_clean.mp4
scan_09_40,97,2096,83.84,3.84,09:40:00,09:40:10,80.0,100.0,Week3_Behaviour_Dataset/data/videos/Unibo_scan_windows_clean.mp4
scan_09_40,98,2097,83.88,3.88,09:40:00,09:40:10,80.0,100.0,Week3_Behaviour_Dataset/data/videos/Unibo_scan_windows_clean.mp4
scan_09_40,99,2098,83.92,3.92,09:40:00,09:40:10,80.0,100.0,Week3_Behaviour_Dataset/data/videos/Unibo_scan_windows_clean.mp4
scan_09_40,100,2099,83.96,3.96,09:40:00,09:40:10,80.0,100.0,Week3_Behaviour_Dataset/data/videos/Unibo_scan_windows_clean.mp4
scan_09_40,101,2100,84.0,4.0,09:40:00,09:40:10,80.0,100.0,Week3_Behaviour_Dataset/data/videos/Unibo_scan_windows_clean.mp4
scan_09_40,102,2101,84.04,4.04,09:40:00,09:40:10,80.0,100.0,Week3_Behaviour_Dataset/data/videos/Unibo_scan_windows_clean.mp4
scan_09_40,103,2102,84.08,4.08,09:40:00,09:40:10,80.0,100.0,Week3_Behaviour_Dataset/data/videos/Unibo_scan_windows_clean.mp4
scan_09_40,104,2103,84.12,4.12,09:40:00,09:40:10,80.0,100.0,Week3_Behaviour_Dataset/data/videos/Unibo_scan_windows_clean.mp4
scan_09_40,105,2104,84.16,4.16,09:40:00,09:40:10,80.0,100.0,Week3_Behaviour_Dataset/data/videos/Unibo_scan_windows_clean.mp4
scan_09_40,106,2105,84.2,4.2,09:40:00,09:40:10,80.0,100.0,Week3_Behaviour_Dataset/data/videos/Unibo_scan_windows_clean.mp4
scan_09_40,107,2106,84.24,4.24,09:40:00,09:40:10,80.0,100.0,Week3_Behaviour_Dataset/data/videos/Unibo_scan_windows_clean.mp4
scan_09_40,108,2107,84.28,4.28,09:40:00,09:40:10,80.0,100.0,Week3_Behaviour_Dataset/data/videos/Unibo_scan_windows_clean.mp4
scan_09_40,109,2108,84.32,4.32,09:40:00,09:40:10,80.0,100.0,Week3_Behaviour_Dataset/data/videos/Unibo_scan_windows_clean.mp4
scan_09_40,110,2109,84.36,4.36,09:40:00,09:40:10,80.0,100.0,Week3_Behaviour_Dataset/data/videos/Unibo_scan_windows_clean.mp4
scan_09_40,111,2110,84.4,4.4,09:40:00,09:40:10,80.0,100.0,Week3_Behaviour_Dataset/data/videos/Unibo_scan_windows_clean.mp4
scan_09_40,112,2111,84.44,4.44,09:40:00,09:40:10,80.0,100.0,Week3_Behaviour_Dataset/data/videos/Unibo_scan_windows_clean.mp4
scan_09_40,113,2112,84.48,4.48,09:40:00,09:40:10,80.0,100.0,Week3_Behaviour_Dataset/data/videos/Unibo_scan_windows_clean.mp4
scan_09_40,114,2113,84.52,4.52,09:40:00,09:40:10,80.0,100.0,Week3_Behaviour_Dataset/data/videos/Unibo_scan_windows_clean.mp4
scan_09_40,115,2114,84.56,4.56,09:40:00,09:40:10,80.0,100.0,Week3_Behaviour_Dataset/data/videos/Unibo_scan_windows_clean.mp4
scan_09_40,116,2115,84.6,4.6,09:40:00,09:40:10,80.0,100.0,Week3_Behaviour_Dataset/data/videos/Unibo_scan_windows_clean.mp4
scan_09_40,117,2116,84.64,4.64,09:40:00,09:40:10,80.0,100.0,Week3_Behaviour_Dataset/data/videos/Unibo_scan_windows_clean.mp4
scan_09_40,118,2117,84.68,4.68,09:40:00,09:40:10,80.0,100.0,Week3_Behaviour_Dataset/data/videos/Unibo_scan_windows_clean.mp4
scan_09_40,119,2118,84.72,4.72,09:40:00,09:40:10,80.0,100.0,Week3_Behaviour_Dataset/data/videos/Unibo_scan_windows_clean.mp4
scan_09_40,120,2119,84.76,4.76,09:40:00,09:40:10,80.0,100.0,Week3_Behaviour_Dataset/data/videos/Unibo_scan_windows_clean.mp4
scan_09_40,121,2120,84.8,4.8,09:40:00,09:40:10,80.0,100.0,Week3_Behaviour_Dataset/data/videos/Unibo_scan_windows_clean.mp4
scan_09_40,122,2121,84.84,4.84,09:40:00,09:40:10,80.0,100.0,Week3_Behaviour_Dataset/data/videos/Unibo_scan_windows_clean.mp4
scan_09_40,123,2122,84.88,4.88,09:40:00,09:40:10,80.0,100.0,Week3_Behaviour_Dataset/data/videos/Unibo_scan_windows_clean.mp4
scan_09_40,124,2123,84.92,4.92,09:40:00,09:40:10,80.0,100.0,Week3_Behaviour_Dataset/data/videos/Unibo_scan_windows_clean.mp4
scan_09_40,125,2124,84.96,4.96,09:40:00,09:40:10,80.0,100.0,Week3_Behaviour_Dataset/data/videos/Unibo_scan_windows_clean.mp4
scan_09_40,126,2125,85.0,5.0,09:40:00,09:40:10,80.0,100.0,Week3_Behaviour_Dataset/data/videos/Unibo_scan_windows_clean.mp4
scan_09_40,127,2126,85.04,5.04,09:40:00,09:40:10,80.0,100.0,Week3_Behaviour_Dataset/data/videos/Unibo_scan_windows_clean.mp4
scan_09_40,128,2127,85.08,5.08,09:40:00,09:40:10,80.0,100.0,Week3_Behaviour_Dataset/data/videos/Unibo_scan_windows_clean.mp4
scan_09_40,129,2128,85.12,5.12,09:40:00,09:40:10,80.0,100.0,Week3_Behaviour_Dataset/data/videos/Unibo_scan_windows_clean.mp4
scan_09_40,130,2129,85.16,5.16,09:40:00,09:40:10,80.0,100.0,Week3_Behaviour_Dataset/data/videos/Unibo_scan_windows_clean.mp4
scan_09_40,131,2130,85.2,5.2,09:40:00,09:40:10,80.0,100.0,Week3_Behaviour_Dataset/data/videos/Unibo_scan_windows_clean.mp4
scan_09_40,132,2131,85.24,5.24,09:40:00,09:40:10,80.0,100.0,Week3_Behaviour_Dataset/data/videos/Unibo_scan_windows_clean.mp4
scan_09_40,133,2132,85.28,5.28,09:40:00,09:40:10,80.0,100.0,Week3_Behaviour_Dataset/data/videos/Unibo_scan_windows_clean.mp4
scan_09_40,134,2133,85.32,5.32,09:40:00,09:40:10,80.0,100.0,Week3_Behaviour_Dataset/data/videos/Unibo_scan_windows_clean.mp4
scan_09_40,135,2134,85.36,5.36,09:40:00,09:40:10,80.0,100.0,Week3_Behaviour_Dataset/data/videos/Unibo_scan_windows_clean.mp4
scan_09_40,136,2135,85.4,5.4,09:40:00,09:40:10,80.0,100.0,Week3_Behaviour_Dataset/data/videos/Unibo_scan_windows_clean.mp4
scan_09_40,137,2136,85.44,5.44,09:40:00,09:40:10,80.0,100.0,Week3_Behaviour_Dataset/data/videos/Unibo_scan_windows_clean.mp4
scan_09_40,138,2137,85.48,5.48,09:40:00,09:40:10,80.0,100.0,Week3_Behaviour_Dataset/data/videos/Unibo_scan_windows_clean.mp4
scan_09_40,139,2138,85.52,5.52,09:40:00,09:40:10,80.0,100.0,Week3_Behaviour_Dataset/data/videos/Unibo_scan_windows_clean.mp4
scan_09_40,140,2139,85.56,5.56,09:40:00,09:40:10,80.0,100.0,Week3_Behaviour_Dataset/data/videos/Unibo_scan_windows_clean.mp4
scan_09_40,141,2140,85.6,5.6,09:40:00,09:40:10,80.0,100.0,Week3_Behaviour_Dataset/data/videos/Unibo_scan_windows_clean.mp4
scan_09_40,142,2141,85.64,5.64,09:40:00,09:40:10,80.0,100.0,Week3_Behaviour_Dataset/data/videos/Unibo_scan_windows_clean.mp4
scan_09_40,143,2142,85.68,5.68,09:40:00,09:40:10,80.0,100.0,Week3_Behaviour_Dataset/data/videos/Unibo_scan_windows_clean.mp4
scan_09_40,144,2143,85.72,5.72,09:40:00,09:40:10,80.0,100.0,Week3_Behaviour_Dataset/data/videos/Unibo_scan_windows_clean.mp4
scan_09_40,145,2144,85.76,5.76,09:40:00,09:40:10,80.0,100.0,Week3_Behaviour_Dataset/data/videos/Unibo_scan_windows_clean.mp4
scan_09_40,146,2145,85.8,5.8,09:40:00,09:40:10,80.0,100.0,Week3_Behaviour_Dataset/data/videos/Unibo_scan_windows_clean.mp4
scan_09_40,147,2146,85.84,5.84,09:40:00,09:40:10,80.0,100.0,Week3_Behaviour_Dataset/data/videos/Unibo_scan_windows_clean.mp4
scan_09_40,148,2147,85.88,5.88,09:40:00,09:40:10,80.0,100.0,Week3_Behaviour_Dataset/data/videos/Unibo_scan_windows_clean.mp4
scan_09_40,149,2148,85.92,5.92,09:40:00,09:40:10,80.0,100.0,Week3_Behaviour_Dataset/data/videos/Unibo_scan_windows_clean.mp4
scan_09_40,150,2149,85.96,5.96,09:40:00,09:40:10,80.0,100.0,Week3_Behaviour_Dataset/data/videos/Unibo_scan_windows_clean.mp4
scan_09_40,151,2150,86.0,6.0,09:40:00,09:40:10,80.0,100.0,Week3_Behaviour_Dataset/data/videos/Unibo_scan_windows_clean.mp4
scan_09_40,152,2151,86.04,6.04,09:40:00,09:40:10,80.0,100.0,Week3_Behaviour_Dataset/data/videos/Unibo_scan_windows_clean.mp4
scan_09_40,153,2152,86.08,6.08,09:40:00,09:40:10,80.0,100.0,Week3_Behaviour_Dataset/data/videos/Unibo_scan_windows_clean.mp4
scan_09_40,154,2153,86.12,6.12,09:40:00,09:40:10,80.0,100.0,Week3_Behaviour_Dataset/data/videos/Unibo_scan_windows_clean.mp4
scan_09_40,155,2154,86.16,6.16,09:40:00,09:40:10,80.0,100.0,Week3_Behaviour_Dataset/data/videos/Unibo_scan_windows_clean.mp4
scan_09_40,156,2155,86.2,6.2,09:40:00,09:40:10,80.0,100.0,Week3_Behaviour_Dataset/data/videos/Unibo_scan_windows_clean.mp4
scan_09_40,157,2156,86.24,6.24,09:40:00,09:40:10,80.0,100.0,Week3_Behaviour_Dataset/data/videos/Unibo_scan_windows_clean.mp4
scan_09_40,158,2157,86.28,6.28,09:40:00,09:40:10,80.0,100.0,Week3_Behaviour_Dataset/data/videos/Unibo_scan_windows_clean.mp4
scan_09_40,159,2158,86.32,6.32,09:40:00,09:40:10,80.0,100.0,Week3_Behaviour_Dataset/data/videos/Unibo_scan_windows_clean.mp4
scan_09_40,160,2159,86.36,6.36,09:40:00,09:40:10,80.0,100.0,Week3_Behaviour_Dataset/data/videos/Unibo_scan_windows_clean.mp4
scan_09_40,161,2160,86.4,6.4,09:40:00,09:40:10,80.0,100.0,Week3_Behaviour_Dataset/data/videos/Unibo_scan_windows_clean.mp4
scan_09_40,162,2161,86.44,6.44,09:40:00,09:40:10,80.0,100.0,Week3_Behaviour_Dataset/data/videos/Unibo_scan_windows_clean.mp4
scan_09_40,163,2162,86.48,6.48,09:40:00,09:40:10,80.0,100.0,Week3_Behaviour_Dataset/data/videos/Unibo_scan_windows_clean.mp4
scan_09_40,164,2163,86.52,6.52,09:40:00,09:40:10,80.0,100.0,Week3_Behaviour_Dataset/data/videos/Unibo_scan_windows_clean.mp4
scan_09_40,165,2164,86.56,6.56,09:40:00,09:40:10,80.0,100.0,Week3_Behaviour_Dataset/data/videos/Unibo_scan_windows_clean.mp4
scan_09_40,166,2165,86.6,6.6,09:40:00,09:40:10,80.0,100.0,Week3_Behaviour_Dataset/data/videos/Unibo_scan_windows_clean.mp4
scan_09_40,167,2166,86.64,6.64,09:40:00,09:40:10,80.0,100.0,Week3_Behaviour_Dataset/data/videos/Unibo_scan_windows_clean.mp4
scan_09_40,168,2167,86.68,6.68,09:40:00,09:40:10,80.0,100.0,Week3_Behaviour_Dataset/data/videos/Unibo_scan_windows_clean.mp4
scan_09_40,169,2168,86.72,6.72,09:40:00,09:40:10,80.0,100.0,Week3_Behaviour_Dataset/data/videos/Unibo_scan_windows_clean.mp4
scan_09_40,170,2169,86.76,6.76,09:40:00,09:40:10,80.0,100.0,Week3_Behaviour_Dataset/data/videos/Unibo_scan_windows_clean.mp4
scan_09_40,171,2170,86.8,6.8,09:40:00,09:40:10,80.0,100.0,Week3_Behaviour_Dataset/data/videos/Unibo_scan_windows_clean.mp4
scan_09_40,172,2171,86.84,6.84,09:40:00,09:40:10,80.0,100.0,Week3_Behaviour_Dataset/data/videos/Unibo_scan_windows_clean.mp4
scan_09_40,173,2172,86.88,6.88,09:40:00,09:40:10,80.0,100.0,Week3_Behaviour_Dataset/data/videos/Unibo_scan_windows_clean.mp4
scan_09_40,174,2173,86.92,6.92,09:40:00,09:40:10,80.0,100.0,Week3_Behaviour_Dataset/data/videos/Unibo_scan_windows_clean.mp4
scan_09_40,175,2174,86.96,6.96,09:40:00,09:40:10,80.0,100.0,Week3_Behaviour_Dataset/data/videos/Unibo_scan_windows_clean.mp4
scan_09_40,176,2175,87.0,7.0,09:40:00,09:40:10,80.0,100.0,Week3_Behaviour_Dataset/data/videos/Unibo_scan_windows_clean.mp4
scan_09_40,177,2176,87.04,7.04,09:40:00,09:40:10,80.0,100.0,Week3_Behaviour_Dataset/data/videos/Unibo_scan_windows_clean.mp4
scan_09_40,178,2177,87.08,7.08,09:40:00,09:40:10,80.0,100.0,Week3_Behaviour_Dataset/data/videos/Unibo_scan_windows_clean.mp4
scan_09_40,179,2178,87.12,7.12,09:40:00,09:40:10,80.0,100.0,Week3_Behaviour_Dataset/data/videos/Unibo_scan_windows_clean.mp4
scan_09_40,180,2179,87.16,7.16,09:40:00,09:40:10,80.0,100.0,Week3_Behaviour_Dataset/data/videos/Unibo_scan_windows_clean.mp4
scan_09_40,181,2180,87.2,7.2,09:40:00,09:40:10,80.0,100.0,Week3_Behaviour_Dataset/data/videos/Unibo_scan_windows_clean.mp4
scan_09_40,182,2181,87.24,7.24,09:40:00,09:40:10,80.0,100.0,Week3_Behaviour_Dataset/data/videos/Unibo_scan_windows_clean.mp4
scan_09_40,183,2182,87.28,7.28,09:40:00,09:40:10,80.0,100.0,Week3_Behaviour_Dataset/data/videos/Unibo_scan_windows_clean.mp4
scan_09_40,184,2183,87.32,7.32,09:40:00,09:40:10,80.0,100.0,Week3_Behaviour_Dataset/data/videos/Unibo_scan_windows_clean.mp4
scan_09_40,185,2184,87.36,7.36,09:40:00,09:40:10,80.0,100.0,Week3_Behaviour_Dataset/data/videos/Unibo_scan_windows_clean.mp4
scan_09_40,186,2185,87.4,7.4,09:40:00,09:40:10,80.0,100.0,Week3_Behaviour_Dataset/data/videos/Unibo_scan_windows_clean.mp4
scan_09_40,187,2186,87.44,7.44,09:40:00,09:40:10,80.0,100.0,Week3_Behaviour_Dataset/data/videos/Unibo_scan_windows_clean.mp4
scan_09_40,188,2187,87.48,7.48,09:40:00,09:40:10,80.0,100.0,Week3_Behaviour_Dataset/data/videos/Unibo_scan_windows_clean.mp4
scan_09_40,189,2188,87.52,7.52,09:40:00,09:40:10,80.0,100.0,Week3_Behaviour_Dataset/data/videos/Unibo_scan_windows_clean.mp4
scan_09_40,190,2189,87.56,7.56,09:40:00,09:40:10,80.0,100.0,Week3_Behaviour_Dataset/data/videos/Unibo_scan_windows_clean.mp4
scan_09_40,191,2190,87.6,7.6,09:40:00,09:40:10,80.0,100.0,Week3_Behaviour_Dataset/data/videos/Unibo_scan_windows_clean.mp4
scan_09_40,192,2191,87.64,7.64,09:40:00,09:40:10,80.0,100.0,Week3_Behaviour_Dataset/data/videos/Unibo_scan_windows_clean.mp4
scan_09_40,193,2192,87.68,7.68,09:40:00,09:40:10,80.0,100.0,Week3_Behaviour_Dataset/data/videos/Unibo_scan_windows_clean.mp4
scan_09_40,194,2193,87.72,7.72,09:40:00,09:40:10,80.0,100.0,Week3_Behaviour_Dataset/data/videos/Unibo_scan_windows_clean.mp4
scan_09_40,195,2194,87.76,7.76,09:40:00,09:40:10,80.0,100.0,Week3_Behaviour_Dataset/data/videos/Unibo_scan_windows_clean.mp4
scan_09_40,196,2195,87.8,7.8,09:40:00,09:40:10,80.0,100.0,Week3_Behaviour_Dataset/data/videos/Unibo_scan_windows_clean.mp4
scan_09_40,197,2196,87.84,7.84,09:40:00,09:40:10,80.0,100.0,Week3_Behaviour_Dataset/data/videos/Unibo_scan_windows_clean.mp4
scan_09_40,198,2197,87.88,7.88,09:40:00,09:40:10,80.0,100.0,Week3_Behaviour_Dataset/data/videos/Unibo_scan_windows_clean.mp4
scan_09_40,199,2198,87.92,7.92,09:40:00,09:40:10,80.0,100.0,Week3_Behaviour_Dataset/data/videos/Unibo_scan_windows_clean.mp4
scan_09_40,200,2199,87.96,7.96,09:40:00,09:40:10,80.0,100.0,Week3_Behaviour_Dataset/data/videos/Unibo_scan_windows_clean.mp4
scan_09_40,201,2200,88.0,8.0,09:40:00,09:40:10,80.0,100.0,Week3_Behaviour_Dataset/data/videos/Unibo_scan_windows_clean.mp4
scan_09_40,202,2201,88.04,8.04,09:40:00,09:40:10,80.0,100.0,Week3_Behaviour_Dataset/data/videos/Unibo_scan_windows_clean.mp4
scan_09_40,203,2202,88.08,8.08,09:40:00,09:40:10,80.0,100.0,Week3_Behaviour_Dataset/data/videos/Unibo_scan_windows_clean.mp4
scan_09_40,204,2203,88.12,8.12,09:40:00,09:40:10,80.0,100.0,Week3_Behaviour_Dataset/data/videos/Unibo_scan_windows_clean.mp4
scan_09_40,205,2204,88.16,8.16,09:40:00,09:40:10,80.0,100.0,Week3_Behaviour_Dataset/data/videos/Unibo_scan_windows_clean.mp4
scan_09_40,206,2205,88.2,8.2,09:40:00,09:40:10,80.0,100.0,Week3_Behaviour_Dataset/data/videos/Unibo_scan_windows_clean.mp4
scan_09_40,207,2206,88.24,8.24,09:40:00,09:40:10,80.0,100.0,Week3_Behaviour_Dataset/data/videos/Unibo_scan_windows_clean.mp4
scan_09_40,208,2207,88.28,8.28,09:40:00,09:40:10,80.0,100.0,Week3_Behaviour_Dataset/data/videos/Unibo_scan_windows_clean.mp4
scan_09_40,209,2208,88.32,8.32,09:40:00,09:40:10,80.0,100.0,Week3_Behaviour_Dataset/data/videos/Unibo_scan_windows_clean.mp4
scan_09_40,210,2209,88.36,8.36,09:40:00,09:40:10,80.0,100.0,Week3_Behaviour_Dataset/data/videos/Unibo_scan_windows_clean.mp4
scan_09_40,211,2210,88.4,8.4,09:40:00,09:40:10,80.0,100.0,Week3_Behaviour_Dataset/data/videos/Unibo_scan_windows_clean.mp4
scan_09_40,212,2211,88.44,8.44,09:40:00,09:40:10,80.0,100.0,Week3_Behaviour_Dataset/data/videos/Unibo_scan_windows_clean.mp4
scan_09_40,213,2212,88.48,8.48,09:40:00,09:40:10,80.0,100.0,Week3_Behaviour_Dataset/data/videos/Unibo_scan_windows_clean.mp4
scan_09_40,214,2213,88.52,8.52,09:40:00,09:40:10,80.0,100.0,Week3_Behaviour_Dataset/data/videos/Unibo_scan_windows_clean.mp4
scan_09_40,215,2214,88.56,8.56,09:40:00,09:40:10,80.0,100.0,Week3_Behaviour_Dataset/data/videos/Unibo_scan_windows_clean.mp4
scan_09_40,216,2215,88.6,8.6,09:40:00,09:40:10,80.0,100.0,Week3_Behaviour_Dataset/data/videos/Unibo_scan_windows_clean.mp4
scan_09_40,217,2216,88.64,8.64,09:40:00,09:40:10,80.0,100.0,Week3_Behaviour_Dataset/data/videos/Unibo_scan_windows_clean.mp4
scan_09_40,218,2217,88.68,8.68,09:40:00,09:40:10,80.0,100.0,Week3_Behaviour_Dataset/data/videos/Unibo_scan_windows_clean.mp4
scan_09_40,219,2218,88.72,8.72,09:40:00,09:40:10,80.0,100.0,Week3_Behaviour_Dataset/data/videos/Unibo_scan_windows_clean.mp4
scan_09_40,220,2219,88.76,8.76,09:40:00,09:40:10,80.0,100.0,Week3_Behaviour_Dataset/data/videos/Unibo_scan_windows_clean.mp4
scan_09_40,221,2220,88.8,8.8,09:40:00,09:40:10,80.0,100.0,Week3_Behaviour_Dataset/data/videos/Unibo_scan_windows_clean.mp4
scan_09_40,222,2221,88.84,8.84,09:40:00,09:40:10,80.0,100.0,Week3_Behaviour_Dataset/data/videos/Unibo_scan_windows_clean.mp4
scan_09_40,223,2222,88.88,8.88,09:40:00,09:40:10,80.0,100.0,Week3_Behaviour_Dataset/data/videos/Unibo_scan_windows_clean.mp4
scan_09_40,224,2223,88.92,8.92,09:40:00,09:40:10,80.0,100.0,Week3_Behaviour_Dataset/data/videos/Unibo_scan_windows_clean.mp4
scan_09_40,225,2224,88.96,8.96,09:40:00,09:40:10,80.0,100.0,Week3_Behaviour_Dataset/data/videos/Unibo_scan_windows_clean.mp4
scan_09_40,226,2225,89.0,9.0,09:40:00,09:40:10,80.0,100.0,Week3_Behaviour_Dataset/data/videos/Unibo_scan_windows_clean.mp4
scan_09_40,227,2226,89.04,9.04,09:40:00,09:40:10,80.0,100.0,Week3_Behaviour_Dataset/data/videos/Unibo_scan_windows_clean.mp4
scan_09_40,228,2227,89.08,9.08,09:40:00,09:40:10,80.0,100.0,Week3_Behaviour_Dataset/data/videos/Unibo_scan_windows_clean.mp4
scan_09_40,229,2228,89.12,9.12,09:40:00,09:40:10,80.0,100.0,Week3_Behaviour_Dataset/data/videos/Unibo_scan_windows_clean.mp4
scan_09_40,230,2229,89.16,9.16,09:40:00,09:40:10,80.0,100.0,Week3_Behaviour_Dataset/data/videos/Unibo_scan_windows_clean.mp4
scan_09_40,231,2230,89.2,9.2,09:40:00,09:40:10,80.0,100.0,Week3_Behaviour_Dataset/data/videos/Unibo_scan_windows_clean.mp4
scan_09_40,232,2231,89.24,9.24,09:40:00,09:40:10,80.0,100.0,Week3_Behaviour_Dataset/data/videos/Unibo_scan_windows_clean.mp4
scan_09_40,233,2232,89.28,9.28,09:40:00,09:40:10,80.0,100.0,Week3_Behaviour_Dataset/data/videos/Unibo_scan_windows_clean.mp4
scan_09_40,234,2233,89.32,9.32,09:40:00,09:40:10,80.0,100.0,Week3_Behaviour_Dataset/data/videos/Unibo_scan_windows_clean.mp4
scan_09_40,235,2234,89.36,9.36,09:40:00,09:40:10,80.0,100.0,Week3_Behaviour_Dataset/data/videos/Unibo_scan_windows_clean.mp4
scan_09_40,236,2235,89.4,9.4,09:40:00,09:40:10,80.0,100.0,Week3_Behaviour_Dataset/data/videos/Unibo_scan_windows_clean.mp4
scan_09_40,237,2236,89.44,9.44,09:40:00,09:40:10,80.0,100.0,Week3_Behaviour_Dataset/data/videos/Unibo_scan_windows_clean.mp4
scan_09_40,238,2237,89.48,9.48,09:40:00,09:40:10,80.0,100.0,Week3_Behaviour_Dataset/data/videos/Unibo_scan_windows_clean.mp4
scan_09_40,239,2238,89.52,9.52,09:40:00,09:40:10,80.0,100.0,Week3_Behaviour_Dataset/data/videos/Unibo_scan_windows_clean.mp4
scan_09_40,240,2239,89.56,9.56,09:40:00,09:40:10,80.0,100.0,Week3_Behaviour_Dataset/data/videos/Unibo_scan_windows_clean.mp4
scan_09_40,241,2240,89.6,9.6,09:40:00,09:40:10,80.0,100.0,Week3_Behaviour_Dataset/data/videos/Unibo_scan_windows_clean.mp4
scan_09_40,242,2241,89.64,9.64,09:40:00,09:40:10,80.0,100.0,Week3_Behaviour_Dataset/data/videos/Unibo_scan_windows_clean.mp4
scan_09_40,243,2242,89.68,9.68,09:40:00,09:40:10,80.0,100.0,Week3_Behaviour_Dataset/data/videos/Unibo_scan_windows_clean.mp4
scan_09_40,244,2243,89.72,9.72,09:40:00,09:40:10,80.0,100.0,Week3_Behaviour_Dataset/data/videos/Unibo_scan_windows_clean.mp4
scan_09_40,245,2244,89.76,9.76,09:40:00,09:40:10,80.0,100.0,Week3_Behaviour_Dataset/data/videos/Unibo_scan_windows_clean.mp4
scan_09_40,246,2245,89.8,9.8,09:40:00,09:40:10,80.0,100.0,Week3_Behaviour_Dataset/data/videos/Unibo_scan_windows_clean.mp4
scan_09_40,247,2246,89.84,9.84,09:40:00,09:40:10,80.0,100.0,Week3_Behaviour_Dataset/data/videos/Unibo_scan_windows_clean.mp4
scan_09_40,248,2247,89.88,9.88,09:40:00,09:40:10,80.0,100.0,Week3_Behaviour_Dataset/data/videos/Unibo_scan_windows_clean.mp4
scan_09_40,249,2248,89.92,9.92,09:40:00,09:40:10,80.0,100.0,Week3_Behaviour_Dataset/data/videos/Unibo_scan_windows_clean.mp4
scan_09_40,250,2249,89.96,9.96,09:40:00,09:40:10,80.0,100.0,Week3_Behaviour_Dataset/data/videos/Unibo_scan_windows_clean.mp4
scan_09_40,251,2250,90.0,10.0,09:40:00,09:40:10,80.0,100.0,Week3_Behaviour_Dataset/data/videos/Unibo_scan_windows_clean.mp4
scan_09_40,252,2251,90.04,10.04,09:40:00,09:40:10,80.0,100.0,Week3_Behaviour_Dataset/data/videos/Unibo_scan_windows_clean.mp4
scan_09_40,253,2252,90.08,10.08,09:40:00,09:40:10,80.0,100.0,Week3_Behaviour_Dataset/data/videos/Unibo_scan_windows_clean.mp4
scan_09_40,254,2253,90.12,10.12,09:40:00,09:40:10,80.0,100.0,Week3_Behaviour_Dataset/data/videos/Unibo_scan_windows_clean.mp4
scan_09_40,255,2254,90.16,10.16,09:40:00,09:40:10,80.0,100.0,Week3_Behaviour_Dataset/data/videos/Unibo_scan_windows_clean.mp4
scan_09_40,256,2255,90.2,10.2,09:40:00,09:40:10,80.0,100.0,Week3_Behaviour_Dataset/data/videos/Unibo_scan_windows_clean.mp4
scan_09_40,257,2256,90.24,10.24,09:40:00,09:40:10,80.0,100.0,Week3_Behaviour_Dataset/data/videos/Unibo_scan_windows_clean.mp4
scan_09_40,258,2257,90.28,10.28,09:40:00,09:40:10,80.0,100.0,Week3_Behaviour_Dataset/data/videos/Unibo_scan_windows_clean.mp4
scan_09_40,259,2258,90.32,10.32,09:40:00,09:40:10,80.0,100.0,Week3_Behaviour_Dataset/data/videos/Unibo_scan_windows_clean.mp4
scan_09_40,260,2259,90.36,10.36,09:40:00,09:40:10,80.0,100.0,Week3_Behaviour_Dataset/data/videos/Unibo_scan_windows_clean.mp4
scan_09_40,261,2260,90.4,10.4,09:40:00,09:40:10,80.0,100.0,Week3_Behaviour_Dataset/data/videos/Unibo_scan_windows_clean.mp4
scan_09_40,262,2261,90.44,10.44,09:40:00,09:40:10,80.0,100.0,Week3_Behaviour_Dataset/data/videos/Unibo_scan_windows_clean.mp4
scan_09_40,263,2262,90.48,10.48,09:40:00,09:40:10,80.0,100.0,Week3_Behaviour_Dataset/data/videos/Unibo_scan_windows_clean.mp4
scan_09_40,264,2263,90.52,10.52,09:40:00,09:40:10,80.0,100.0,Week3_Behaviour_Dataset/data/videos/Unibo_scan_windows_clean.mp4
scan_09_40,265,2264,90.56,10.56,09:40:00,09:40:10,80.0,100.0,Week3_Behaviour_Dataset/data/videos/Unibo_scan_windows_clean.mp4
scan_09_40,266,2265,90.6,10.6,09:40:00,09:40:10,80.0,100.0,Week3_Behaviour_Dataset/data/videos/Unibo_scan_windows_clean.mp4
scan_09_40,267,2266,90.64,10.64,09:40:00,09:40:10,80.0,100.0,Week3_Behaviour_Dataset/data/videos/Unibo_scan_windows_clean.mp4
scan_09_40,268,2267,90.68,10.68,09:40:00,09:40:10,80.0,100.0,Week3_Behaviour_Dataset/data/videos/Unibo_scan_windows_clean.mp4
scan_09_40,269,2268,90.72,10.72,09:40:00,09:40:10,80.0,100.0,Week3_Behaviour_Dataset/data/videos/Unibo_scan_windows_clean.mp4
scan_09_40,270,2269,90.76,10.76,09:40:00,09:40:10,80.0,100.0,Week3_Behaviour_Dataset/data/videos/Unibo_scan_windows_clean.mp4
scan_09_40,271,2270,90.8,10.8,09:40:00,09:40:10,80.0,100.0,Week3_Behaviour_Dataset/data/videos/Unibo_scan_windows_clean.mp4
scan_09_40,272,2271,90.84,10.84,09:40:00,09:40:10,80.0,100.0,Week3_Behaviour_Dataset/data/videos/Unibo_scan_windows_clean.mp4
scan_09_40,273,2272,90.88,10.88,09:40:00,09:40:10,80.0,100.0,Week3_Behaviour_Dataset/data/videos/Unibo_scan_windows_clean.mp4
scan_09_40,274,2273,90.92,10.92,09:40:00,09:40:10,80.0,100.0,Week3_Behaviour_Dataset/data/videos/Unibo_scan_windows_clean.mp4
scan_09_40,275,2274,90.96,10.96,09:40:00,09:40:10,80.0,100.0,Week3_Behaviour_Dataset/data/videos/Unibo_scan_windows_clean.mp4
scan_09_40,276,2275,91.0,11.0,09:40:00,09:40:10,80.0,100.0,Week3_Behaviour_Dataset/data/videos/Unibo_scan_windows_clean.mp4
scan_09_40,277,2276,91.04,11.04,09:40:00,09:40:10,80.0,100.0,Week3_Behaviour_Dataset/data/videos/Unibo_scan_windows_clean.mp4
scan_09_40,278,2277,91.08,11.08,09:40:00,09:40:10,80.0,100.0,Week3_Behaviour_Dataset/data/videos/Unibo_scan_windows_clean.mp4
scan_09_40,279,2278,91.12,11.12,09:40:00,09:40:10,80.0,100.0,Week3_Behaviour_Dataset/data/videos/Unibo_scan_windows_clean.mp4
scan_09_40,280,2279,91.16,11.16,09:40:00,09:40:10,80.0,100.0,Week3_Behaviour_Dataset/data/videos/Unibo_scan_windows_clean.mp4
scan_09_40,281,2280,91.2,11.2,09:40:00,09:40:10,80.0,100.0,Week3_Behaviour_Dataset/data/videos/Unibo_scan_windows_clean.mp4
scan_09_40,282,2281,91.24,11.24,09:40:00,09:40:10,80.0,100.0,Week3_Behaviour_Dataset/data/videos/Unibo_scan_windows_clean.mp4
scan_09_40,283,2282,91.28,11.28,09:40:00,09:40:10,80.0,100.0,Week3_Behaviour_Dataset/data/videos/Unibo_scan_windows_clean.mp4
scan_09_40,284,2283,91.32,11.32,09:40:00,09:40:10,80.0,100.0,Week3_Behaviour_Dataset/data/videos/Unibo_scan_windows_clean.mp4
scan_09_40,285,2284,91.36,11.36,09:40:00,09:40:10,80.0,100.0,Week3_Behaviour_Dataset/data/videos/Unibo_scan_windows_clean.mp4
scan_09_40,286,2285,91.4,11.4,09:40:00,09:40:10,80.0,100.0,Week3_Behaviour_Dataset/data/videos/Unibo_scan_windows_clean.mp4
scan_09_40,287,2286,91.44,11.44,09:40:00,09:40:10,80.0,100.0,Week3_Behaviour_Dataset/data/videos/Unibo_scan_windows_clean.mp4
scan_09_40,288,2287,91.48,11.48,09:40:00,09:40:10,80.0,100.0,Week3_Behaviour_Dataset/data/videos/Unibo_scan_windows_clean.mp4
scan_09_40,289,2288,91.52,11.52,09:40:00,09:40:10,80.0,100.0,Week3_Behaviour_Dataset/data/videos/Unibo_scan_windows_clean.mp4
scan_09_40,290,2289,91.56,11.56,09:40:00,09:40:10,80.0,100.0,Week3_Behaviour_Dataset/data/videos/Unibo_scan_windows_clean.mp4
scan_09_40,291,2290,91.6,11.6,09:40:00,09:40:10,80.0,100.0,Week3_Behaviour_Dataset/data/videos/Unibo_scan_windows_clean.mp4
scan_09_40,292,2291,91.64,11.64,09:40:00,09:40:10,80.0,100.0,Week3_Behaviour_Dataset/data/videos/Unibo_scan_windows_clean.mp4
scan_09_40,293,2292,91.68,11.68,09:40:00,09:40:10,80.0,100.0,Week3_Behaviour_Dataset/data/videos/Unibo_scan_windows_clean.mp4
scan_09_40,294,2293,91.72,11.72,09:40:00,09:40:10,80.0,100.0,Week3_Behaviour_Dataset/data/videos/Unibo_scan_windows_clean.mp4
scan_09_40,295,2294,91.76,11.76,09:40:00,09:40:10,80.0,100.0,Week3_Behaviour_Dataset/data/videos/Unibo_scan_windows_clean.mp4
scan_09_40,296,2295,91.8,11.8,09:40:00,09:40:10,80.0,100.0,Week3_Behaviour_Dataset/data/videos/Unibo_scan_windows_clean.mp4
scan_09_40,297,2296,91.84,11.84,09:40:00,09:40:10,80.0,100.0,Week3_Behaviour_Dataset/data/videos/Unibo_scan_windows_clean.mp4
scan_09_40,298,2297,91.88,11.88,09:40:00,09:40:10,80.0,100.0,Week3_Behaviour_Dataset/data/videos/Unibo_scan_windows_clean.mp4
scan_09_40,299,2298,91.92,11.92,09:40:00,09:40:10,80.0,100.0,Week3_Behaviour_Dataset/data/videos/Unibo_scan_windows_clean.mp4
scan_09_40,300,2299,91.96,11.96,09:40:00,09:40:10,80.0,100.0,Week3_Behaviour_Dataset/data/videos/Unibo_scan_windows_clean.mp4
scan_09_40,301,2300,92.0,12.0,09:40:00,09:40:10,80.0,100.0,Week3_Behaviour_Dataset/data/videos/Unibo_scan_windows_clean.mp4
scan_09_40,302,2301,92.04,12.04,09:40:00,09:40:10,80.0,100.0,Week3_Behaviour_Dataset/data/videos/Unibo_scan_windows_clean.mp4
scan_09_40,303,2302,92.08,12.08,09:40:00,09:40:10,80.0,100.0,Week3_Behaviour_Dataset/data/videos/Unibo_scan_windows_clean.mp4
scan_09_40,304,2303,92.12,12.12,09:40:00,09:40:10,80.0,100.0,Week3_Behaviour_Dataset/data/videos/Unibo_scan_windows_clean.mp4
scan_09_40,305,2304,92.16,12.16,09:40:00,09:40:10,80.0,100.0,Week3_Behaviour_Dataset/data/videos/Unibo_scan_windows_clean.mp4
scan_09_40,306,2305,92.2,12.2,09:40:00,09:40:10,80.0,100.0,Week3_Behaviour_Dataset/data/videos/Unibo_scan_windows_clean.mp4
scan_09_40,307,2306,92.24,12.24,09:40:00,09:40:10,80.0,100.0,Week3_Behaviour_Dataset/data/videos/Unibo_scan_windows_clean.mp4
scan_09_40,308,2307,92.28,12.28,09:40:00,09:40:10,80.0,100.0,Week3_Behaviour_Dataset/data/videos/Unibo_scan_windows_clean.mp4
scan_09_40,309,2308,92.32,12.32,09:40:00,09:40:10,80.0,100.0,Week3_Behaviour_Dataset/data/videos/Unibo_scan_windows_clean.mp4
scan_09_40,310,2309,92.36,12.36,09:40:00,09:40:10,80.0,100.0,Week3_Behaviour_Dataset/data/videos/Unibo_scan_windows_clean.mp4
scan_09_40,311,2310,92.4,12.4,09:40:00,09:40:10,80.0,100.0,Week3_Behaviour_Dataset/data/videos/Unibo_scan_windows_clean.mp4
scan_09_40,312,2311,92.44,12.44,09:40:00,09:40:10,80.0,100.0,Week3_Behaviour_Dataset/data/videos/Unibo_scan_windows_clean.mp4
scan_09_40,313,2312,92.48,12.48,09:40:00,09:40:10,80.0,100.0,Week3_Behaviour_Dataset/data/videos/Unibo_scan_windows_clean.mp4
scan_09_40,314,2313,92.52,12.52,09:40:00,09:40:10,80.0,100.0,Week3_Behaviour_Dataset/data/videos/Unibo_scan_windows_clean.mp4
scan_09_40,315,2314,92.56,12.56,09:40:00,09:40:10,80.0,100.0,Week3_Behaviour_Dataset/data/videos/Unibo_scan_windows_clean.mp4
scan_09_40,316,2315,92.6,12.6,09:40:00,09:40:10,80.0,100.0,Week3_Behaviour_Dataset/data/videos/Unibo_scan_windows_clean.mp4
scan_09_40,317,2316,92.64,12.64,09:40:00,09:40:10,80.0,100.0,Week3_Behaviour_Dataset/data/videos/Unibo_scan_windows_clean.mp4
scan_09_40,318,2317,92.68,12.68,09:40:00,09:40:10,80.0,100.0,Week3_Behaviour_Dataset/data/videos/Unibo_scan_windows_clean.mp4
scan_09_40,319,2318,92.72,12.72,09:40:00,09:40:10,80.0,100.0,Week3_Behaviour_Dataset/data/videos/Unibo_scan_windows_clean.mp4
scan_09_40,320,2319,92.76,12.76,09:40:00,09:40:10,80.0,100.0,Week3_Behaviour_Dataset/data/videos/Unibo_scan_windows_clean.mp4
scan_09_40,321,2320,92.8,12.8,09:40:00,09:40:10,80.0,100.0,Week3_Behaviour_Dataset/data/videos/Unibo_scan_windows_clean.mp4
scan_09_40,322,2321,92.84,12.84,09:40:00,09:40:10,80.0,100.0,Week3_Behaviour_Dataset/data/videos/Unibo_scan_windows_clean.mp4
scan_09_40,323,2322,92.88,12.88,09:40:00,09:40:10,80.0,100.0,Week3_Behaviour_Dataset/data/videos/Unibo_scan_windows_clean.mp4
scan_09_40,324,2323,92.92,12.92,09:40:00,09:40:10,80.0,100.0,Week3_Behaviour_Dataset/data/videos/Unibo_scan_windows_clean.mp4
scan_09_40,325,2324,92.96,12.96,09:40:00,09:40:10,80.0,100.0,Week3_Behaviour_Dataset/data/videos/Unibo_scan_windows_clean.mp4
scan_09_40,326,2325,93.0,13.0,09:40:00,09:40:10,80.0,100.0,Week3_Behaviour_Dataset/data/videos/Unibo_scan_windows_clean.mp4
scan_09_40,327,2326,93.04,13.04,09:40:00,09:40:10,80.0,100.0,Week3_Behaviour_Dataset/data/videos/Unibo_scan_windows_clean.mp4
scan_09_40,328,2327,93.08,13.08,09:40:00,09:40:10,80.0,100.0,Week3_Behaviour_Dataset/data/videos/Unibo_scan_windows_clean.mp4
scan_09_40,329,2328,93.12,13.12,09:40:00,09:40:10,80.0,100.0,Week3_Behaviour_Dataset/data/videos/Unibo_scan_windows_clean.mp4
scan_09_40,330,2329,93.16,13.16,09:40:00,09:40:10,80.0,100.0,Week3_Behaviour_Dataset/data/videos/Unibo_scan_windows_clean.mp4
scan_09_40,331,2330,93.2,13.2,09:40:00,09:40:10,80.0,100.0,Week3_Behaviour_Dataset/data/videos/Unibo_scan_windows_clean.mp4
scan_09_40,332,2331,93.24,13.24,09:40:00,09:40:10,80.0,100.0,Week3_Behaviour_Dataset/data/videos/Unibo_scan_windows_clean.mp4
scan_09_40,333,2332,93.28,13.28,09:40:00,09:40:10,80.0,100.0,Week3_Behaviour_Dataset/data/videos/Unibo_scan_windows_clean.mp4
scan_09_40,334,2333,93.32,13.32,09:40:00,09:40:10,80.0,100.0,Week3_Behaviour_Dataset/data/videos/Unibo_scan_windows_clean.mp4
scan_09_40,335,2334,93.36,13.36,09:40:00,09:40:10,80.0,100.0,Week3_Behaviour_Dataset/data/videos/Unibo_scan_windows_clean.mp4
scan_09_40,336,2335,93.4,13.4,09:40:00,09:40:10,80.0,100.0,Week3_Behaviour_Dataset/data/videos/Unibo_scan_windows_clean.mp4
scan_09_40,337,2336,93.44,13.44,09:40:00,09:40:10,80.0,100.0,Week3_Behaviour_Dataset/data/videos/Unibo_scan_windows_clean.mp4
scan_09_40,338,2337,93.48,13.48,09:40:00,09:40:10,80.0,100.0,Week3_Behaviour_Dataset/data/videos/Unibo_scan_windows_clean.mp4
scan_09_40,339,2338,93.52,13.52,09:40:00,09:40:10,80.0,100.0,Week3_Behaviour_Dataset/data/videos/Unibo_scan_windows_clean.mp4
scan_09_40,340,2339,93.56,13.56,09:40:00,09:40:10,80.0,100.0,Week3_Behaviour_Dataset/data/videos/Unibo_scan_windows_clean.mp4
scan_09_40,341,2340,93.6,13.6,09:40:00,09:40:10,80.0,100.0,Week3_Behaviour_Dataset/data/videos/Unibo_scan_windows_clean.mp4
scan_09_40,342,2341,93.64,13.64,09:40:00,09:40:10,80.0,100.0,Week3_Behaviour_Dataset/data/videos/Unibo_scan_windows_clean.mp4
scan_09_40,343,2342,93.68,13.68,09:40:00,09:40:10,80.0,100.0,Week3_Behaviour_Dataset/data/videos/Unibo_scan_windows_clean.mp4
scan_09_40,344,2343,93.72,13.72,09:40:00,09:40:10,80.0,100.0,Week3_Behaviour_Dataset/data/videos/Unibo_scan_windows_clean.mp4
scan_09_40,345,2344,93.76,13.76,09:40:00,09:40:10,80.0,100.0,Week3_Behaviour_Dataset/data/videos/Unibo_scan_windows_clean.mp4
scan_09_40,346,2345,93.8,13.8,09:40:00,09:40:10,80.0,100.0,Week3_Behaviour_Dataset/data/videos/Unibo_scan_windows_clean.mp4
scan_09_40,347,2346,93.84,13.84,09:40:00,09:40:10,80.0,100.0,Week3_Behaviour_Dataset/data/videos/Unibo_scan_windows_clean.mp4
scan_09_40,348,2347,93.88,13.88,09:40:00,09:40:10,80.0,100.0,Week3_Behaviour_Dataset/data/videos/Unibo_scan_windows_clean.mp4
scan_09_40,349,2348,93.92,13.92,09:40:00,09:40:10,80.0,100.0,Week3_Behaviour_Dataset/data/videos/Unibo_scan_windows_clean.mp4
scan_09_40,350,2349,93.96,13.96,09:40:00,09:40:10,80.0,100.0,Week3_Behaviour_Dataset/data/videos/Unibo_scan_windows_clean.mp4
scan_09_40,351,2350,94.0,14.0,09:40:00,09:40:10,80.0,100.0,Week3_Behaviour_Dataset/data/videos/Unibo_scan_windows_clean.mp4
scan_09_40,352,2351,94.04,14.04,09:40:00,09:40:10,80.0,100.0,Week3_Behaviour_Dataset/data/videos/Unibo_scan_windows_clean.mp4
scan_09_40,353,2352,94.08,14.08,09:40:00,09:40:10,80.0,100.0,Week3_Behaviour_Dataset/data/videos/Unibo_scan_windows_clean.mp4
scan_09_40,354,2353,94.12,14.12,09:40:00,09:40:10,80.0,100.0,Week3_Behaviour_Dataset/data/videos/Unibo_scan_windows_clean.mp4
scan_09_40,355,2354,94.16,14.16,09:40:00,09:40:10,80.0,100.0,Week3_Behaviour_Dataset/data/videos/Unibo_scan_windows_clean.mp4
scan_09_40,356,2355,94.2,14.2,09:40:00,09:40:10,80.0,100.0,Week3_Behaviour_Dataset/data/videos/Unibo_scan_windows_clean.mp4
scan_09_40,357,2356,94.24,14.24,09:40:00,09:40:10,80.0,100.0,Week3_Behaviour_Dataset/data/videos/Unibo_scan_windows_clean.mp4
scan_09_40,358,2357,94.28,14.28,09:40:00,09:40:10,80.0,100.0,Week3_Behaviour_Dataset/data/videos/Unibo_scan_windows_clean.mp4
scan_09_40,359,2358,94.32,14.32,09:40:00,09:40:10,80.0,100.0,Week3_Behaviour_Dataset/data/videos/Unibo_scan_windows_clean.mp4
scan_09_40,360,2359,94.36,14.36,09:40:00,09:40:10,80.0,100.0,Week3_Behaviour_Dataset/data/videos/Unibo_scan_windows_clean.mp4
scan_09_40,361,2360,94.4,14.4,09:40:00,09:40:10,80.0,100.0,Week3_Behaviour_Dataset/data/videos/Unibo_scan_windows_clean.mp4
scan_09_40,362,2361,94.44,14.44,09:40:00,09:40:10,80.0,100.0,Week3_Behaviour_Dataset/data/videos/Unibo_scan_windows_clean.mp4
scan_09_40,363,2362,94.48,14.48,09:40:00,09:40:10,80.0,100.0,Week3_Behaviour_Dataset/data/videos/Unibo_scan_windows_clean.mp4
scan_09_40,364,2363,94.52,14.52,09:40:00,09:40:10,80.0,100.0,Week3_Behaviour_Dataset/data/videos/Unibo_scan_windows_clean.mp4
scan_09_40,365,2364,94.56,14.56,09:40:00,09:40:10,80.0,100.0,Week3_Behaviour_Dataset/data/videos/Unibo_scan_windows_clean.mp4
scan_09_40,366,2365,94.6,14.6,09:40:00,09:40:10,80.0,100.0,Week3_Behaviour_Dataset/data/videos/Unibo_scan_windows_clean.mp4
scan_09_40,367,2366,94.64,14.64,09:40:00,09:40:10,80.0,100.0,Week3_Behaviour_Dataset/data/videos/Unibo_scan_windows_clean.mp4
scan_09_40,368,2367,94.68,14.68,09:40:00,09:40:10,80.0,100.0,Week3_Behaviour_Dataset/data/videos/Unibo_scan_windows_clean.mp4
scan_09_40,369,2368,94.72,14.72,09:40:00,09:40:10,80.0,100.0,Week3_Behaviour_Dataset/data/videos/Unibo_scan_windows_clean.mp4
scan_09_40,370,2369,94.76,14.76,09:40:00,09:40:10,80.0,100.0,Week3_Behaviour_Dataset/data/videos/Unibo_scan_windows_clean.mp4
scan_09_40,371,2370,94.8,14.8,09:40:00,09:40:10,80.0,100.0,Week3_Behaviour_Dataset/data/videos/Unibo_scan_windows_clean.mp4
scan_09_40,372,2371,94.84,14.84,09:40:00,09:40:10,80.0,100.0,Week3_Behaviour_Dataset/data/videos/Unibo_scan_windows_clean.mp4
scan_09_40,373,2372,94.88,14.88,09:40:00,09:40:10,80.0,100.0,Week3_Behaviour_Dataset/data/videos/Unibo_scan_windows_clean.mp4
scan_09_40,374,2373,94.92,14.92,09:40:00,09:40:10,80.0,100.0,Week3_Behaviour_Dataset/data/videos/Unibo_scan_windows_clean.mp4
scan_09_40,375,2374,94.96,14.96,09:40:00,09:40:10,80.0,100.0,Week3_Behaviour_Dataset/data/videos/Unibo_scan_windows_clean.mp4
scan_09_40,376,2375,95.0,15.0,09:40:00,09:40:10,80.0,100.0,Week3_Behaviour_Dataset/data/videos/Unibo_scan_windows_clean.mp4
scan_09_40,377,2376,95.04,15.04,09:40:00,09:40:10,80.0,100.0,Week3_Behaviour_Dataset/data/videos/Unibo_scan_windows_clean.mp4
scan_09_40,378,2377,95.08,15.08,09:40:00,09:40:10,80.0,100.0,Week3_Behaviour_Dataset/data/videos/Unibo_scan_windows_clean.mp4
scan_09_40,379,2378,95.12,15.12,09:40:00,09:40:10,80.0,100.0,Week3_Behaviour_Dataset/data/videos/Unibo_scan_windows_clean.mp4
scan_09_40,380,2379,95.16,15.16,09:40:00,09:40:10,80.0,100.0,Week3_Behaviour_Dataset/data/videos/Unibo_scan_windows_clean.mp4
scan_09_40,381,2380,95.2,15.2,09:40:00,09:40:10,80.0,100.0,Week3_Behaviour_Dataset/data/videos/Unibo_scan_windows_clean.mp4
scan_09_40,382,2381,95.24,15.24,09:40:00,09:40:10,80.0,100.0,Week3_Behaviour_Dataset/data/videos/Unibo_scan_windows_clean.mp4
scan_09_40,383,2382,95.28,15.28,09:40:00,09:40:10,80.0,100.0,Week3_Behaviour_Dataset/data/videos/Unibo_scan_windows_clean.mp4
scan_09_40,384,2383,95.32,15.32,09:40:00,09:40:10,80.0,100.0,Week3_Behaviour_Dataset/data/videos/Unibo_scan_windows_clean.mp4
scan_09_40,385,2384,95.36,15.36,09:40:00,09:40:10,80.0,100.0,Week3_Behaviour_Dataset/data/videos/Unibo_scan_windows_clean.mp4
scan_09_40,386,2385,95.4,15.4,09:40:00,09:40:10,80.0,100.0,Week3_Behaviour_Dataset/data/videos/Unibo_scan_windows_clean.mp4
scan_09_40,387,2386,95.44,15.44,09:40:00,09:40:10,80.0,100.0,Week3_Behaviour_Dataset/data/videos/Unibo_scan_windows_clean.mp4
scan_09_40,388,2387,95.48,15.48,09:40:00,09:40:10,80.0,100.0,Week3_Behaviour_Dataset/data/videos/Unibo_scan_windows_clean.mp4
scan_09_40,389,2388,95.52,15.52,09:40:00,09:40:10,80.0,100.0,Week3_Behaviour_Dataset/data/videos/Unibo_scan_windows_clean.mp4
scan_09_40,390,2389,95.56,15.56,09:40:00,09:40:10,80.0,100.0,Week3_Behaviour_Dataset/data/videos/Unibo_scan_windows_clean.mp4
scan_09_40,391,2390,95.6,15.6,09:40:00,09:40:10,80.0,100.0,Week3_Behaviour_Dataset/data/videos/Unibo_scan_windows_clean.mp4
scan_09_40,392,2391,95.64,15.64,09:40:00,09:40:10,80.0,100.0,Week3_Behaviour_Dataset/data/videos/Unibo_scan_windows_clean.mp4
scan_09_40,393,2392,95.68,15.68,09:40:00,09:40:10,80.0,100.0,Week3_Behaviour_Dataset/data/videos/Unibo_scan_windows_clean.mp4
scan_09_40,394,2393,95.72,15.72,09:40:00,09:40:10,80.0,100.0,Week3_Behaviour_Dataset/data/videos/Unibo_scan_windows_clean.mp4
scan_09_40,395,2394,95.76,15.76,09:40:00,09:40:10,80.0,100.0,Week3_Behaviour_Dataset/data/videos/Unibo_scan_windows_clean.mp4
scan_09_40,396,2395,95.8,15.8,09:40:00,09:40:10,80.0,100.0,Week3_Behaviour_Dataset/data/videos/Unibo_scan_windows_clean.mp4
scan_09_40,397,2396,95.84,15.84,09:40:00,09:40:10,80.0,100.0,Week3_Behaviour_Dataset/data/videos/Unibo_scan_windows_clean.mp4
scan_09_40,398,2397,95.88,15.88,09:40:00,09:40:10,80.0,100.0,Week3_Behaviour_Dataset/data/videos/Unibo_scan_windows_clean.mp4
scan_09_40,399,2398,95.92,15.92,09:40:00,09:40:10,80.0,100.0,Week3_Behaviour_Dataset/data/videos/Unibo_scan_windows_clean.mp4
scan_09_40,400,2399,95.96,15.96,09:40:00,09:40:10,80.0,100.0,Week3_Behaviour_Dataset/data/videos/Unibo_scan_windows_clean.mp4
scan_09_40,401,2400,96.0,16.0,09:40:00,09:40:10,80.0,100.0,Week3_Behaviour_Dataset/data/videos/Unibo_scan_windows_clean.mp4
scan_09_40,402,2401,96.04,16.04,09:40:00,09:40:10,80.0,100.0,Week3_Behaviour_Dataset/data/videos/Unibo_scan_windows_clean.mp4
scan_09_40,403,2402,96.08,16.08,09:40:00,09:40:10,80.0,100.0,Week3_Behaviour_Dataset/data/videos/Unibo_scan_windows_clean.mp4
scan_09_40,404,2403,96.12,16.12,09:40:00,09:40:10,80.0,100.0,Week3_Behaviour_Dataset/data/videos/Unibo_scan_windows_clean.mp4
scan_09_40,405,2404,96.16,16.16,09:40:00,09:40:10,80.0,100.0,Week3_Behaviour_Dataset/data/videos/Unibo_scan_windows_clean.mp4
scan_09_40,406,2405,96.2,16.2,09:40:00,09:40:10,80.0,100.0,Week3_Behaviour_Dataset/data/videos/Unibo_scan_windows_clean.mp4
scan_09_40,407,2406,96.24,16.24,09:40:00,09:40:10,80.0,100.0,Week3_Behaviour_Dataset/data/videos/Unibo_scan_windows_clean.mp4
scan_09_40,408,2407,96.28,16.28,09:40:00,09:40:10,80.0,100.0,Week3_Behaviour_Dataset/data/videos/Unibo_scan_windows_clean.mp4
scan_09_40,409,2408,96.32,16.32,09:40:00,09:40:10,80.0,100.0,Week3_Behaviour_Dataset/data/videos/Unibo_scan_windows_clean.mp4
scan_09_40,410,2409,96.36,16.36,09:40:00,09:40:10,80.0,100.0,Week3_Behaviour_Dataset/data/videos/Unibo_scan_windows_clean.mp4
scan_09_40,411,2410,96.4,16.4,09:40:00,09:40:10,80.0,100.0,Week3_Behaviour_Dataset/data/videos/Unibo_scan_windows_clean.mp4
scan_09_40,412,2411,96.44,16.44,09:40:00,09:40:10,80.0,100.0,Week3_Behaviour_Dataset/data/videos/Unibo_scan_windows_clean.mp4
scan_09_40,413,2412,96.48,16.48,09:40:00,09:40:10,80.0,100.0,Week3_Behaviour_Dataset/data/videos/Unibo_scan_windows_clean.mp4
scan_09_40,414,2413,96.52,16.52,09:40:00,09:40:10,80.0,100.0,Week3_Behaviour_Dataset/data/videos/Unibo_scan_windows_clean.mp4
scan_09_40,415,2414,96.56,16.56,09:40:00,09:40:10,80.0,100.0,Week3_Behaviour_Dataset/data/videos/Unibo_scan_windows_clean.mp4
scan_09_40,416,2415,96.6,16.6,09:40:00,09:40:10,80.0,100.0,Week3_Behaviour_Dataset/data/videos/Unibo_scan_windows_clean.mp4
scan_09_40,417,2416,96.64,16.64,09:40:00,09:40:10,80.0,100.0,Week3_Behaviour_Dataset/data/videos/Unibo_scan_windows_clean.mp4
scan_09_40,418,2417,96.68,16.68,09:40:00,09:40:10,80.0,100.0,Week3_Behaviour_Dataset/data/videos/Unibo_scan_windows_clean.mp4
scan_09_40,419,2418,96.72,16.72,09:40:00,09:40:10,80.0,100.0,Week3_Behaviour_Dataset/data/videos/Unibo_scan_windows_clean.mp4
scan_09_40,420,2419,96.76,16.76,09:40:00,09:40:10,80.0,100.0,Week3_Behaviour_Dataset/data/videos/Unibo_scan_windows_clean.mp4
scan_09_40,421,2420,96.8,16.8,09:40:00,09:40:10,80.0,100.0,Week3_Behaviour_Dataset/data/videos/Unibo_scan_windows_clean.mp4
scan_09_40,422,2421,96.84,16.84,09:40:00,09:40:10,80.0,100.0,Week3_Behaviour_Dataset/data/videos/Unibo_scan_windows_clean.mp4
scan_09_40,423,2422,96.88,16.88,09:40:00,09:40:10,80.0,100.0,Week3_Behaviour_Dataset/data/videos/Unibo_scan_windows_clean.mp4
scan_09_40,424,2423,96.92,16.92,09:40:00,09:40:10,80.0,100.0,Week3_Behaviour_Dataset/data/videos/Unibo_scan_windows_clean.mp4
scan_09_40,425,2424,96.96,16.96,09:40:00,09:40:10,80.0,100.0,Week3_Behaviour_Dataset/data/videos/Unibo_scan_windows_clean.mp4
scan_09_40,426,2425,97.0,17.0,09:40:00,09:40:10,80.0,100.0,Week3_Behaviour_Dataset/data/videos/Unibo_scan_windows_clean.mp4
scan_09_40,427,2426,97.04,17.04,09:40:00,09:40:10,80.0,100.0,Week3_Behaviour_Dataset/data/videos/Unibo_scan_windows_clean.mp4
scan_09_40,428,2427,97.08,17.08,09:40:00,09:40:10,80.0,100.0,Week3_Behaviour_Dataset/data/videos/Unibo_scan_windows_clean.mp4
scan_09_40,429,2428,97.12,17.12,09:40:00,09:40:10,80.0,100.0,Week3_Behaviour_Dataset/data/videos/Unibo_scan_windows_clean.mp4
scan_09_40,430,2429,97.16,17.16,09:40:00,09:40:10,80.0,100.0,Week3_Behaviour_Dataset/data/videos/Unibo_scan_windows_clean.mp4
scan_09_40,431,2430,97.2,17.2,09:40:00,09:40:10,80.0,100.0,Week3_Behaviour_Dataset/data/videos/Unibo_scan_windows_clean.mp4
scan_09_40,432,2431,97.24,17.24,09:40:00,09:40:10,80.0,100.0,Week3_Behaviour_Dataset/data/videos/Unibo_scan_windows_clean.mp4
scan_09_40,433,2432,97.28,17.28,09:40:00,09:40:10,80.0,100.0,Week3_Behaviour_Dataset/data/videos/Unibo_scan_windows_clean.mp4
scan_09_40,434,2433,97.32,17.32,09:40:00,09:40:10,80.0,100.0,Week3_Behaviour_Dataset/data/videos/Unibo_scan_windows_clean.mp4
scan_09_40,435,2434,97.36,17.36,09:40:00,09:40:10,80.0,100.0,Week3_Behaviour_Dataset/data/videos/Unibo_scan_windows_clean.mp4
scan_09_40,436,2435,97.4,17.4,09:40:00,09:40:10,80.0,100.0,Week3_Behaviour_Dataset/data/videos/Unibo_scan_windows_clean.mp4
scan_09_40,437,2436,97.44,17.44,09:40:00,09:40:10,80.0,100.0,Week3_Behaviour_Dataset/data/videos/Unibo_scan_windows_clean.mp4
scan_09_40,438,2437,97.48,17.48,09:40:00,09:40:10,80.0,100.0,Week3_Behaviour_Dataset/data/videos/Unibo_scan_windows_clean.mp4
scan_09_40,439,2438,97.52,17.52,09:40:00,09:40:10,80.0,100.0,Week3_Behaviour_Dataset/data/videos/Unibo_scan_windows_clean.mp4
scan_09_40,440,2439,97.56,17.56,09:40:00,09:40:10,80.0,100.0,Week3_Behaviour_Dataset/data/videos/Unibo_scan_windows_clean.mp4
scan_09_40,441,2440,97.6,17.6,09:40:00,09:40:10,80.0,100.0,Week3_Behaviour_Dataset/data/videos/Unibo_scan_windows_clean.mp4
scan_09_40,442,2441,97.64,17.64,09:40:00,09:40:10,80.0,100.0,Week3_Behaviour_Dataset/data/videos/Unibo_scan_windows_clean.mp4
scan_09_40,443,2442,97.68,17.68,09:40:00,09:40:10,80.0,100.0,Week3_Behaviour_Dataset/data/videos/Unibo_scan_windows_clean.mp4
scan_09_40,444,2443,97.72,17.72,09:40:00,09:40:10,80.0,100.0,Week3_Behaviour_Dataset/data/videos/Unibo_scan_windows_clean.mp4
scan_09_40,445,2444,97.76,17.76,09:40:00,09:40:10,80.0,100.0,Week3_Behaviour_Dataset/data/videos/Unibo_scan_windows_clean.mp4
scan_09_40,446,2445,97.8,17.8,09:40:00,09:40:10,80.0,100.0,Week3_Behaviour_Dataset/data/videos/Unibo_scan_windows_clean.mp4
scan_09_40,447,2446,97.84,17.84,09:40:00,09:40:10,80.0,100.0,Week3_Behaviour_Dataset/data/videos/Unibo_scan_windows_clean.mp4
scan_09_40,448,2447,97.88,17.88,09:40:00,09:40:10,80.0,100.0,Week3_Behaviour_Dataset/data/videos/Unibo_scan_windows_clean.mp4
scan_09_40,449,2448,97.92,17.92,09:40:00,09:40:10,80.0,100.0,Week3_Behaviour_Dataset/data/videos/Unibo_scan_windows_clean.mp4
scan_09_40,450,2449,97.96,17.96,09:40:00,09:40:10,80.0,100.0,Week3_Behaviour_Dataset/data/videos/Unibo_scan_windows_clean.mp4
scan_09_40,451,2450,98.0,18.0,09:40:00,09:40:10,80.0,100.0,Week3_Behaviour_Dataset/data/videos/Unibo_scan_windows_clean.mp4
scan_09_40,452,2451,98.04,18.04,09:40:00,09:40:10,80.0,100.0,Week3_Behaviour_Dataset/data/videos/Unibo_scan_windows_clean.mp4
scan_09_40,453,2452,98.08,18.08,09:40:00,09:40:10,80.0,100.0,Week3_Behaviour_Dataset/data/videos/Unibo_scan_windows_clean.mp4
scan_09_40,454,2453,98.12,18.12,09:40:00,09:40:10,80.0,100.0,Week3_Behaviour_Dataset/data/videos/Unibo_scan_windows_clean.mp4
scan_09_40,455,2454,98.16,18.16,09:40:00,09:40:10,80.0,100.0,Week3_Behaviour_Dataset/data/videos/Unibo_scan_windows_clean.mp4
scan_09_40,456,2455,98.2,18.2,09:40:00,09:40:10,80.0,100.0,Week3_Behaviour_Dataset/data/videos/Unibo_scan_windows_clean.mp4
scan_09_40,457,2456,98.24,18.24,09:40:00,09:40:10,80.0,100.0,Week3_Behaviour_Dataset/data/videos/Unibo_scan_windows_clean.mp4
scan_09_40,458,2457,98.28,18.28,09:40:00,09:40:10,80.0,100.0,Week3_Behaviour_Dataset/data/videos/Unibo_scan_windows_clean.mp4
scan_09_40,459,2458,98.32,18.32,09:40:00,09:40:10,80.0,100.0,Week3_Behaviour_Dataset/data/videos/Unibo_scan_windows_clean.mp4
scan_09_40,460,2459,98.36,18.36,09:40:00,09:40:10,80.0,100.0,Week3_Behaviour_Dataset/data/videos/Unibo_scan_windows_clean.mp4
scan_09_40,461,2460,98.4,18.4,09:40:00,09:40:10,80.0,100.0,Week3_Behaviour_Dataset/data/videos/Unibo_scan_windows_clean.mp4
scan_09_40,462,2461,98.44,18.44,09:40:00,09:40:10,80.0,100.0,Week3_Behaviour_Dataset/data/videos/Unibo_scan_windows_clean.mp4
scan_09_40,463,2462,98.48,18.48,09:40:00,09:40:10,80.0,100.0,Week3_Behaviour_Dataset/data/videos/Unibo_scan_windows_clean.mp4
scan_09_40,464,2463,98.52,18.52,09:40:00,09:40:10,80.0,100.0,Week3_Behaviour_Dataset/data/videos/Unibo_scan_windows_clean.mp4
scan_09_40,465,2464,98.56,18.56,09:40:00,09:40:10,80.0,100.0,Week3_Behaviour_Dataset/data/videos/Unibo_scan_windows_clean.mp4
scan_09_40,466,2465,98.6,18.6,09:40:00,09:40:10,80.0,100.0,Week3_Behaviour_Dataset/data/videos/Unibo_scan_windows_clean.mp4
scan_09_40,467,2466,98.64,18.64,09:40:00,09:40:10,80.0,100.0,Week3_Behaviour_Dataset/data/videos/Unibo_scan_windows_clean.mp4
scan_09_40,468,2467,98.68,18.68,09:40:00,09:40:10,80.0,100.0,Week3_Behaviour_Dataset/data/videos/Unibo_scan_windows_clean.mp4
scan_09_40,469,2468,98.72,18.72,09:40:00,09:40:10,80.0,100.0,Week3_Behaviour_Dataset/data/videos/Unibo_scan_windows_clean.mp4
scan_09_40,470,2469,98.76,18.76,09:40:00,09:40:10,80.0,100.0,Week3_Behaviour_Dataset/data/videos/Unibo_scan_windows_clean.mp4
scan_09_40,471,2470,98.8,18.8,09:40:00,09:40:10,80.0,100.0,Week3_Behaviour_Dataset/data/videos/Unibo_scan_windows_clean.mp4
scan_09_40,472,2471,98.84,18.84,09:40:00,09:40:10,80.0,100.0,Week3_Behaviour_Dataset/data/videos/Unibo_scan_windows_clean.mp4
scan_09_40,473,2472,98.88,18.88,09:40:00,09:40:10,80.0,100.0,Week3_Behaviour_Dataset/data/videos/Unibo_scan_windows_clean.mp4
scan_09_40,474,2473,98.92,18.92,09:40:00,09:40:10,80.0,100.0,Week3_Behaviour_Dataset/data/videos/Unibo_scan_windows_clean.mp4
scan_09_40,475,2474,98.96,18.96,09:40:00,09:40:10,80.0,100.0,Week3_Behaviour_Dataset/data/videos/Unibo_scan_windows_clean.mp4
scan_09_40,476,2475,99.0,19.0,09:40:00,09:40:10,80.0,100.0,Week3_Behaviour_Dataset/data/videos/Unibo_scan_windows_clean.mp4
scan_09_40,477,2476,99.04,19.04,09:40:00,09:40:10,80.0,100.0,Week3_Behaviour_Dataset/data/videos/Unibo_scan_windows_clean.mp4
scan_09_40,478,2477,99.08,19.08,09:40:00,09:40:10,80.0,100.0,Week3_Behaviour_Dataset/data/videos/Unibo_scan_windows_clean.mp4
scan_09_40,479,2478,99.12,19.12,09:40:00,09:40:10,80.0,100.0,Week3_Behaviour_Dataset/data/videos/Unibo_scan_windows_clean.mp4
scan_09_40,480,2479,99.16,19.16,09:40:00,09:40:10,80.0,100.0,Week3_Behaviour_Dataset/data/videos/Unibo_scan_windows_clean.mp4
scan_09_40,481,2480,99.2,19.2,09:40:00,09:40:10,80.0,100.0,Week3_Behaviour_Dataset/data/videos/Unibo_scan_windows_clean.mp4
scan_09_40,482,2481,99.24,19.24,09:40:00,09:40:10,80.0,100.0,Week3_Behaviour_Dataset/data/videos/Unibo_scan_windows_clean.mp4
scan_09_40,483,2482,99.28,19.28,09:40:00,09:40:10,80.0,100.0,Week3_Behaviour_Dataset/data/videos/Unibo_scan_windows_clean.mp4
scan_09_40,484,2483,99.32,19.32,09:40:00,09:40:10,80.0,100.0,Week3_Behaviour_Dataset/data/videos/Unibo_scan_windows_clean.mp4
scan_09_40,485,2484,99.36,19.36,09:40:00,09:40:10,80.0,100.0,Week3_Behaviour_Dataset/data/videos/Unibo_scan_windows_clean.mp4
scan_09_40,486,2485,99.4,19.4,09:40:00,09:40:10,80.0,100.0,Week3_Behaviour_Dataset/data/videos/Unibo_scan_windows_clean.mp4
scan_09_40,487,2486,99.44,19.44,09:40:00,09:40:10,80.0,100.0,Week3_Behaviour_Dataset/data/videos/Unibo_scan_windows_clean.mp4
scan_09_40,488,2487,99.48,19.48,09:40:00,09:40:10,80.0,100.0,Week3_Behaviour_Dataset/data/videos/Unibo_scan_windows_clean.mp4
scan_09_40,489,2488,99.52,19.52,09:40:00,09:40:10,80.0,100.0,Week3_Behaviour_Dataset/data/videos/Unibo_scan_windows_clean.mp4
scan_09_40,490,2489,99.56,19.56,09:40:00,09:40:10,80.0,100.0,Week3_Behaviour_Dataset/data/videos/Unibo_scan_windows_clean.mp4
scan_09_40,491,2490,99.6,19.6,09:40:00,09:40:10,80.0,100.0,Week3_Behaviour_Dataset/data/videos/Unibo_scan_windows_clean.mp4
scan_09_40,492,2491,99.64,19.64,09:40:00,09:40:10,80.0,100.0,Week3_Behaviour_Dataset/data/videos/Unibo_scan_windows_clean.mp4
scan_09_40,493,2492,99.68,19.68,09:40:00,09:40:10,80.0,100.0,Week3_Behaviour_Dataset/data/videos/Unibo_scan_windows_clean.mp4
scan_09_40,494,2493,99.72,19.72,09:40:00,09:40:10,80.0,100.0,Week3_Behaviour_Dataset/data/videos/Unibo_scan_windows_clean.mp4
scan_09_40,495,2494,99.76,19.76,09:40:00,09:40:10,80.0,100.0,Week3_Behaviour_Dataset/data/videos/Unibo_scan_windows_clean.mp4
scan_09_40,496,2495,99.8,19.8,09:40:00,09:40:10,80.0,100.0,Week3_Behaviour_Dataset/data/videos/Unibo_scan_windows_clean.mp4
scan_09_40,497,2496,99.84,19.84,09:40:00,09:40:10,80.0,100.0,Week3_Behaviour_Dataset/data/videos/Unibo_scan_windows_clean.mp4
scan_09_40,498,2497,99.88,19.88,09:40:00,09:40:10,80.0,100.0,Week3_Behaviour_Dataset/data/videos/Unibo_scan_windows_clean.mp4
scan_09_40,499,2498,99.92,19.92,09:40:00,09:40:10,80.0,100.0,Week3_Behaviour_Dataset/data/videos/Unibo_scan_windows_clean.mp4
scan_09_40,500,2499,99.96,19.96,09:40:00,09:40:10,80.0,100.0,Week3_Behaviour_Dataset/data/videos/Unibo_scan_windows_clean.mp4
scan_09_50,1,2500,100.0,0.0,09:50:00,09:50:10,100.0,113.0,Week3_Behaviour_Dataset/data/videos/Unibo_scan_windows_clean.mp4
scan_09_50,2,2501,100.04,0.04,09:50:00,09:50:10,100.0,113.0,Week3_Behaviour_Dataset/data/videos/Unibo_scan_windows_clean.mp4
scan_09_50,3,2502,100.08,0.08,09:50:00,09:50:10,100.0,113.0,Week3_Behaviour_Dataset/data/videos/Unibo_scan_windows_clean.mp4
scan_09_50,4,2503,100.12,0.12,09:50:00,09:50:10,100.0,113.0,Week3_Behaviour_Dataset/data/videos/Unibo_scan_windows_clean.mp4
scan_09_50,5,2504,100.16,0.16,09:50:00,09:50:10,100.0,113.0,Week3_Behaviour_Dataset/data/videos/Unibo_scan_windows_clean.mp4
scan_09_50,6,2505,100.2,0.2,09:50:00,09:50:10,100.0,113.0,Week3_Behaviour_Dataset/data/videos/Unibo_scan_windows_clean.mp4
scan_09_50,7,2506,100.24,0.24,09:50:00,09:50:10,100.0,113.0,Week3_Behaviour_Dataset/data/videos/Unibo_scan_windows_clean.mp4
scan_09_50,8,2507,100.28,0.28,09:50:00,09:50:10,100.0,113.0,Week3_Behaviour_Dataset/data/videos/Unibo_scan_windows_clean.mp4
scan_09_50,9,2508,100.32,0.32,09:50:00,09:50:10,100.0,113.0,Week3_Behaviour_Dataset/data/videos/Unibo_scan_windows_clean.mp4
scan_09_50,10,2509,100.36,0.36,09:50:00,09:50:10,100.0,113.0,Week3_Behaviour_Dataset/data/videos/Unibo_scan_windows_clean.mp4
scan_09_50,11,2510,100.4,0.4,09:50:00,09:50:10,100.0,113.0,Week3_Behaviour_Dataset/data/videos/Unibo_scan_windows_clean.mp4
scan_09_50,12,2511,100.44,0.44,09:50:00,09:50:10,100.0,113.0,Week3_Behaviour_Dataset/data/videos/Unibo_scan_windows_clean.mp4
scan_09_50,13,2512,100.48,0.48,09:50:00,09:50:10,100.0,113.0,Week3_Behaviour_Dataset/data/videos/Unibo_scan_windows_clean.mp4
scan_09_50,14,2513,100.52,0.52,09:50:00,09:50:10,100.0,113.0,Week3_Behaviour_Dataset/data/videos/Unibo_scan_windows_clean.mp4
scan_09_50,15,2514,100.56,0.56,09:50:00,09:50:10,100.0,113.0,Week3_Behaviour_Dataset/data/videos/Unibo_scan_windows_clean.mp4
scan_09_50,16,2515,100.6,0.6,09:50:00,09:50:10,100.0,113.0,Week3_Behaviour_Dataset/data/videos/Unibo_scan_windows_clean.mp4
scan_09_50,17,2516,100.64,0.64,09:50:00,09:50:10,100.0,113.0,Week3_Behaviour_Dataset/data/videos/Unibo_scan_windows_clean.mp4
scan_09_50,18,2517,100.68,0.68,09:50:00,09:50:10,100.0,113.0,Week3_Behaviour_Dataset/data/videos/Unibo_scan_windows_clean.mp4
scan_09_50,19,2518,100.72,0.72,09:50:00,09:50:10,100.0,113.0,Week3_Behaviour_Dataset/data/videos/Unibo_scan_windows_clean.mp4
scan_09_50,20,2519,100.76,0.76,09:50:00,09:50:10,100.0,113.0,Week3_Behaviour_Dataset/data/videos/Unibo_scan_windows_clean.mp4
scan_09_50,21,2520,100.8,0.8,09:50:00,09:50:10,100.0,113.0,Week3_Behaviour_Dataset/data/videos/Unibo_scan_windows_clean.mp4
scan_09_50,22,2521,100.84,0.84,09:50:00,09:50:10,100.0,113.0,Week3_Behaviour_Dataset/data/videos/Unibo_scan_windows_clean.mp4
scan_09_50,23,2522,100.88,0.88,09:50:00,09:50:10,100.0,113.0,Week3_Behaviour_Dataset/data/videos/Unibo_scan_windows_clean.mp4
scan_09_50,24,2523,100.92,0.92,09:50:00,09:50:10,100.0,113.0,Week3_Behaviour_Dataset/data/videos/Unibo_scan_windows_clean.mp4
scan_09_50,25,2524,100.96,0.96,09:50:00,09:50:10,100.0,113.0,Week3_Behaviour_Dataset/data/videos/Unibo_scan_windows_clean.mp4
scan_09_50,26,2525,101.0,1.0,09:50:00,09:50:10,100.0,113.0,Week3_Behaviour_Dataset/data/videos/Unibo_scan_windows_clean.mp4
scan_09_50,27,2526,101.04,1.04,09:50:00,09:50:10,100.0,113.0,Week3_Behaviour_Dataset/data/videos/Unibo_scan_windows_clean.mp4
scan_09_50,28,2527,101.08,1.08,09:50:00,09:50:10,100.0,113.0,Week3_Behaviour_Dataset/data/videos/Unibo_scan_windows_clean.mp4
scan_09_50,29,2528,101.12,1.12,09:50:00,09:50:10,100.0,113.0,Week3_Behaviour_Dataset/data/videos/Unibo_scan_windows_clean.mp4
scan_09_50,30,2529,101.16,1.16,09:50:00,09:50:10,100.0,113.0,Week3_Behaviour_Dataset/data/videos/Unibo_scan_windows_clean.mp4
scan_09_50,31,2530,101.2,1.2,09:50:00,09:50:10,100.0,113.0,Week3_Behaviour_Dataset/data/videos/Unibo_scan_windows_clean.mp4
scan_09_50,32,2531,101.24,1.24,09:50:00,09:50:10,100.0,113.0,Week3_Behaviour_Dataset/data/videos/Unibo_scan_windows_clean.mp4
scan_09_50,33,2532,101.28,1.28,09:50:00,09:50:10,100.0,113.0,Week3_Behaviour_Dataset/data/videos/Unibo_scan_windows_clean.mp4
scan_09_50,34,2533,101.32,1.32,09:50:00,09:50:10,100.0,113.0,Week3_Behaviour_Dataset/data/videos/Unibo_scan_windows_clean.mp4
scan_09_50,35,2534,101.36,1.36,09:50:00,09:50:10,100.0,113.0,Week3_Behaviour_Dataset/data/videos/Unibo_scan_windows_clean.mp4
scan_09_50,36,2535,101.4,1.4,09:50:00,09:50:10,100.0,113.0,Week3_Behaviour_Dataset/data/videos/Unibo_scan_windows_clean.mp4
scan_09_50,37,2536,101.44,1.44,09:50:00,09:50:10,100.0,113.0,Week3_Behaviour_Dataset/data/videos/Unibo_scan_windows_clean.mp4
scan_09_50,38,2537,101.48,1.48,09:50:00,09:50:10,100.0,113.0,Week3_Behaviour_Dataset/data/videos/Unibo_scan_windows_clean.mp4
scan_09_50,39,2538,101.52,1.52,09:50:00,09:50:10,100.0,113.0,Week3_Behaviour_Dataset/data/videos/Unibo_scan_windows_clean.mp4
scan_09_50,40,2539,101.56,1.56,09:50:00,09:50:10,100.0,113.0,Week3_Behaviour_Dataset/data/videos/Unibo_scan_windows_clean.mp4
scan_09_50,41,2540,101.6,1.6,09:50:00,09:50:10,100.0,113.0,Week3_Behaviour_Dataset/data/videos/Unibo_scan_windows_clean.mp4
scan_09_50,42,2541,101.64,1.64,09:50:00,09:50:10,100.0,113.0,Week3_Behaviour_Dataset/data/videos/Unibo_scan_windows_clean.mp4
scan_09_50,43,2542,101.68,1.68,09:50:00,09:50:10,100.0,113.0,Week3_Behaviour_Dataset/data/videos/Unibo_scan_windows_clean.mp4
scan_09_50,44,2543,101.72,1.72,09:50:00,09:50:10,100.0,113.0,Week3_Behaviour_Dataset/data/videos/Unibo_scan_windows_clean.mp4
scan_09_50,45,2544,101.76,1.76,09:50:00,09:50:10,100.0,113.0,Week3_Behaviour_Dataset/data/videos/Unibo_scan_windows_clean.mp4
scan_09_50,46,2545,101.8,1.8,09:50:00,09:50:10,100.0,113.0,Week3_Behaviour_Dataset/data/videos/Unibo_scan_windows_clean.mp4
scan_09_50,47,2546,101.84,1.84,09:50:00,09:50:10,100.0,113.0,Week3_Behaviour_Dataset/data/videos/Unibo_scan_windows_clean.mp4
scan_09_50,48,2547,101.88,1.88,09:50:00,09:50:10,100.0,113.0,Week3_Behaviour_Dataset/data/videos/Unibo_scan_windows_clean.mp4
scan_09_50,49,2548,101.92,1.92,09:50:00,09:50:10,100.0,113.0,Week3_Behaviour_Dataset/data/videos/Unibo_scan_windows_clean.mp4
scan_09_50,50,2549,101.96,1.96,09:50:00,09:50:10,100.0,113.0,Week3_Behaviour_Dataset/data/videos/Unibo_scan_windows_clean.mp4
scan_09_50,51,2550,102.0,2.0,09:50:00,09:50:10,100.0,113.0,Week3_Behaviour_Dataset/data/videos/Unibo_scan_windows_clean.mp4
scan_09_50,52,2551,102.04,2.04,09:50:00,09:50:10,100.0,113.0,Week3_Behaviour_Dataset/data/videos/Unibo_scan_windows_clean.mp4
scan_09_50,53,2552,102.08,2.08,09:50:00,09:50:10,100.0,113.0,Week3_Behaviour_Dataset/data/videos/Unibo_scan_windows_clean.mp4
scan_09_50,54,2553,102.12,2.12,09:50:00,09:50:10,100.0,113.0,Week3_Behaviour_Dataset/data/videos/Unibo_scan_windows_clean.mp4
scan_09_50,55,2554,102.16,2.16,09:50:00,09:50:10,100.0,113.0,Week3_Behaviour_Dataset/data/videos/Unibo_scan_windows_clean.mp4
scan_09_50,56,2555,102.2,2.2,09:50:00,09:50:10,100.0,113.0,Week3_Behaviour_Dataset/data/videos/Unibo_scan_windows_clean.mp4
scan_09_50,57,2556,102.24,2.24,09:50:00,09:50:10,100.0,113.0,Week3_Behaviour_Dataset/data/videos/Unibo_scan_windows_clean.mp4
scan_09_50,58,2557,102.28,2.28,09:50:00,09:50:10,100.0,113.0,Week3_Behaviour_Dataset/data/videos/Unibo_scan_windows_clean.mp4
scan_09_50,59,2558,102.32,2.32,09:50:00,09:50:10,100.0,113.0,Week3_Behaviour_Dataset/data/videos/Unibo_scan_windows_clean.mp4
scan_09_50,60,2559,102.36,2.36,09:50:00,09:50:10,100.0,113.0,Week3_Behaviour_Dataset/data/videos/Unibo_scan_windows_clean.mp4
scan_09_50,61,2560,102.4,2.4,09:50:00,09:50:10,100.0,113.0,Week3_Behaviour_Dataset/data/videos/Unibo_scan_windows_clean.mp4
scan_09_50,62,2561,102.44,2.44,09:50:00,09:50:10,100.0,113.0,Week3_Behaviour_Dataset/data/videos/Unibo_scan_windows_clean.mp4
scan_09_50,63,2562,102.48,2.48,09:50:00,09:50:10,100.0,113.0,Week3_Behaviour_Dataset/data/videos/Unibo_scan_windows_clean.mp4
scan_09_50,64,2563,102.52,2.52,09:50:00,09:50:10,100.0,113.0,Week3_Behaviour_Dataset/data/videos/Unibo_scan_windows_clean.mp4
scan_09_50,65,2564,102.56,2.56,09:50:00,09:50:10,100.0,113.0,Week3_Behaviour_Dataset/data/videos/Unibo_scan_windows_clean.mp4
scan_09_50,66,2565,102.6,2.6,09:50:00,09:50:10,100.0,113.0,Week3_Behaviour_Dataset/data/videos/Unibo_scan_windows_clean.mp4
scan_09_50,67,2566,102.64,2.64,09:50:00,09:50:10,100.0,113.0,Week3_Behaviour_Dataset/data/videos/Unibo_scan_windows_clean.mp4
scan_09_50,68,2567,102.68,2.68,09:50:00,09:50:10,100.0,113.0,Week3_Behaviour_Dataset/data/videos/Unibo_scan_windows_clean.mp4
scan_09_50,69,2568,102.72,2.72,09:50:00,09:50:10,100.0,113.0,Week3_Behaviour_Dataset/data/videos/Unibo_scan_windows_clean.mp4
scan_09_50,70,2569,102.76,2.76,09:50:00,09:50:10,100.0,113.0,Week3_Behaviour_Dataset/data/videos/Unibo_scan_windows_clean.mp4
scan_09_50,71,2570,102.8,2.8,09:50:00,09:50:10,100.0,113.0,Week3_Behaviour_Dataset/data/videos/Unibo_scan_windows_clean.mp4
scan_09_50,72,2571,102.84,2.84,09:50:00,09:50:10,100.0,113.0,Week3_Behaviour_Dataset/data/videos/Unibo_scan_windows_clean.mp4
scan_09_50,73,2572,102.88,2.88,09:50:00,09:50:10,100.0,113.0,Week3_Behaviour_Dataset/data/videos/Unibo_scan_windows_clean.mp4
scan_09_50,74,2573,102.92,2.92,09:50:00,09:50:10,100.0,113.0,Week3_Behaviour_Dataset/data/videos/Unibo_scan_windows_clean.mp4
scan_09_50,75,2574,102.96,2.96,09:50:00,09:50:10,100.0,113.0,Week3_Behaviour_Dataset/data/videos/Unibo_scan_windows_clean.mp4
scan_09_50,76,2575,103.0,3.0,09:50:00,09:50:10,100.0,113.0,Week3_Behaviour_Dataset/data/videos/Unibo_scan_windows_clean.mp4
scan_09_50,77,2576,103.04,3.04,09:50:00,09:50:10,100.0,113.0,Week3_Behaviour_Dataset/data/videos/Unibo_scan_windows_clean.mp4
scan_09_50,78,2577,103.08,3.08,09:50:00,09:50:10,100.0,113.0,Week3_Behaviour_Dataset/data/videos/Unibo_scan_windows_clean.mp4
scan_09_50,79,2578,103.12,3.12,09:50:00,09:50:10,100.0,113.0,Week3_Behaviour_Dataset/data/videos/Unibo_scan_windows_clean.mp4
scan_09_50,80,2579,103.16,3.16,09:50:00,09:50:10,100.0,113.0,Week3_Behaviour_Dataset/data/videos/Unibo_scan_windows_clean.mp4
scan_09_50,81,2580,103.2,3.2,09:50:00,09:50:10,100.0,113.0,Week3_Behaviour_Dataset/data/videos/Unibo_scan_windows_clean.mp4
scan_09_50,82,2581,103.24,3.24,09:50:00,09:50:10,100.0,113.0,Week3_Behaviour_Dataset/data/videos/Unibo_scan_windows_clean.mp4
scan_09_50,83,2582,103.28,3.28,09:50:00,09:50:10,100.0,113.0,Week3_Behaviour_Dataset/data/videos/Unibo_scan_windows_clean.mp4
scan_09_50,84,2583,103.32,3.32,09:50:00,09:50:10,100.0,113.0,Week3_Behaviour_Dataset/data/videos/Unibo_scan_windows_clean.mp4
scan_09_50,85,2584,103.36,3.36,09:50:00,09:50:10,100.0,113.0,Week3_Behaviour_Dataset/data/videos/Unibo_scan_windows_clean.mp4
scan_09_50,86,2585,103.4,3.4,09:50:00,09:50:10,100.0,113.0,Week3_Behaviour_Dataset/data/videos/Unibo_scan_windows_clean.mp4
scan_09_50,87,2586,103.44,3.44,09:50:00,09:50:10,100.0,113.0,Week3_Behaviour_Dataset/data/videos/Unibo_scan_windows_clean.mp4
scan_09_50,88,2587,103.48,3.48,09:50:00,09:50:10,100.0,113.0,Week3_Behaviour_Dataset/data/videos/Unibo_scan_windows_clean.mp4
scan_09_50,89,2588,103.52,3.52,09:50:00,09:50:10,100.0,113.0,Week3_Behaviour_Dataset/data/videos/Unibo_scan_windows_clean.mp4
scan_09_50,90,2589,103.56,3.56,09:50:00,09:50:10,100.0,113.0,Week3_Behaviour_Dataset/data/videos/Unibo_scan_windows_clean.mp4
scan_09_50,91,2590,103.6,3.6,09:50:00,09:50:10,100.0,113.0,Week3_Behaviour_Dataset/data/videos/Unibo_scan_windows_clean.mp4
scan_09_50,92,2591,103.64,3.64,09:50:00,09:50:10,100.0,113.0,Week3_Behaviour_Dataset/data/videos/Unibo_scan_windows_clean.mp4
scan_09_50,93,2592,103.68,3.68,09:50:00,09:50:10,100.0,113.0,Week3_Behaviour_Dataset/data/videos/Unibo_scan_windows_clean.mp4
scan_09_50,94,2593,103.72,3.72,09:50:00,09:50:10,100.0,113.0,Week3_Behaviour_Dataset/data/videos/Unibo_scan_windows_clean.mp4
scan_09_50,95,2594,103.76,3.76,09:50:00,09:50:10,100.0,113.0,Week3_Behaviour_Dataset/data/videos/Unibo_scan_windows_clean.mp4
scan_09_50,96,2595,103.8,3.8,09:50:00,09:50:10,100.0,113.0,Week3_Behaviour_Dataset/data/videos/Unibo_scan_windows_clean.mp4
scan_09_50,97,2596,103.84,3.84,09:50:00,09:50:10,100.0,113.0,Week3_Behaviour_Dataset/data/videos/Unibo_scan_windows_clean.mp4
scan_09_50,98,2597,103.88,3.88,09:50:00,09:50:10,100.0,113.0,Week3_Behaviour_Dataset/data/videos/Unibo_scan_windows_clean.mp4
scan_09_50,99,2598,103.92,3.92,09:50:00,09:50:10,100.0,113.0,Week3_Behaviour_Dataset/data/videos/Unibo_scan_windows_clean.mp4
scan_09_50,100,2599,103.96,3.96,09:50:00,09:50:10,100.0,113.0,Week3_Behaviour_Dataset/data/videos/Unibo_scan_windows_clean.mp4
scan_09_50,101,2600,104.0,4.0,09:50:00,09:50:10,100.0,113.0,Week3_Behaviour_Dataset/data/videos/Unibo_scan_windows_clean.mp4
scan_09_50,102,2601,104.04,4.04,09:50:00,09:50:10,100.0,113.0,Week3_Behaviour_Dataset/data/videos/Unibo_scan_windows_clean.mp4
scan_09_50,103,2602,104.08,4.08,09:50:00,09:50:10,100.0,113.0,Week3_Behaviour_Dataset/data/videos/Unibo_scan_windows_clean.mp4
scan_09_50,104,2603,104.12,4.12,09:50:00,09:50:10,100.0,113.0,Week3_Behaviour_Dataset/data/videos/Unibo_scan_windows_clean.mp4
scan_09_50,105,2604,104.16,4.16,09:50:00,09:50:10,100.0,113.0,Week3_Behaviour_Dataset/data/videos/Unibo_scan_windows_clean.mp4
scan_09_50,106,2605,104.2,4.2,09:50:00,09:50:10,100.0,113.0,Week3_Behaviour_Dataset/data/videos/Unibo_scan_windows_clean.mp4
scan_09_50,107,2606,104.24,4.24,09:50:00,09:50:10,100.0,113.0,Week3_Behaviour_Dataset/data/videos/Unibo_scan_windows_clean.mp4
scan_09_50,108,2607,104.28,4.28,09:50:00,09:50:10,100.0,113.0,Week3_Behaviour_Dataset/data/videos/Unibo_scan_windows_clean.mp4
scan_09_50,109,2608,104.32,4.32,09:50:00,09:50:10,100.0,113.0,Week3_Behaviour_Dataset/data/videos/Unibo_scan_windows_clean.mp4
scan_09_50,110,2609,104.36,4.36,09:50:00,09:50:10,100.0,113.0,Week3_Behaviour_Dataset/data/videos/Unibo_scan_windows_clean.mp4
scan_09_50,111,2610,104.4,4.4,09:50:00,09:50:10,100.0,113.0,Week3_Behaviour_Dataset/data/videos/Unibo_scan_windows_clean.mp4
scan_09_50,112,2611,104.44,4.44,09:50:00,09:50:10,100.0,113.0,Week3_Behaviour_Dataset/data/videos/Unibo_scan_windows_clean.mp4
scan_09_50,113,2612,104.48,4.48,09:50:00,09:50:10,100.0,113.0,Week3_Behaviour_Dataset/data/videos/Unibo_scan_windows_clean.mp4
scan_09_50,114,2613,104.52,4.52,09:50:00,09:50:10,100.0,113.0,Week3_Behaviour_Dataset/data/videos/Unibo_scan_windows_clean.mp4
scan_09_50,115,2614,104.56,4.56,09:50:00,09:50:10,100.0,113.0,Week3_Behaviour_Dataset/data/videos/Unibo_scan_windows_clean.mp4
scan_09_50,116,2615,104.6,4.6,09:50:00,09:50:10,100.0,113.0,Week3_Behaviour_Dataset/data/videos/Unibo_scan_windows_clean.mp4
scan_09_50,117,2616,104.64,4.64,09:50:00,09:50:10,100.0,113.0,Week3_Behaviour_Dataset/data/videos/Unibo_scan_windows_clean.mp4
scan_09_50,118,2617,104.68,4.68,09:50:00,09:50:10,100.0,113.0,Week3_Behaviour_Dataset/data/videos/Unibo_scan_windows_clean.mp4
scan_09_50,119,2618,104.72,4.72,09:50:00,09:50:10,100.0,113.0,Week3_Behaviour_Dataset/data/videos/Unibo_scan_windows_clean.mp4
scan_09_50,120,2619,104.76,4.76,09:50:00,09:50:10,100.0,113.0,Week3_Behaviour_Dataset/data/videos/Unibo_scan_windows_clean.mp4
scan_09_50,121,2620,104.8,4.8,09:50:00,09:50:10,100.0,113.0,Week3_Behaviour_Dataset/data/videos/Unibo_scan_windows_clean.mp4
scan_09_50,122,2621,104.84,4.84,09:50:00,09:50:10,100.0,113.0,Week3_Behaviour_Dataset/data/videos/Unibo_scan_windows_clean.mp4
scan_09_50,123,2622,104.88,4.88,09:50:00,09:50:10,100.0,113.0,Week3_Behaviour_Dataset/data/videos/Unibo_scan_windows_clean.mp4
scan_09_50,124,2623,104.92,4.92,09:50:00,09:50:10,100.0,113.0,Week3_Behaviour_Dataset/data/videos/Unibo_scan_windows_clean.mp4
scan_09_50,125,2624,104.96,4.96,09:50:00,09:50:10,100.0,113.0,Week3_Behaviour_Dataset/data/videos/Unibo_scan_windows_clean.mp4
scan_09_50,126,2625,105.0,5.0,09:50:00,09:50:10,100.0,113.0,Week3_Behaviour_Dataset/data/videos/Unibo_scan_windows_clean.mp4
scan_09_50,127,2626,105.04,5.04,09:50:00,09:50:10,100.0,113.0,Week3_Behaviour_Dataset/data/videos/Unibo_scan_windows_clean.mp4
scan_09_50,128,2627,105.08,5.08,09:50:00,09:50:10,100.0,113.0,Week3_Behaviour_Dataset/data/videos/Unibo_scan_windows_clean.mp4
scan_09_50,129,2628,105.12,5.12,09:50:00,09:50:10,100.0,113.0,Week3_Behaviour_Dataset/data/videos/Unibo_scan_windows_clean.mp4
scan_09_50,130,2629,105.16,5.16,09:50:00,09:50:10,100.0,113.0,Week3_Behaviour_Dataset/data/videos/Unibo_scan_windows_clean.mp4
scan_09_50,131,2630,105.2,5.2,09:50:00,09:50:10,100.0,113.0,Week3_Behaviour_Dataset/data/videos/Unibo_scan_windows_clean.mp4
scan_09_50,132,2631,105.24,5.24,09:50:00,09:50:10,100.0,113.0,Week3_Behaviour_Dataset/data/videos/Unibo_scan_windows_clean.mp4
scan_09_50,133,2632,105.28,5.28,09:50:00,09:50:10,100.0,113.0,Week3_Behaviour_Dataset/data/videos/Unibo_scan_windows_clean.mp4
scan_09_50,134,2633,105.32,5.32,09:50:00,09:50:10,100.0,113.0,Week3_Behaviour_Dataset/data/videos/Unibo_scan_windows_clean.mp4
scan_09_50,135,2634,105.36,5.36,09:50:00,09:50:10,100.0,113.0,Week3_Behaviour_Dataset/data/videos/Unibo_scan_windows_clean.mp4
scan_09_50,136,2635,105.4,5.4,09:50:00,09:50:10,100.0,113.0,Week3_Behaviour_Dataset/data/videos/Unibo_scan_windows_clean.mp4
scan_09_50,137,2636,105.44,5.44,09:50:00,09:50:10,100.0,113.0,Week3_Behaviour_Dataset/data/videos/Unibo_scan_windows_clean.mp4
scan_09_50,138,2637,105.48,5.48,09:50:00,09:50:10,100.0,113.0,Week3_Behaviour_Dataset/data/videos/Unibo_scan_windows_clean.mp4
scan_09_50,139,2638,105.52,5.52,09:50:00,09:50:10,100.0,113.0,Week3_Behaviour_Dataset/data/videos/Unibo_scan_windows_clean.mp4
scan_09_50,140,2639,105.56,5.56,09:50:00,09:50:10,100.0,113.0,Week3_Behaviour_Dataset/data/videos/Unibo_scan_windows_clean.mp4
scan_09_50,141,2640,105.6,5.6,09:50:00,09:50:10,100.0,113.0,Week3_Behaviour_Dataset/data/videos/Unibo_scan_windows_clean.mp4
scan_09_50,142,2641,105.64,5.64,09:50:00,09:50:10,100.0,113.0,Week3_Behaviour_Dataset/data/videos/Unibo_scan_windows_clean.mp4
scan_09_50,143,2642,105.68,5.68,09:50:00,09:50:10,100.0,113.0,Week3_Behaviour_Dataset/data/videos/Unibo_scan_windows_clean.mp4
scan_09_50,144,2643,105.72,5.72,09:50:00,09:50:10,100.0,113.0,Week3_Behaviour_Dataset/data/videos/Unibo_scan_windows_clean.mp4
scan_09_50,145,2644,105.76,5.76,09:50:00,09:50:10,100.0,113.0,Week3_Behaviour_Dataset/data/videos/Unibo_scan_windows_clean.mp4
scan_09_50,146,2645,105.8,5.8,09:50:00,09:50:10,100.0,113.0,Week3_Behaviour_Dataset/data/videos/Unibo_scan_windows_clean.mp4
scan_09_50,147,2646,105.84,5.84,09:50:00,09:50:10,100.0,113.0,Week3_Behaviour_Dataset/data/videos/Unibo_scan_windows_clean.mp4
scan_09_50,148,2647,105.88,5.88,09:50:00,09:50:10,100.0,113.0,Week3_Behaviour_Dataset/data/videos/Unibo_scan_windows_clean.mp4
scan_09_50,149,2648,105.92,5.92,09:50:00,09:50:10,100.0,113.0,Week3_Behaviour_Dataset/data/videos/Unibo_scan_windows_clean.mp4
scan_09_50,150,2649,105.96,5.96,09:50:00,09:50:10,100.0,113.0,Week3_Behaviour_Dataset/data/videos/Unibo_scan_windows_clean.mp4
scan_09_50,151,2650,106.0,6.0,09:50:00,09:50:10,100.0,113.0,Week3_Behaviour_Dataset/data/videos/Unibo_scan_windows_clean.mp4
scan_09_50,152,2651,106.04,6.04,09:50:00,09:50:10,100.0,113.0,Week3_Behaviour_Dataset/data/videos/Unibo_scan_windows_clean.mp4
scan_09_50,153,2652,106.08,6.08,09:50:00,09:50:10,100.0,113.0,Week3_Behaviour_Dataset/data/videos/Unibo_scan_windows_clean.mp4
scan_09_50,154,2653,106.12,6.12,09:50:00,09:50:10,100.0,113.0,Week3_Behaviour_Dataset/data/videos/Unibo_scan_windows_clean.mp4
scan_09_50,155,2654,106.16,6.16,09:50:00,09:50:10,100.0,113.0,Week3_Behaviour_Dataset/data/videos/Unibo_scan_windows_clean.mp4
scan_09_50,156,2655,106.2,6.2,09:50:00,09:50:10,100.0,113.0,Week3_Behaviour_Dataset/data/videos/Unibo_scan_windows_clean.mp4
scan_09_50,157,2656,106.24,6.24,09:50:00,09:50:10,100.0,113.0,Week3_Behaviour_Dataset/data/videos/Unibo_scan_windows_clean.mp4
scan_09_50,158,2657,106.28,6.28,09:50:00,09:50:10,100.0,113.0,Week3_Behaviour_Dataset/data/videos/Unibo_scan_windows_clean.mp4
scan_09_50,159,2658,106.32,6.32,09:50:00,09:50:10,100.0,113.0,Week3_Behaviour_Dataset/data/videos/Unibo_scan_windows_clean.mp4
scan_09_50,160,2659,106.36,6.36,09:50:00,09:50:10,100.0,113.0,Week3_Behaviour_Dataset/data/videos/Unibo_scan_windows_clean.mp4
scan_09_50,161,2660,106.4,6.4,09:50:00,09:50:10,100.0,113.0,Week3_Behaviour_Dataset/data/videos/Unibo_scan_windows_clean.mp4
scan_09_50,162,2661,106.44,6.44,09:50:00,09:50:10,100.0,113.0,Week3_Behaviour_Dataset/data/videos/Unibo_scan_windows_clean.mp4
scan_09_50,163,2662,106.48,6.48,09:50:00,09:50:10,100.0,113.0,Week3_Behaviour_Dataset/data/videos/Unibo_scan_windows_clean.mp4
scan_09_50,164,2663,106.52,6.52,09:50:00,09:50:10,100.0,113.0,Week3_Behaviour_Dataset/data/videos/Unibo_scan_windows_clean.mp4
scan_09_50,165,2664,106.56,6.56,09:50:00,09:50:10,100.0,113.0,Week3_Behaviour_Dataset/data/videos/Unibo_scan_windows_clean.mp4
scan_09_50,166,2665,106.6,6.6,09:50:00,09:50:10,100.0,113.0,Week3_Behaviour_Dataset/data/videos/Unibo_scan_windows_clean.mp4
scan_09_50,167,2666,106.64,6.64,09:50:00,09:50:10,100.0,113.0,Week3_Behaviour_Dataset/data/videos/Unibo_scan_windows_clean.mp4
scan_09_50,168,2667,106.68,6.68,09:50:00,09:50:10,100.0,113.0,Week3_Behaviour_Dataset/data/videos/Unibo_scan_windows_clean.mp4
scan_09_50,169,2668,106.72,6.72,09:50:00,09:50:10,100.0,113.0,Week3_Behaviour_Dataset/data/videos/Unibo_scan_windows_clean.mp4
scan_09_50,170,2669,106.76,6.76,09:50:00,09:50:10,100.0,113.0,Week3_Behaviour_Dataset/data/videos/Unibo_scan_windows_clean.mp4
scan_09_50,171,2670,106.8,6.8,09:50:00,09:50:10,100.0,113.0,Week3_Behaviour_Dataset/data/videos/Unibo_scan_windows_clean.mp4
scan_09_50,172,2671,106.84,6.84,09:50:00,09:50:10,100.0,113.0,Week3_Behaviour_Dataset/data/videos/Unibo_scan_windows_clean.mp4
scan_09_50,173,2672,106.88,6.88,09:50:00,09:50:10,100.0,113.0,Week3_Behaviour_Dataset/data/videos/Unibo_scan_windows_clean.mp4
scan_09_50,174,2673,106.92,6.92,09:50:00,09:50:10,100.0,113.0,Week3_Behaviour_Dataset/data/videos/Unibo_scan_windows_clean.mp4
scan_09_50,175,2674,106.96,6.96,09:50:00,09:50:10,100.0,113.0,Week3_Behaviour_Dataset/data/videos/Unibo_scan_windows_clean.mp4
scan_09_50,176,2675,107.0,7.0,09:50:00,09:50:10,100.0,113.0,Week3_Behaviour_Dataset/data/videos/Unibo_scan_windows_clean.mp4
scan_09_50,177,2676,107.04,7.04,09:50:00,09:50:10,100.0,113.0,Week3_Behaviour_Dataset/data/videos/Unibo_scan_windows_clean.mp4
scan_09_50,178,2677,107.08,7.08,09:50:00,09:50:10,100.0,113.0,Week3_Behaviour_Dataset/data/videos/Unibo_scan_windows_clean.mp4
scan_09_50,179,2678,107.12,7.12,09:50:00,09:50:10,100.0,113.0,Week3_Behaviour_Dataset/data/videos/Unibo_scan_windows_clean.mp4
scan_09_50,180,2679,107.16,7.16,09:50:00,09:50:10,100.0,113.0,Week3_Behaviour_Dataset/data/videos/Unibo_scan_windows_clean.mp4
scan_09_50,181,2680,107.2,7.2,09:50:00,09:50:10,100.0,113.0,Week3_Behaviour_Dataset/data/videos/Unibo_scan_windows_clean.mp4
scan_09_50,182,2681,107.24,7.24,09:50:00,09:50:10,100.0,113.0,Week3_Behaviour_Dataset/data/videos/Unibo_scan_windows_clean.mp4
scan_09_50,183,2682,107.28,7.28,09:50:00,09:50:10,100.0,113.0,Week3_Behaviour_Dataset/data/videos/Unibo_scan_windows_clean.mp4
scan_09_50,184,2683,107.32,7.32,09:50:00,09:50:10,100.0,113.0,Week3_Behaviour_Dataset/data/videos/Unibo_scan_windows_clean.mp4
scan_09_50,185,2684,107.36,7.36,09:50:00,09:50:10,100.0,113.0,Week3_Behaviour_Dataset/data/videos/Unibo_scan_windows_clean.mp4
scan_09_50,186,2685,107.4,7.4,09:50:00,09:50:10,100.0,113.0,Week3_Behaviour_Dataset/data/videos/Unibo_scan_windows_clean.mp4
scan_09_50,187,2686,107.44,7.44,09:50:00,09:50:10,100.0,113.0,Week3_Behaviour_Dataset/data/videos/Unibo_scan_windows_clean.mp4
scan_09_50,188,2687,107.48,7.48,09:50:00,09:50:10,100.0,113.0,Week3_Behaviour_Dataset/data/videos/Unibo_scan_windows_clean.mp4
scan_09_50,189,2688,107.52,7.52,09:50:00,09:50:10,100.0,113.0,Week3_Behaviour_Dataset/data/videos/Unibo_scan_windows_clean.mp4
scan_09_50,190,2689,107.56,7.56,09:50:00,09:50:10,100.0,113.0,Week3_Behaviour_Dataset/data/videos/Unibo_scan_windows_clean.mp4
scan_09_50,191,2690,107.6,7.6,09:50:00,09:50:10,100.0,113.0,Week3_Behaviour_Dataset/data/videos/Unibo_scan_windows_clean.mp4
scan_09_50,192,2691,107.64,7.64,09:50:00,09:50:10,100.0,113.0,Week3_Behaviour_Dataset/data/videos/Unibo_scan_windows_clean.mp4
scan_09_50,193,2692,107.68,7.68,09:50:00,09:50:10,100.0,113.0,Week3_Behaviour_Dataset/data/videos/Unibo_scan_windows_clean.mp4
scan_09_50,194,2693,107.72,7.72,09:50:00,09:50:10,100.0,113.0,Week3_Behaviour_Dataset/data/videos/Unibo_scan_windows_clean.mp4
scan_09_50,195,2694,107.76,7.76,09:50:00,09:50:10,100.0,113.0,Week3_Behaviour_Dataset/data/videos/Unibo_scan_windows_clean.mp4
scan_09_50,196,2695,107.8,7.8,09:50:00,09:50:10,100.0,113.0,Week3_Behaviour_Dataset/data/videos/Unibo_scan_windows_clean.mp4
scan_09_50,197,2696,107.84,7.84,09:50:00,09:50:10,100.0,113.0,Week3_Behaviour_Dataset/data/videos/Unibo_scan_windows_clean.mp4
scan_09_50,198,2697,107.88,7.88,09:50:00,09:50:10,100.0,113.0,Week3_Behaviour_Dataset/data/videos/Unibo_scan_windows_clean.mp4
scan_09_50,199,2698,107.92,7.92,09:50:00,09:50:10,100.0,113.0,Week3_Behaviour_Dataset/data/videos/Unibo_scan_windows_clean.mp4
scan_09_50,200,2699,107.96,7.96,09:50:00,09:50:10,100.0,113.0,Week3_Behaviour_Dataset/data/videos/Unibo_scan_windows_clean.mp4
scan_09_50,201,2700,108.0,8.0,09:50:00,09:50:10,100.0,113.0,Week3_Behaviour_Dataset/data/videos/Unibo_scan_windows_clean.mp4
scan_09_50,202,2701,108.04,8.04,09:50:00,09:50:10,100.0,113.0,Week3_Behaviour_Dataset/data/videos/Unibo_scan_windows_clean.mp4
scan_09_50,203,2702,108.08,8.08,09:50:00,09:50:10,100.0,113.0,Week3_Behaviour_Dataset/data/videos/Unibo_scan_windows_clean.mp4
scan_09_50,204,2703,108.12,8.12,09:50:00,09:50:10,100.0,113.0,Week3_Behaviour_Dataset/data/videos/Unibo_scan_windows_clean.mp4
scan_09_50,205,2704,108.16,8.16,09:50:00,09:50:10,100.0,113.0,Week3_Behaviour_Dataset/data/videos/Unibo_scan_windows_clean.mp4
scan_09_50,206,2705,108.2,8.2,09:50:00,09:50:10,100.0,113.0,Week3_Behaviour_Dataset/data/videos/Unibo_scan_windows_clean.mp4
scan_09_50,207,2706,108.24,8.24,09:50:00,09:50:10,100.0,113.0,Week3_Behaviour_Dataset/data/videos/Unibo_scan_windows_clean.mp4
scan_09_50,208,2707,108.28,8.28,09:50:00,09:50:10,100.0,113.0,Week3_Behaviour_Dataset/data/videos/Unibo_scan_windows_clean.mp4
scan_09_50,209,2708,108.32,8.32,09:50:00,09:50:10,100.0,113.0,Week3_Behaviour_Dataset/data/videos/Unibo_scan_windows_clean.mp4
scan_09_50,210,2709,108.36,8.36,09:50:00,09:50:10,100.0,113.0,Week3_Behaviour_Dataset/data/videos/Unibo_scan_windows_clean.mp4
scan_09_50,211,2710,108.4,8.4,09:50:00,09:50:10,100.0,113.0,Week3_Behaviour_Dataset/data/videos/Unibo_scan_windows_clean.mp4
scan_09_50,212,2711,108.44,8.44,09:50:00,09:50:10,100.0,113.0,Week3_Behaviour_Dataset/data/videos/Unibo_scan_windows_clean.mp4
scan_09_50,213,2712,108.48,8.48,09:50:00,09:50:10,100.0,113.0,Week3_Behaviour_Dataset/data/videos/Unibo_scan_windows_clean.mp4
scan_09_50,214,2713,108.52,8.52,09:50:00,09:50:10,100.0,113.0,Week3_Behaviour_Dataset/data/videos/Unibo_scan_windows_clean.mp4
scan_09_50,215,2714,108.56,8.56,09:50:00,09:50:10,100.0,113.0,Week3_Behaviour_Dataset/data/videos/Unibo_scan_windows_clean.mp4
scan_09_50,216,2715,108.6,8.6,09:50:00,09:50:10,100.0,113.0,Week3_Behaviour_Dataset/data/videos/Unibo_scan_windows_clean.mp4
scan_09_50,217,2716,108.64,8.64,09:50:00,09:50:10,100.0,113.0,Week3_Behaviour_Dataset/data/videos/Unibo_scan_windows_clean.mp4
scan_09_50,218,2717,108.68,8.68,09:50:00,09:50:10,100.0,113.0,Week3_Behaviour_Dataset/data/videos/Unibo_scan_windows_clean.mp4
scan_09_50,219,2718,108.72,8.72,09:50:00,09:50:10,100.0,113.0,Week3_Behaviour_Dataset/data/videos/Unibo_scan_windows_clean.mp4
scan_09_50,220,2719,108.76,8.76,09:50:00,09:50:10,100.0,113.0,Week3_Behaviour_Dataset/data/videos/Unibo_scan_windows_clean.mp4
scan_09_50,221,2720,108.8,8.8,09:50:00,09:50:10,100.0,113.0,Week3_Behaviour_Dataset/data/videos/Unibo_scan_windows_clean.mp4
scan_09_50,222,2721,108.84,8.84,09:50:00,09:50:10,100.0,113.0,Week3_Behaviour_Dataset/data/videos/Unibo_scan_windows_clean.mp4
scan_09_50,223,2722,108.88,8.88,09:50:00,09:50:10,100.0,113.0,Week3_Behaviour_Dataset/data/videos/Unibo_scan_windows_clean.mp4
scan_09_50,224,2723,108.92,8.92,09:50:00,09:50:10,100.0,113.0,Week3_Behaviour_Dataset/data/videos/Unibo_scan_windows_clean.mp4
scan_09_50,225,2724,108.96,8.96,09:50:00,09:50:10,100.0,113.0,Week3_Behaviour_Dataset/data/videos/Unibo_scan_windows_clean.mp4
scan_09_50,226,2725,109.0,9.0,09:50:00,09:50:10,100.0,113.0,Week3_Behaviour_Dataset/data/videos/Unibo_scan_windows_clean.mp4
scan_09_50,227,2726,109.04,9.04,09:50:00,09:50:10,100.0,113.0,Week3_Behaviour_Dataset/data/videos/Unibo_scan_windows_clean.mp4
scan_09_50,228,2727,109.08,9.08,09:50:00,09:50:10,100.0,113.0,Week3_Behaviour_Dataset/data/videos/Unibo_scan_windows_clean.mp4
scan_09_50,229,2728,109.12,9.12,09:50:00,09:50:10,100.0,113.0,Week3_Behaviour_Dataset/data/videos/Unibo_scan_windows_clean.mp4
scan_09_50,230,2729,109.16,9.16,09:50:00,09:50:10,100.0,113.0,Week3_Behaviour_Dataset/data/videos/Unibo_scan_windows_clean.mp4
scan_09_50,231,2730,109.2,9.2,09:50:00,09:50:10,100.0,113.0,Week3_Behaviour_Dataset/data/videos/Unibo_scan_windows_clean.mp4
scan_09_50,232,2731,109.24,9.24,09:50:00,09:50:10,100.0,113.0,Week3_Behaviour_Dataset/data/videos/Unibo_scan_windows_clean.mp4
scan_09_50,233,2732,109.28,9.28,09:50:00,09:50:10,100.0,113.0,Week3_Behaviour_Dataset/data/videos/Unibo_scan_windows_clean.mp4
scan_09_50,234,2733,109.32,9.32,09:50:00,09:50:10,100.0,113.0,Week3_Behaviour_Dataset/data/videos/Unibo_scan_windows_clean.mp4
scan_09_50,235,2734,109.36,9.36,09:50:00,09:50:10,100.0,113.0,Week3_Behaviour_Dataset/data/videos/Unibo_scan_windows_clean.mp4
scan_09_50,236,2735,109.4,9.4,09:50:00,09:50:10,100.0,113.0,Week3_Behaviour_Dataset/data/videos/Unibo_scan_windows_clean.mp4
scan_09_50,237,2736,109.44,9.44,09:50:00,09:50:10,100.0,113.0,Week3_Behaviour_Dataset/data/videos/Unibo_scan_windows_clean.mp4
scan_09_50,238,2737,109.48,9.48,09:50:00,09:50:10,100.0,113.0,Week3_Behaviour_Dataset/data/videos/Unibo_scan_windows_clean.mp4
scan_09_50,239,2738,109.52,9.52,09:50:00,09:50:10,100.0,113.0,Week3_Behaviour_Dataset/data/videos/Unibo_scan_windows_clean.mp4
scan_09_50,240,2739,109.56,9.56,09:50:00,09:50:10,100.0,113.0,Week3_Behaviour_Dataset/data/videos/Unibo_scan_windows_clean.mp4
scan_09_50,241,2740,109.6,9.6,09:50:00,09:50:10,100.0,113.0,Week3_Behaviour_Dataset/data/videos/Unibo_scan_windows_clean.mp4
scan_09_50,242,2741,109.64,9.64,09:50:00,09:50:10,100.0,113.0,Week3_Behaviour_Dataset/data/videos/Unibo_scan_windows_clean.mp4
scan_09_50,243,2742,109.68,9.68,09:50:00,09:50:10,100.0,113.0,Week3_Behaviour_Dataset/data/videos/Unibo_scan_windows_clean.mp4
scan_09_50,244,2743,109.72,9.72,09:50:00,09:50:10,100.0,113.0,Week3_Behaviour_Dataset/data/videos/Unibo_scan_windows_clean.mp4
scan_09_50,245,2744,109.76,9.76,09:50:00,09:50:10,100.0,113.0,Week3_Behaviour_Dataset/data/videos/Unibo_scan_windows_clean.mp4
scan_09_50,246,2745,109.8,9.8,09:50:00,09:50:10,100.0,113.0,Week3_Behaviour_Dataset/data/videos/Unibo_scan_windows_clean.mp4
scan_09_50,247,2746,109.84,9.84,09:50:00,09:50:10,100.0,113.0,Week3_Behaviour_Dataset/data/videos/Unibo_scan_windows_clean.mp4
scan_09_50,248,2747,109.88,9.88,09:50:00,09:50:10,100.0,113.0,Week3_Behaviour_Dataset/data/videos/Unibo_scan_windows_clean.mp4
scan_09_50,249,2748,109.92,9.92,09:50:00,09:50:10,100.0,113.0,Week3_Behaviour_Dataset/data/videos/Unibo_scan_windows_clean.mp4
scan_09_50,250,2749,109.96,9.96,09:50:00,09:50:10,100.0,113.0,Week3_Behaviour_Dataset/data/videos/Unibo_scan_windows_clean.mp4
scan_09_50,251,2750,110.0,10.0,09:50:00,09:50:10,100.0,113.0,Week3_Behaviour_Dataset/data/videos/Unibo_scan_windows_clean.mp4
scan_09_50,252,2751,110.04,10.04,09:50:00,09:50:10,100.0,113.0,Week3_Behaviour_Dataset/data/videos/Unibo_scan_windows_clean.mp4
scan_09_50,253,2752,110.08,10.08,09:50:00,09:50:10,100.0,113.0,Week3_Behaviour_Dataset/data/videos/Unibo_scan_windows_clean.mp4
scan_09_50,254,2753,110.12,10.12,09:50:00,09:50:10,100.0,113.0,Week3_Behaviour_Dataset/data/videos/Unibo_scan_windows_clean.mp4
scan_09_50,255,2754,110.16,10.16,09:50:00,09:50:10,100.0,113.0,Week3_Behaviour_Dataset/data/videos/Unibo_scan_windows_clean.mp4
scan_09_50,256,2755,110.2,10.2,09:50:00,09:50:10,100.0,113.0,Week3_Behaviour_Dataset/data/videos/Unibo_scan_windows_clean.mp4
scan_09_50,257,2756,110.24,10.24,09:50:00,09:50:10,100.0,113.0,Week3_Behaviour_Dataset/data/videos/Unibo_scan_windows_clean.mp4
scan_09_50,258,2757,110.28,10.28,09:50:00,09:50:10,100.0,113.0,Week3_Behaviour_Dataset/data/videos/Unibo_scan_windows_clean.mp4
scan_09_50,259,2758,110.32,10.32,09:50:00,09:50:10,100.0,113.0,Week3_Behaviour_Dataset/data/videos/Unibo_scan_windows_clean.mp4
scan_09_50,260,2759,110.36,10.36,09:50:00,09:50:10,100.0,113.0,Week3_Behaviour_Dataset/data/videos/Unibo_scan_windows_clean.mp4
scan_09_50,261,2760,110.4,10.4,09:50:00,09:50:10,100.0,113.0,Week3_Behaviour_Dataset/data/videos/Unibo_scan_windows_clean.mp4
scan_09_50,262,2761,110.44,10.44,09:50:00,09:50:10,100.0,113.0,Week3_Behaviour_Dataset/data/videos/Unibo_scan_windows_clean.mp4
scan_09_50,263,2762,110.48,10.48,09:50:00,09:50:10,100.0,113.0,Week3_Behaviour_Dataset/data/videos/Unibo_scan_windows_clean.mp4
scan_09_50,264,2763,110.52,10.52,09:50:00,09:50:10,100.0,113.0,Week3_Behaviour_Dataset/data/videos/Unibo_scan_windows_clean.mp4
scan_09_50,265,2764,110.56,10.56,09:50:00,09:50:10,100.0,113.0,Week3_Behaviour_Dataset/data/videos/Unibo_scan_windows_clean.mp4
scan_09_50,266,2765,110.6,10.6,09:50:00,09:50:10,100.0,113.0,Week3_Behaviour_Dataset/data/videos/Unibo_scan_windows_clean.mp4
scan_09_50,267,2766,110.64,10.64,09:50:00,09:50:10,100.0,113.0,Week3_Behaviour_Dataset/data/videos/Unibo_scan_windows_clean.mp4
scan_09_50,268,2767,110.68,10.68,09:50:00,09:50:10,100.0,113.0,Week3_Behaviour_Dataset/data/videos/Unibo_scan_windows_clean.mp4
scan_09_50,269,2768,110.72,10.72,09:50:00,09:50:10,100.0,113.0,Week3_Behaviour_Dataset/data/videos/Unibo_scan_windows_clean.mp4
scan_09_50,270,2769,110.76,10.76,09:50:00,09:50:10,100.0,113.0,Week3_Behaviour_Dataset/data/videos/Unibo_scan_windows_clean.mp4
scan_09_50,271,2770,110.8,10.8,09:50:00,09:50:10,100.0,113.0,Week3_Behaviour_Dataset/data/videos/Unibo_scan_windows_clean.mp4
scan_09_50,272,2771,110.84,10.84,09:50:00,09:50:10,100.0,113.0,Week3_Behaviour_Dataset/data/videos/Unibo_scan_windows_clean.mp4
scan_09_50,273,2772,110.88,10.88,09:50:00,09:50:10,100.0,113.0,Week3_Behaviour_Dataset/data/videos/Unibo_scan_windows_clean.mp4
scan_09_50,274,2773,110.92,10.92,09:50:00,09:50:10,100.0,113.0,Week3_Behaviour_Dataset/data/videos/Unibo_scan_windows_clean.mp4
scan_09_50,275,2774,110.96,10.96,09:50:00,09:50:10,100.0,113.0,Week3_Behaviour_Dataset/data/videos/Unibo_scan_windows_clean.mp4
scan_09_50,276,2775,111.0,11.0,09:50:00,09:50:10,100.0,113.0,Week3_Behaviour_Dataset/data/videos/Unibo_scan_windows_clean.mp4
scan_09_50,277,2776,111.04,11.04,09:50:00,09:50:10,100.0,113.0,Week3_Behaviour_Dataset/data/videos/Unibo_scan_windows_clean.mp4
scan_09_50,278,2777,111.08,11.08,09:50:00,09:50:10,100.0,113.0,Week3_Behaviour_Dataset/data/videos/Unibo_scan_windows_clean.mp4
scan_09_50,279,2778,111.12,11.12,09:50:00,09:50:10,100.0,113.0,Week3_Behaviour_Dataset/data/videos/Unibo_scan_windows_clean.mp4
scan_09_50,280,2779,111.16,11.16,09:50:00,09:50:10,100.0,113.0,Week3_Behaviour_Dataset/data/videos/Unibo_scan_windows_clean.mp4
scan_09_50,281,2780,111.2,11.2,09:50:00,09:50:10,100.0,113.0,Week3_Behaviour_Dataset/data/videos/Unibo_scan_windows_clean.mp4
scan_09_50,282,2781,111.24,11.24,09:50:00,09:50:10,100.0,113.0,Week3_Behaviour_Dataset/data/videos/Unibo_scan_windows_clean.mp4
scan_09_50,283,2782,111.28,11.28,09:50:00,09:50:10,100.0,113.0,Week3_Behaviour_Dataset/data/videos/Unibo_scan_windows_clean.mp4
scan_09_50,284,2783,111.32,11.32,09:50:00,09:50:10,100.0,113.0,Week3_Behaviour_Dataset/data/videos/Unibo_scan_windows_clean.mp4
scan_09_50,285,2784,111.36,11.36,09:50:00,09:50:10,100.0,113.0,Week3_Behaviour_Dataset/data/videos/Unibo_scan_windows_clean.mp4
scan_09_50,286,2785,111.4,11.4,09:50:00,09:50:10,100.0,113.0,Week3_Behaviour_Dataset/data/videos/Unibo_scan_windows_clean.mp4
scan_09_50,287,2786,111.44,11.44,09:50:00,09:50:10,100.0,113.0,Week3_Behaviour_Dataset/data/videos/Unibo_scan_windows_clean.mp4
scan_09_50,288,2787,111.48,11.48,09:50:00,09:50:10,100.0,113.0,Week3_Behaviour_Dataset/data/videos/Unibo_scan_windows_clean.mp4
scan_09_50,289,2788,111.52,11.52,09:50:00,09:50:10,100.0,113.0,Week3_Behaviour_Dataset/data/videos/Unibo_scan_windows_clean.mp4
scan_09_50,290,2789,111.56,11.56,09:50:00,09:50:10,100.0,113.0,Week3_Behaviour_Dataset/data/videos/Unibo_scan_windows_clean.mp4
scan_09_50,291,2790,111.6,11.6,09:50:00,09:50:10,100.0,113.0,Week3_Behaviour_Dataset/data/videos/Unibo_scan_windows_clean.mp4
scan_09_50,292,2791,111.64,11.64,09:50:00,09:50:10,100.0,113.0,Week3_Behaviour_Dataset/data/videos/Unibo_scan_windows_clean.mp4
scan_09_50,293,2792,111.68,11.68,09:50:00,09:50:10,100.0,113.0,Week3_Behaviour_Dataset/data/videos/Unibo_scan_windows_clean.mp4
scan_09_50,294,2793,111.72,11.72,09:50:00,09:50:10,100.0,113.0,Week3_Behaviour_Dataset/data/videos/Unibo_scan_windows_clean.mp4
scan_09_50,295,2794,111.76,11.76,09:50:00,09:50:10,100.0,113.0,Week3_Behaviour_Dataset/data/videos/Unibo_scan_windows_clean.mp4
scan_09_50,296,2795,111.8,11.8,09:50:00,09:50:10,100.0,113.0,Week3_Behaviour_Dataset/data/videos/Unibo_scan_windows_clean.mp4
scan_09_50,297,2796,111.84,11.84,09:50:00,09:50:10,100.0,113.0,Week3_Behaviour_Dataset/data/videos/Unibo_scan_windows_clean.mp4
scan_09_50,298,2797,111.88,11.88,09:50:00,09:50:10,100.0,113.0,Week3_Behaviour_Dataset/data/videos/Unibo_scan_windows_clean.mp4
scan_09_50,299,2798,111.92,11.92,09:50:00,09:50:10,100.0,113.0,Week3_Behaviour_Dataset/data/videos/Unibo_scan_windows_clean.mp4
scan_09_50,300,2799,111.96,11.96,09:50:00,09:50:10,100.0,113.0,Week3_Behaviour_Dataset/data/videos/Unibo_scan_windows_clean.mp4
scan_09_50,301,2800,112.0,12.0,09:50:00,09:50:10,100.0,113.0,Week3_Behaviour_Dataset/data/videos/Unibo_scan_windows_clean.mp4
scan_09_50,302,2801,112.04,12.04,09:50:00,09:50:10,100.0,113.0,Week3_Behaviour_Dataset/data/videos/Unibo_scan_windows_clean.mp4
scan_09_50,303,2802,112.08,12.08,09:50:00,09:50:10,100.0,113.0,Week3_Behaviour_Dataset/data/videos/Unibo_scan_windows_clean.mp4
scan_09_50,304,2803,112.12,12.12,09:50:00,09:50:10,100.0,113.0,Week3_Behaviour_Dataset/data/videos/Unibo_scan_windows_clean.mp4
scan_09_50,305,2804,112.16,12.16,09:50:00,09:50:10,100.0,113.0,Week3_Behaviour_Dataset/data/videos/Unibo_scan_windows_clean.mp4
scan_09_50,306,2805,112.2,12.2,09:50:00,09:50:10,100.0,113.0,Week3_Behaviour_Dataset/data/videos/Unibo_scan_windows_clean.mp4
scan_09_50,307,2806,112.24,12.24,09:50:00,09:50:10,100.0,113.0,Week3_Behaviour_Dataset/data/videos/Unibo_scan_windows_clean.mp4
scan_09_50,308,2807,112.28,12.28,09:50:00,09:50:10,100.0,113.0,Week3_Behaviour_Dataset/data/videos/Unibo_scan_windows_clean.mp4
scan_09_50,309,2808,112.32,12.32,09:50:00,09:50:10,100.0,113.0,Week3_Behaviour_Dataset/data/videos/Unibo_scan_windows_clean.mp4
scan_09_50,310,2809,112.36,12.36,09:50:00,09:50:10,100.0,113.0,Week3_Behaviour_Dataset/data/videos/Unibo_scan_windows_clean.mp4
scan_09_50,311,2810,112.4,12.4,09:50:00,09:50:10,100.0,113.0,Week3_Behaviour_Dataset/data/videos/Unibo_scan_windows_clean.mp4
scan_09_50,312,2811,112.44,12.44,09:50:00,09:50:10,100.0,113.0,Week3_Behaviour_Dataset/data/videos/Unibo_scan_windows_clean.mp4
scan_09_50,313,2812,112.48,12.48,09:50:00,09:50:10,100.0,113.0,Week3_Behaviour_Dataset/data/videos/Unibo_scan_windows_clean.mp4
scan_09_50,314,2813,112.52,12.52,09:50:00,09:50:10,100.0,113.0,Week3_Behaviour_Dataset/data/videos/Unibo_scan_windows_clean.mp4
scan_09_50,315,2814,112.56,12.56,09:50:00,09:50:10,100.0,113.0,Week3_Behaviour_Dataset/data/videos/Unibo_scan_windows_clean.mp4
scan_09_50,316,2815,112.6,12.6,09:50:00,09:50:10,100.0,113.0,Week3_Behaviour_Dataset/data/videos/Unibo_scan_windows_clean.mp4
scan_09_50,317,2816,112.64,12.64,09:50:00,09:50:10,100.0,113.0,Week3_Behaviour_Dataset/data/videos/Unibo_scan_windows_clean.mp4
scan_09_50,318,2817,112.68,12.68,09:50:00,09:50:10,100.0,113.0,Week3_Behaviour_Dataset/data/videos/Unibo_scan_windows_clean.mp4
scan_09_50,319,2818,112.72,12.72,09:50:00,09:50:10,100.0,113.0,Week3_Behaviour_Dataset/data/videos/Unibo_scan_windows_clean.mp4
scan_09_50,320,2819,112.76,12.76,09:50:00,09:50:10,100.0,113.0,Week3_Behaviour_Dataset/data/videos/Unibo_scan_windows_clean.mp4
scan_09_50,321,2820,112.8,12.8,09:50:00,09:50:10,100.0,113.0,Week3_Behaviour_Dataset/data/videos/Unibo_scan_windows_clean.mp4
scan_09_50,322,2821,112.84,12.84,09:50:00,09:50:10,100.0,113.0,Week3_Behaviour_Dataset/data/videos/Unibo_scan_windows_clean.mp4
scan_09_50,323,2822,112.88,12.88,09:50:00,09:50:10,100.0,113.0,Week3_Behaviour_Dataset/data/videos/Unibo_scan_windows_clean.mp4
scan_09_50,324,2823,112.92,12.92,09:50:00,09:50:10,100.0,113.0,Week3_Behaviour_Dataset/data/videos/Unibo_scan_windows_clean.mp4
scan_09_50,325,2824,112.96,12.96,09:50:00,09:50:10,100.0,113.0,Week3_Behaviour_Dataset/data/videos/Unibo_scan_windows_clean.mp4
